date,unemp,unempt5w,unemp5tp14w,unemp15ov,unemp15ov,oilimport,ngspot,hcpi,food,sahmrule,discount,localrent,durable,10yinf,kwhcost,sentiment,new_units,altsales,totalsa,ltrucksa,tmaturity,carcpi,newhouses,pempltot,pemplmanuf,pemplfin,laborpart,prodmanuf,overmanuf,wagemanuf,fedsurplus,industry,industrycg,industryut,caput,hcpiurban,stuffcpi,retail,sales,manufsales,manufinv,cbpy30,fedfundseff,treasurymat1,treasurymat5,treasurymat7,treasurymat10
2009-01-01,7.8,3524.0,3662,2065,2065,145.9,5.24,239.801,236.85,2.37,0.13,260.566,151085.0,0.61,0.08,61.2,1442.76792939109,9.573,9.786,5.0,1.71,126.668,12.2,,,,65.7,39.7,2.9,18.01,-63457.0,88.0238,97.0261,115.3506,65.2468,217.631,165.247,298673,979554,368581,538445,6.56,0.15,0.44,1.6,1.98,2.52
2009-02-01,8.3,3450.0,3936,2456,2456,150.9,4.52,239.907,235.199,2.77,0.3,260.003,148834.0,1.12,0.08,56.3,1062.28940765931,9.023,9.223,4.556,1.89,124.405,10.5,,,,65.8,39.6,2.7,18.09,-193859.0,87.2845,97.1131,103.0914,65.3432,217.563,166.58,297631,984028,370125,530391,7.01,0.22,0.62,1.87,2.3,2.87
2009-03-01,8.7,3465.0,4122,2625,2625,171.6,3.96,240.003,235.807,3.13,0.21,260.124,146323.0,1.11,0.08,57.3,1222.9246504223,9.552,9.748,4.751,1.89,122.21,11.0,,,,65.6,39.3,2.6,18.13,-191589.0,86.344,96.5756,96.5369,64.286,217.458,166.142,292300,956201,359215,523409,7.56,0.18,0.64,1.82,2.42,2.82
2009-04-01,9.0,3338.0,4138,2634,2634,188.8,3.5,240.234,231.537,3.53,0.16,260.476,147467.0,1.36,0.082,65.1,1174.16365165647,9.197,9.379,4.552,2.0,121.887,10.7,,,,65.7,39.5,2.7,18.16,-20907.0,84.0124,96.2819,86.9992,63.9651,217.304,166.58,293614,953946,353787,517053,6.99,0.15,0.55,1.86,2.47,2.93
2009-05-01,9.4,3246.0,4458,3049,3049,213.5,3.83,240.937,231.302,3.73,0.18,259.87,149255.0,1.57,0.082,68.7,1213.7333984221302,9.996,10.176,5.032,2.36,122.533,9.3,,,,65.7,39.3,2.8,18.13,-189651.0,84.2023,95.0356,86.4156,63.3746,216.99,167.281,296501,961072,354483,513838,6.82,0.18,0.5,2.13,2.81,3.29
2009-06-01,9.5,3114.0,4052,3488,3488,247.3,3.8,240.69,230.493,3.9,0.18,259.24,147033.0,1.86,0.082,70.8,1263.36902743446,9.956,10.149,4.794,2.54,123.236,8.5,,,,65.7,39.6,2.8,18.18,-94332.0,86.3857,94.6027,96.0927,63.3062,216.955,170.658,302169,977826,361739,507452,6.5,0.21,0.51,2.71,3.37,3.72
2009-07-01,9.5,3137.0,3505,2923,2923,241.8,3.38,240.437,225.822,3.8,0.18,258.839,153691.0,1.74,0.082,66.0,1399.93528966314,11.37,11.566,5.126,2.54,122.844,7.9,,,,65.5,39.9,3.0,18.29,-180680.0,85.8149,95.8736,102.6075,64.4713,216.581,170.456,302802,983449,362449,504096,6.3,0.16,0.48,2.46,3.14,3.56
2009-08-01,9.6,2940.0,3927,2791,2791,259.0,3.14,240.27,227.048,3.67,0.17,258.43,157489.0,1.82,0.082,65.7,1301.7583804722,14.568,14.754,6.363,2.47,125.011,7.5,,,,65.4,40.0,3.0,18.32,-103555.0,88.8133,96.7177,104.4175,65.2998,216.729,171.332,309023,997449,366753,501500,6.01,0.16,0.46,2.57,3.21,3.59
2009-09-01,9.8,2841.0,3775,2908,2908,257.9,2.99,239.56,225.005,3.57,0.12,258.366,158041.0,1.76,0.082,73.5,1637.8254498672595,9.347,9.535,4.34,2.44,127.631,7.8,,,,65.1,40.0,3.1,18.42,-45207.0,88.0479,97.5209,93.6702,66.0612,216.68,171.922,301033,999487,374771,498099,5.79,0.15,0.4,2.37,3.02,3.4
2009-10-01,10.0,3223.0,3552,3006,3006,267.6,4.01,239.402,223.616,3.57,0.07,258.173,161097.0,1.91,0.082,70.6,1522.42821202995,10.371,10.576,4.964,2.44,132.475,7.4,,,,65.0,40.2,3.3,18.38,-176363.0,87.6336,97.7505,88.0427,66.1582,216.942,172.746,304154,1010189,378606,502146,5.76,0.12,0.37,2.33,2.96,3.39
2009-11-01,9.9,2816.0,3457,2847,2847,280.5,3.66,237.594,217.862,3.47,0.05,257.267,160419.0,2.12,0.082,67.4,1146.71184268476,10.817,11.041,5.273,2.6,135.73,7.6,,,,65.0,40.5,3.4,18.42,-120287.0,87.3115,97.1524,88.118,66.957,216.962,173.95,306675,1029230,386354,504770,5.84,0.12,0.31,2.23,2.92,3.4
2009-12-01,9.9,2879.0,3457,2712,2712,274.9,5.35,237.042,222.177,3.07,0.05,256.612,160520.0,2.23,0.082,72.5,1591.6495644109198,11.06,11.284,5.26,2.72,139.376,8.0,,,,64.6,40.6,3.5,18.42,-91410.0,88.0662,97.0714,109.2174,66.9623,216.899,174.106,308413,1038095,390857,505025,5.95,0.12,0.37,2.34,3.07,3.59
2010-01-01,9.8,2921.0,3390,2574,2574,283.2,5.83,237.348,224.937,2.57,0.06,255.886,181016.0,2.36,0.085,74.4,1935.11581399659,10.669,10.893,5.252,2.8,142.829,8.1,96564000.0,9870000.0,6097000.0,64.8,40.8,3.6,18.43,-42634.0,88.9534,97.6993,117.4617,67.8411,216.206,174.876,308343,1046896,396215,505695,5.95,0.11,0.35,2.48,3.21,3.73
2010-02-01,9.8,2807.0,3390,2793,2793,281.0,5.32,237.29,224.994,2.03,0.11,254.311,180450.0,2.27,0.085,73.6,1726.4119243369,10.108,10.315,5.011,2.83,143.173,8.3,96157000.0,9861000.0,6069000.0,64.9,40.5,3.4,18.47,-220909.0,89.0138,96.8898,109.0941,67.9512,216.042,174.321,308568,1050410,394069,510367,6.07,0.13,0.35,2.36,3.12,3.69
2010-03-01,9.9,2769.0,3294,2542,2542,290.1,4.29,236.994,226.913,1.53,0.15,253.922,182148.0,2.22,0.085,73.6,1803.72487693072,11.553,11.772,5.921,2.77,142.377,7.1,96329000.0,9877000.0,6063000.0,64.9,41.0,3.6,18.47,-65387.0,90.0905,97.2329,96.8704,68.9674,216.146,174.137,315984,1070845,401764,512320,5.99,0.16,0.4,2.43,3.16,3.73
2010-04-01,9.9,2725.0,3086,2330,2330,302.0,4.03,236.742,227.664,1.2,0.16,252.538,182948.0,2.35,0.088,72.2,1582.08212836227,11.249,11.454,5.765,2.79,141.68,6.2,96745000.0,9907000.0,6069000.0,65.2,41.1,3.7,18.51,-82689.0,89.1235,96.4264,84.9695,69.6985,216.092,173.874,318803,1082750,405276,515075,5.93,0.2,0.45,2.58,3.28,3.85
2010-05-01,9.6,2773.0,3127,2260,2260,282.1,4.14,237.985,223.755,0.8,0.16,251.387,189932.0,2.11,0.089,73.6,1083.7920361745598,11.821,12.03,6.097,2.59,140.952,9.3,97153000.0,9947000.0,6076000.0,64.9,41.4,4.0,18.58,-135927.0,90.8856,98.236,89.4856,70.7279,216.128,173.367,315560,1075800,403798,515983,5.75,0.2,0.37,2.18,2.86,3.42
2010-06-01,9.4,2683.0,3159,2284,2284,272.5,4.8,237.59,223.44,0.43,0.12,251.703,185667.0,1.94,0.089,76.0,1832.83394630894,11.385,11.598,5.75,2.48,141.951,8.3,97750000.0,10012000.0,6101000.0,64.6,41.0,3.8,18.57,-68422.0,93.6612,97.9887,102.913,70.8369,216.06,172.929,314889,1075736,404071,519456,5.73,0.18,0.32,2.0,2.66,3.2
2010-07-01,9.4,2806.0,2972,2208,2208,275.6,4.63,237.989,224.55,0.13,0.16,251.314,187506.0,1.77,0.09,67.8,1555.72655817419,11.715,11.948,5.977,2.39,142.512,8.9,98088000.0,10049000.0,6110000.0,64.6,41.1,3.8,18.64,-165043.0,92.0793,98.6369,111.4444,71.3322,216.214,173.391,315811,1084265,408072,523182,5.53,0.18,0.29,1.76,2.43,3.01
2010-08-01,9.5,2671.0,3534,2162,2162,279.6,4.32,238.554,225.938,0.0,0.16,252.107,191745.0,1.68,0.09,68.9,1862.39723628969,11.802,12.014,6.016,2.18,143.42,8.8,97945000.0,10044000.0,6093000.0,64.7,41.2,3.9,18.64,-90526.0,94.6733,98.3884,111.5592,71.5822,216.254,173.829,317208,1090597,409306,525386,5.3,0.19,0.26,1.47,2.1,2.7
2010-09-01,9.5,2819.0,3308,2291,2291,276.5,3.89,238.34,224.861,0.03,0.15,250.75,201932.0,1.74,0.09,68.2,1477.04081345486,11.703,11.922,5.944,2.17,144.032,7.6,97658000.0,10029000.0,6061000.0,64.6,41.5,4.0,18.71,-34607.0,93.576,98.0077,98.8348,71.7495,216.234,174.383,320261,1098796,414874,531038,5.34,0.19,0.26,1.41,2.05,2.65
2010-10-01,9.4,2655.0,3345,2387,2387,289.8,3.43,238.5,223.63,0.07,0.13,251.128,193066.0,2.01,0.089,67.7,1487.7087703583402,12.199,12.414,6.435,2.16,144.313,8.2,97505000.0,10035000.0,6044000.0,64.4,41.2,4.0,18.73,-140432.0,92.632,98.0026,87.7316,71.8835,216.359,175.737,324098,1116703,419156,538163,5.41,0.19,0.23,1.18,1.85,2.54
2010-11-01,9.8,2912.0,3321,2370,2370,302.4,3.71,237.495,224.209,0.13,0.14,252.102,197202.0,2.09,0.088,71.6,1438.942960514,12.07,12.3,6.406,2.31,144.751,8.2,97191000.0,10031000.0,6017000.0,64.6,41.3,4.0,18.76,-150394.0,91.7476,97.4611,91.4442,72.0577,216.484,176.497,327488,1129502,424048,545104,5.6,0.19,0.25,1.35,2.02,2.76
2010-12-01,9.3,2693.0,3169,2120,2120,320.3,4.25,237.359,221.325,0.1,0.14,252.422,193452.0,2.25,0.088,74.5,2195.9167870578303,12.383,12.605,6.455,2.67,145.669,7.0,95725000.0,10041000.0,5969000.0,64.3,41.3,4.0,18.79,-78134.0,93.1475,98.556,112.8216,72.504,216.823,177.948,329760,1143430,433667,553726,5.76,0.18,0.29,1.93,2.66,3.29
2011-01-01,9.1,2686.0,3033,2218,2218,333.9,4.49,237.985,224.833,-0.13,0.15,252.96,203636.0,2.33,0.088,74.2,1290.59856786503,12.547,12.806,6.747,2.78,146.478,7.3,95593000.0,10091000.0,6039000.0,64.2,41.0,4.0,18.89,-49796.0,93.0592,98.5941,117.9545,72.6556,217.061,178.945,332282,1170410,443095,560473,5.73,0.17,0.27,1.99,2.72,3.39
2011-02-01,9.0,2469.0,3118,2284,2284,352.2,4.09,238.33,227.327,-0.3,0.13,253.554,196393.0,2.34,0.088,77.5,1367.7336517560302,12.815,13.081,6.573,2.81,146.182,8.1,95606000.0,10096000.0,6024000.0,64.1,41.4,4.2,18.92,-222507.0,92.2828,98.4086,105.8868,72.8722,217.443,179.827,334682,1169425,443044,566076,5.83,0.16,0.29,2.26,2.96,3.58
2011-03-01,9.0,2535.0,2980,2061,2061,386.2,3.97,238.8,232.922,-0.2,0.1,254.707,212748.0,2.45,0.088,67.5,1468.28149170034,12.984,13.259,6.435,2.71,145.646,7.2,96081000.0,10124000.0,6025000.0,64.2,41.4,4.2,18.9,-188154.0,93.9167,98.6683,97.6997,73.4164,217.794,181.764,338001,1197612,457499,573235,5.74,0.14,0.26,2.11,2.8,3.41
2011-04-01,9.1,2787.0,2987,2090,2090,422.7,4.24,239.014,230.754,0.0,0.06,247.207,200733.0,2.6,0.089,69.8,2301.2572188263,13.037,13.326,6.525,2.73,145.542,6.7,96692000.0,10159000.0,6034000.0,64.2,41.3,4.1,18.91,-40387.0,92.1145,98.4865,88.0188,73.0143,218.186,183.488,339713,1203300,456866,582766,5.73,0.1,0.25,2.17,2.84,3.46
2011-05-01,9.0,2668.0,2903,2052,2052,418.7,4.31,240.174,230.911,0.07,0.04,248.1,207170.0,2.39,0.09,74.3,2049.74903590512,11.98,12.28,6.094,2.61,146.476,6.6,97190000.0,10195000.0,6040000.0,64.1,41.5,4.2,18.92,-57641.0,92.8332,98.6791,88.7413,73.0478,218.521,184.504,339169,1197741,455288,589349,5.52,0.09,0.19,1.84,2.51,3.17
2011-06-01,9.1,2933.0,2987,1871,1871,409.1,4.54,240.365,236.974,0.2,0.04,248.348,201579.0,2.24,0.09,71.5,1525.19547104491,11.581,11.886,5.908,2.59,148.518,6.6,98082000.0,10280000.0,6083000.0,64.0,41.4,4.0,18.9,-43080.0,95.6296,98.5935,101.3861,73.1184,218.808,184.09,341787,1205180,458051,591280,5.56,0.09,0.18,1.58,2.29,3.0
2011-07-01,9.0,2632.0,2931,1982,1982,406.1,4.42,241.156,236.196,0.23,0.04,251.163,206458.0,2.38,0.09,63.7,1674.3063046825698,12.419,12.72,6.643,2.59,149.971,6.7,98359000.0,10304000.0,6095000.0,64.0,41.4,4.1,18.93,-129376.0,94.5946,99.2842,113.2116,73.5413,219.386,184.566,341438,1211538,461077,594906,5.54,0.07,0.19,1.54,2.28,3.0
2011-08-01,9.0,2650.0,2989,2199,2199,390.3,4.06,241.705,237.878,0.23,0.02,252.378,216705.0,2.16,0.09,55.8,2020.20020576349,12.277,12.604,6.548,2.07,151.312,6.5,98453000.0,10292000.0,6085000.0,64.1,41.4,4.1,18.9,-134143.0,97.0261,99.8556,112.0615,73.8563,219.802,185.262,342121,1219134,461942,596862,5.27,0.1,0.11,1.02,1.63,2.3
2011-09-01,9.0,2754.0,2881,2012,2012,390.1,3.9,241.944,235.867,0.2,0.01,252.963,204738.0,1.9,0.09,59.5,1713.4092480166698,13.026,13.356,7.058,1.77,151.677,6.3,98441000.0,10284000.0,6074000.0,64.2,41.3,4.0,18.91,-62750.0,95.9723,99.2675,98.091,74.0224,220.152,185.808,345745,1219078,460608,595570,5.12,0.08,0.1,0.9,1.42,1.98
2011-10-01,8.8,2668.0,3250,1964,1964,390.2,3.57,242.497,235.287,0.17,0.02,260.876,210799.0,1.96,0.089,60.8,1392.3551415439802,13.391,13.73,7.01,1.87,151.986,6.0,98515000.0,10301000.0,6071000.0,64.1,41.5,4.1,18.98,-98466.0,95.7394,99.5225,88.9715,74.3574,220.447,185.725,347942,1228770,463876,602499,5.02,0.07,0.11,1.06,1.62,2.15
2011-11-01,8.6,2556.0,2913,2009,2009,407.5,3.24,241.788,235.24,0.0,0.01,261.905,215531.0,2.01,0.089,63.7,1848.59033671734,13.406,13.743,7.088,1.76,152.187,5.7,98543000.0,10308000.0,6071000.0,64.1,41.5,4.1,18.96,-137302.0,95.0955,98.5682,92.3447,74.1541,220.685,186.239,349156,1231061,467009,605644,4.88,0.08,0.11,0.91,1.45,2.01
2011-12-01,8.5,2678.0,2873,1959,1959,408.7,3.17,242.134,236.278,-0.17,0.01,262.564,223835.0,2.01,0.089,69.9,1975.72787434983,13.455,13.798,7.172,1.72,152.083,5.3,97175000.0,10298000.0,6044000.0,64.0,41.6,4.1,19.0,-85967.0,95.9803,98.4638,105.7236,74.5316,220.966,185.713,349721,1238119,468024,607035,4.86,0.07,0.12,0.89,1.43,1.98
2012-01-01,8.3,2474.0,2908,1957,1957,406.9,2.67,242.654,234.81,-0.2,0.03,262.73,225182.0,2.08,0.089,75.0,1364.13127515151,14.058,14.395,6.984,1.73,151.106,5.3,97443000.0,10349000.0,6159000.0,63.7,41.8,4.1,19.02,-27407.0,96.3859,98.3824,110.1604,75.1355,221.096,186.508,352736,1254701,474568,609239,4.79,0.08,0.12,0.84,1.38,1.97
2012-02-01,8.3,2610.0,2848,2051,2051,416.2,2.51,243.337,235.724,-0.13,0.09,262.493,227597.0,2.22,0.089,75.3,1964.8097518107,14.617,14.975,6.931,1.69,149.893,4.8,97530000.0,10364000.0,6170000.0,63.8,41.7,4.2,19.01,-231677.0,96.6049,98.2777,101.7958,75.361,221.299,187.426,357435,1266869,477993,611053,4.71,0.1,0.16,0.83,1.37,1.97
2012-03-01,8.2,2708.0,2788,1940,1940,432.8,2.17,243.82,235.867,-0.1,0.08,263.374,219960.0,2.31,0.089,76.2,2841.3006963594,14.237,14.594,6.894,1.83,149.265,4.9,97684000.0,10376000.0,6182000.0,63.8,41.6,4.2,19.02,-198157.0,96.6868,96.7006,92.0064,74.8591,221.579,187.863,358712,1268184,476585,612826,4.79,0.13,0.19,1.02,1.56,2.17
2012-04-01,8.2,2624.0,2878,1940,1940,427.7,1.95,244.026,233.19,-0.07,0.08,263.35,218414.0,2.26,0.092,76.4,2103.11359784349,14.408,14.769,7.083,1.76,150.053,4.9,98535000.0,10410000.0,6203000.0,63.7,41.7,4.2,19.1,59117.0,95.8342,97.4657,86.1443,75.1688,221.992,188.067,356872,1271196,474512,612955,4.75,0.14,0.18,0.89,1.43,2.05
2012-05-01,8.2,2550.0,3006,1690,1690,406.7,2.43,245.152,236.492,-0.03,0.09,264.302,219076.0,2.14,0.093,79.3,2042.7503784666296,14.135,14.496,7.152,1.51,151.587,4.7,99002000.0,10450000.0,6223000.0,63.7,41.6,4.2,19.03,-124636.0,96.6179,98.0038,91.3812,74.849,222.069,186.81,356054,1263037,474838,612398,4.62,0.16,0.19,0.76,1.21,1.8
2012-06-01,8.2,2747.0,2806,1817,1817,370.2,2.46,245.948,236.138,0.0,0.09,264.724,218755.0,2.12,0.093,73.2,2651.9663928786,14.118,14.467,7.216,1.33,152.263,4.8,99964000.0,10526000.0,6270000.0,63.8,41.7,4.2,19.08,-59741.0,99.0747,97.7299,99.7285,74.9983,222.319,185.837,352011,1242764,465147,612525,4.51,0.16,0.19,0.71,1.08,1.62
2012-07-01,8.2,2662.0,2984,1773,1773,356.9,2.95,246.512,236.476,0.07,0.1,265.684,225223.0,2.13,0.093,72.3,2442.40625644281,14.027,14.38,7.111,1.28,151.97,4.6,100235000.0,10545000.0,6297000.0,63.7,41.7,4.2,19.11,-69604.0,97.6293,97.8123,111.6887,74.7994,222.508,185.502,353974,1248108,467476,614943,4.17,0.16,0.19,0.62,0.98,1.53
2012-08-01,8.1,2784.0,2811,1846,1846,379.8,2.84,247.41,237.802,0.03,0.1,266.755,200423.0,2.27,0.093,74.3,2302.38532416582,14.092,14.444,7.087,1.41,150.871,4.6,100454000.0,10526000.0,6300000.0,63.5,41.5,4.1,19.05,-190533.0,99.2619,97.3109,108.5175,74.6102,223.031,187.526,358575,1260134,470577,617876,4.2,0.13,0.18,0.71,1.14,1.68
2012-09-01,7.8,2538.0,2819,1863,1863,395.8,2.85,247.637,236.035,-0.1,0.11,268.22,217241.0,2.43,0.093,78.3,2452.7809845296,14.759,15.099,7.381,1.46,149.647,4.5,100474000.0,10518000.0,6300000.0,63.6,41.5,4.2,19.07,75180.0,98.2391,97.0022,95.4505,74.3722,223.463,189.115,361370,1275122,475375,622320,4.28,0.14,0.18,0.67,1.12,1.72
2012-10-01,7.8,2635.0,2859,1796,1796,394.6,3.32,248.43,236.99,-0.13,0.1,268.596,219017.0,2.5,0.092,82.6,2617.24395045425,14.514,14.83,7.249,1.47,148.986,4.9,100666000.0,10519000.0,6306000.0,63.8,41.5,4.1,19.09,-119995.0,97.3745,97.0364,88.9094,74.1721,223.949,189.812,361864,1272324,476103,622572,4.17,0.16,0.18,0.71,1.15,1.75
2012-11-01,7.7,2620.0,2776,1745,1745,383.8,3.54,247.851,235.348,-0.13,0.09,270.314,214689.0,2.42,0.092,82.7,2571.23260886622,15.13,15.456,7.581,1.38,148.932,4.6,100624000.0,10513000.0,6317000.0,63.6,41.5,4.1,19.13,-172112.0,97.3079,97.4656,92.8006,74.5638,224.504,188.453,362866,1284725,479457,623513,4.16,0.16,0.18,0.67,1.08,1.65
2012-12-01,7.9,2756.0,2901,1861,1861,374.2,3.34,247.883,237.837,0.0,0.07,270.662,230992.0,2.48,0.092,72.9,2423.0569203584,15.121,15.462,7.597,1.46,149.243,4.5,99664000.0,10507000.0,6300000.0,63.7,41.7,4.3,19.13,-1191.0,97.787,97.4318,103.4479,75.0387,224.757,187.716,364443,1284408,479243,625053,4.27,0.16,0.16,0.7,1.13,1.72
2013-01-01,8.0,2780.0,3115,1891,1891,382.5,3.33,249.063,236.683,0.0,0.07,271.948,222797.0,2.52,0.093,73.8,2900.8268026647497,15.474,15.813,7.65,1.64,149.741,4.0,99277000.0,10516000.0,6221000.0,63.7,41.7,4.2,19.17,2886.0,97.8947,97.4073,113.5071,74.7883,225.106,187.971,367277,1294749,482676,627316,4.39,0.14,0.15,0.81,1.3,1.91
2013-02-01,7.7,2713.0,2799,1766,1766,398.7,3.33,249.887,238.408,-0.03,0.1,271.969,235952.0,2.55,0.092,77.6,2670.84862138944,15.516,15.861,7.756,1.71,149.789,4.1,99400000.0,10520000.0,6244000.0,63.4,41.9,4.4,19.22,-203539.0,98.1823,97.8819,104.8574,75.0988,225.58,189.884,372515,1313564,491363,627916,4.49,0.15,0.16,0.85,1.35,1.98
2013-03-01,7.5,2462.0,2826,1830,1830,397.6,3.81,250.509,237.212,-0.07,0.09,272.55,215188.0,2.55,0.092,78.6,2527.0830081857603,15.412,15.721,7.925,1.7,148.912,4.2,99803000.0,10541000.0,6262000.0,63.3,41.9,4.3,19.21,-106530.0,98.8298,98.4564,101.1329,75.0217,225.769,188.07,369062,1293716,481088,628231,4.53,0.14,0.15,0.82,1.32,1.96
2013-04-01,7.6,2487.0,2908,1953,1953,385.5,4.17,250.885,240.136,-0.13,0.06,274.68,226541.0,2.41,0.095,76.4,2348.65798885821,15.451,15.811,7.973,1.53,148.577,4.4,100261000.0,10559000.0,6286000.0,63.4,41.8,4.3,19.23,112889.0,97.8708,98.1548,89.2569,74.7257,226.299,186.794,367290,1286911,478447,628321,4.34,0.15,0.12,0.71,1.15,1.76
2013-05-01,7.5,2674.0,2631,1986,1986,381.5,4.04,252.398,234.759,-0.03,0.04,275.459,235258.0,2.29,0.095,84.5,2626.00618361775,15.537,15.884,8.097,1.68,148.501,4.6,101100000.0,10603000.0,6314000.0,63.4,41.7,4.3,19.24,-138732.0,98.0839,98.0547,89.342,74.9257,226.949,186.495,369648,1301446,483197,625274,4.46,0.11,0.12,0.84,1.31,1.93
2013-06-01,7.5,2680.0,2851,1876,1876,378.7,3.83,253.031,235.963,0.0,0.05,276.499,248010.0,2.05,0.095,84.1,2151.66427967739,15.774,16.149,8.134,1.97,148.742,4.1,101893000.0,10664000.0,6371000.0,63.4,41.8,4.3,19.28,116501.0,100.7332,98.3627,99.156,75.0323,227.324,187.137,370847,1297261,479950,625550,4.86,0.09,0.14,1.2,1.71,2.3
2013-07-01,7.3,2493.0,2768,1791,1791,390.3,3.62,253.48,236.305,-0.03,0.04,277.73,223780.0,2.12,0.096,85.1,2637.63667898303,15.674,16.021,8.01,2.24,149.058,5.5,102309000.0,10670000.0,6389000.0,63.3,41.7,4.3,19.26,-97597.0,98.8826,97.3884,108.7058,74.3863,227.579,187.328,373447,1301135,481922,627032,4.95,0.09,0.12,1.4,1.99,2.58
2013-08-01,7.2,2475.0,2688,1677,1677,402.2,3.43,254.379,235.034,-0.1,0.04,280.075,225010.0,2.19,0.096,82.1,2192.13788542728,15.486,15.827,7.873,2.38,149.539,5.5,102618000.0,10645000.0,6382000.0,63.3,41.9,4.4,19.32,-147905.0,101.5421,97.8859,106.7992,75.0101,227.911,187.847,372419,1308044,485424,629298,5.08,0.08,0.13,1.52,2.15,2.74
2013-09-01,7.2,2604.0,2691,1797,1797,408.0,3.62,254.913,234.896,-0.13,0.02,282.106,238632.0,2.15,0.096,77.5,2467.95136299728,15.506,15.857,7.905,2.41,150.458,5.4,102512000.0,10633000.0,6361000.0,63.2,41.8,4.3,19.34,75114.0,100.9465,98.1801,97.8549,75.0581,228.354,187.353,372515,1309538,484805,630345,5.12,0.08,0.12,1.6,2.22,2.81
2013-10-01,7.2,2823.0,2639,1737,1737,389.9,3.68,255.743,239.079,-0.03,0.05,282.968,231962.0,2.19,0.095,73.2,2976.7625828922496,15.354,15.727,7.9,2.28,151.248,4.9,102622000.0,10636000.0,6361000.0,62.8,41.9,4.3,19.36,-90586.0,99.7944,98.5327,90.2942,75.2052,228.584,187.248,373492,1316130,486489,630620,4.99,0.09,0.12,1.37,1.99,2.62
2013-11-01,6.9,2409.0,2586,1695,1695,368.5,3.64,255.23,238.309,-0.1,0.07,284.195,241389.0,2.17,0.094,75.1,2626.22043976977,15.714,16.079,8.129,2.42,151.993,5.0,102832000.0,10667000.0,6368000.0,63.0,42.0,4.4,19.4,-135226.0,99.5396,98.5097,95.5319,75.2248,229.119,187.504,373940,1326844,493501,628962,5.08,0.08,0.12,1.37,2.07,2.72
2013-12-01,6.7,2328.0,2545,1676,1676,364.8,4.24,255.686,238.911,-0.17,0.07,285.673,238377.0,2.16,0.094,82.5,2614.40671694494,15.463,15.835,7.972,2.56,152.457,5.2,101879000.0,10664000.0,6340000.0,62.9,41.9,4.5,19.46,53220.0,99.7931,99.2437,111.6488,75.1211,229.623,188.209,376621,1326406,488085,631742,5.07,0.09,0.13,1.58,2.29,2.9
2014-01-01,6.6,2473.0,2431,1696,1696,366.5,4.71,256.779,238.359,-0.2,0.04,286.284,223144.0,2.23,0.096,81.2,2167.13378720886,15.249,15.614,8.049,2.47,151.535,5.1,101820000.0,10656000.0,6374000.0,62.9,41.6,4.4,19.46,-10250.0,99.7376,97.6412,122.1637,74.3155,230.52,188.528,373327,1316282,486945,634219,4.91,0.07,0.12,1.65,2.29,2.86
2014-02-01,6.7,2376.0,2590,1621,1621,386.0,6.0,257.655,241.987,-0.1,0.05,287.473,232711.0,2.16,0.096,81.6,2671.77338291652,15.617,15.993,8.364,2.38,150.718,5.3,102189000.0,10670000.0,6380000.0,62.9,41.6,4.3,19.49,-193532.0,100.3572,98.7694,110.9915,75.0645,231.084,188.439,378580,1332176,495137,639902,4.84,0.07,0.12,1.52,2.15,2.71
2014-03-01,6.7,2433.0,2561,1711,1711,388.5,4.9,258.381,242.17,0.0,0.05,288.986,233153.0,2.16,0.096,80.0,2482.2091739503603,16.606,16.985,8.917,2.32,149.641,5.6,102378000.0,10682000.0,6383000.0,63.1,42.0,4.5,19.53,-36895.0,101.8167,99.4232,102.8514,75.7751,232.119,188.14,382404,1342645,493259,641146,4.78,0.08,0.13,1.64,2.23,2.72
2014-04-01,6.2,2424.0,2377,1502,1502,389.8,4.66,257.417,245.631,-0.1,0.03,289.874,237372.0,2.17,0.098,84.1,3304.5493505333097,16.28,16.695,8.705,2.29,149.217,5.7,103273000.0,10700000.0,6401000.0,62.8,41.9,4.4,19.48,106853.0,100.3782,99.0109,88.4561,75.8011,232.014,188.779,386507,1351200,493919,642690,4.66,0.09,0.11,1.7,2.27,2.71
2014-05-01,6.3,2586.0,2357,1425,1425,395.2,4.58,260.206,244.14,-0.13,0.03,290.899,232959.0,2.19,0.099,81.9,2714.1850810035003,16.737,17.137,8.925,2.17,149.006,5.2,104196000.0,10753000.0,6426000.0,62.9,42.1,4.7,19.52,-129971.0,101.2526,98.8755,90.4845,76.0678,232.785,188.766,386929,1352270,492875,647073,4.53,0.09,0.1,1.59,2.12,2.56
2014-06-01,6.1,2417.0,2427,1503,1503,403.7,4.59,261.001,242.263,-0.2,0.04,291.354,240181.0,2.23,0.096,82.5,2666.27879060991,17.125,17.516,8.959,2.15,148.921,5.7,105122000.0,10815000.0,6471000.0,62.8,42.1,4.5,19.55,70519.0,104.1158,98.9038,100.1192,76.3741,233.117,188.973,387863,1352800,493690,647252,4.58,0.1,0.1,1.68,2.19,2.6
2014-07-01,6.2,2601.0,2412,1477,1477,398.5,4.05,262.41,244.952,-0.03,0.03,292.478,303162.0,2.26,0.096,81.8,3086.65773206741,16.851,17.277,8.922,2.03,149.216,6.2,105626000.0,10837000.0,6494000.0,62.9,42.0,4.4,19.59,-94621.0,102.3896,99.0255,107.0056,76.8557,233.695,188.869,388261,1362391,498684,647607,4.52,0.09,0.11,1.7,2.17,2.54
2014-08-01,6.1,2620.0,2389,1506,1506,381.5,3.91,262.634,243.27,-0.07,0.03,294.088,236666.0,2.2,0.096,82.5,2627.13009467572,16.808,17.239,8.74,1.95,149.472,5.4,105949000.0,10828000.0,6499000.0,62.9,42.0,4.4,19.61,-128677.0,104.8155,98.4668,106.7661,76.4673,233.928,188.534,391217,1360592,496013,648619,4.45,0.09,0.11,1.63,2.08,2.42
2014-09-01,5.9,2365.0,2560,1438,1438,365.6,3.92,263.421,246.129,-0.07,0.02,295.688,237534.0,2.07,0.096,84.6,3060.03000201593,16.527,16.959,8.901,1.96,149.859,5.4,106003000.0,10808000.0,6484000.0,62.8,42.2,4.5,19.6,105803.0,103.9419,98.8826,98.9205,76.5914,234.234,188.141,389680,1357111,494005,649379,4.55,0.09,0.11,1.77,2.22,2.53
2014-10-01,5.7,2494.0,2300,1400,1400,341.0,3.78,264.46,247.891,-0.13,0.02,299.349,232089.0,1.92,0.095,86.9,2821.11553107713,16.326,16.756,8.663,1.85,148.954,5.3,106374000.0,10830000.0,6491000.0,62.9,42.1,4.5,19.65,-121713.0,102.8638,98.5552,90.7576,76.5917,234.656,187.522,390597,1349248,487867,647522,4.39,0.09,0.1,1.55,1.98,2.3
2014-11-01,5.8,2474.0,2403,1400,1400,306.6,4.12,264.188,247.449,-0.1,0.02,301.599,226155.0,1.88,0.095,88.8,2806.86148436481,16.544,16.949,8.908,1.8,147.488,5.7,106590000.0,10850000.0,6500000.0,62.9,42.2,4.5,19.65,-56818.0,103.0515,100.4474,97.6276,77.1945,235.0,186.059,391592,1341917,480596,647691,4.46,0.09,0.13,1.62,2.03,2.33
2014-12-01,5.6,2370.0,2320,1270,1270,248.6,3.48,264.569,250.476,-0.1,0.03,302.513,225835.0,1.7,0.083,93.6,3061.57917255503,16.757,17.178,8.876,1.57,145.83,5.1,105780000.0,10852000.0,6480000.0,62.8,42.1,4.6,19.63,1864.0,102.9489,100.1231,107.3469,77.1391,235.425,184.015,388223,1328580,476759,642655,4.34,0.12,0.21,1.64,1.98,2.21
2015-01-01,5.7,2393.0,2319,1377,1377,195.2,2.99,265.874,252.331,0.0,0.03,303.499,224061.0,1.61,0.096,98.1,3970.11624708272,16.474,16.912,9.084,1.33,144.875,4.8,105861000.0,10945000.0,6534000.0,62.9,42.0,4.5,19.64,-14996.0,102.393,100.2445,118.1361,76.7684,235.735,180.302,385558,1298602,462130,642744,4.02,0.11,0.2,1.37,1.67,1.88
2015-02-01,5.5,2392.0,2238,1333,1333,191.8,2.87,266.71,249.803,-0.1,0.02,305.025,218966.0,1.72,0.096,95.4,4624.45644519994,16.461,16.895,9.247,1.36,147.264,4.5,105996000.0,10933000.0,6539000.0,62.7,42.0,4.4,19.73,-192359.0,101.9548,99.8656,114.4006,76.2744,236.2,181.129,385104,1295728,464926,642682,4.08,0.11,0.22,1.47,1.79,1.98
2015-03-01,5.4,2444.0,2304,1245,1245,193.1,2.83,267.363,245.861,-0.03,0.03,305.083,227573.0,1.76,0.096,93.0,3238.02723723693,17.459,17.894,9.676,1.4,147.694,5.1,106286000.0,10925000.0,6554000.0,62.6,41.8,4.3,19.77,-52910.05993036,101.9032,101.0236,102.4651,76.5822,236.602,181.884,391056,1305184,469035,643217,4.11,0.11,0.25,1.52,1.84,2.04
2015-04-01,5.4,2716.0,2345,1091,1091,202.8,2.61,268.351,247.852,-0.1,0.02,304.919,224339.0,1.86,0.098,95.9,2940.80867437505,17.249,17.689,9.733,1.4,148.404,4.9,106968000.0,10909000.0,6583000.0,62.8,41.8,4.2,19.8,156714.07843925,99.6262,100.1135,87.8212,76.6156,237.086,181.641,391375,1309624,466764,644041,4.08,0.12,0.23,1.35,1.69,1.94
2015-05-01,5.6,2471.0,2510,1256,1256,229.9,2.85,269.945,246.188,0.0,0.02,306.838,217332.0,1.87,0.098,90.7,3097.73033567698,17.488,17.945,9.74,1.59,149.29,5.0,107642000.0,10930000.0,6611000.0,62.9,41.8,4.3,19.86,-82385.27841904,99.8245,99.9817,89.3394,76.6602,237.21,182.865,394332,1311268,464405,644363,4.49,0.12,0.24,1.54,1.93,2.2
2015-06-01,5.3,2309.0,2396,1398,1398,236.7,2.78,270.865,248.837,-0.07,0.02,308.007,232766.0,1.86,0.102,96.1,3335.85534936576,17.401,17.881,9.726,1.67,149.48,5.4,108607000.0,10991000.0,6660000.0,62.7,41.8,4.4,19.9,51775.76400154,102.2464,99.8778,101.3484,76.407,237.804,183.424,394859,1317131,468502,648309,4.7,0.13,0.28,1.68,2.1,2.36
2015-07-01,5.2,2574.0,2222,1261,1261,218.6,2.84,272.228,249.91,-0.03,0.03,308.817,230189.0,1.82,0.102,93.1,3021.7700858118,17.827,18.305,10.132,1.65,149.078,5.2,109112000.0,11013000.0,6690000.0,62.6,41.8,4.3,19.94,-149186.76611285,101.0468,101.4229,110.3072,76.9993,238.334,183.437,398128,1317754,466314,647032,4.67,0.13,0.3,1.63,2.04,2.32
2015-08-01,5.1,2073.0,2329,1283,1283,185.8,2.77,272.854,251.412,-0.13,0.07,310.511,222647.0,1.61,0.102,91.9,3609.6086847381102,17.94,18.407,10.214,1.47,148.295,5.0,109211000.0,10987000.0,6692000.0,62.6,41.8,4.3,19.98,-64420.51991251,103.262,101.3542,109.1045,76.7342,238.7,182.94,397710,1307038,461485,644981,4.56,0.14,0.38,1.54,1.91,2.17
2015-09-01,5.0,2364.0,2274,1234,1234,167.5,2.66,273.426,252.829,-0.07,0.02,312.657,218738.0,1.52,0.102,87.2,3375.3710799507503,17.833,18.273,10.299,1.46,147.554,5.9,109277000.0,10953000.0,6689000.0,62.4,41.7,4.1,20.08,91060.53109438,101.0421,101.0631,100.2717,76.5713,239.236,181.17,396112,1305067,459288,641613,4.63,0.14,0.37,1.49,1.88,2.17
2015-10-01,5.0,2372.0,2277,1212,1212,170.2,2.34,274.543,251.851,-0.1,0.02,315.144,226032.0,1.5,0.102,90.0,2897.22028161541,17.818,18.272,10.248,1.43,146.397,5.6,109558000.0,10959000.0,6703000.0,62.5,41.8,4.2,20.06,-136532.08481492,100.0499,100.6614,89.6221,76.4565,239.593,180.851,394425,1298668,454975,641886,4.58,0.12,0.26,1.39,1.76,2.07
2015-11-01,5.1,2382.0,2296,1273,1273,159.7,2.09,274.255,250.182,-0.03,0.12,316.409,223223.0,1.57,0.102,91.3,3097.2414667925605,17.863,18.32,10.474,1.38,144.85,5.5,109640000.0,10963000.0,6698000.0,62.5,41.8,4.2,20.05,-64552.91957894,98.7327,100.2643,90.8273,76.1892,240.001,180.652,396141,1292471,453010,639315,4.68,0.12,0.48,1.67,2.02,2.26
2015-12-01,5.0,2399.0,2191,1232,1232,139.9,1.93,275.039,251.049,-0.03,0.23,317.693,217474.0,1.51,0.102,92.6,2977.96760594673,17.081,17.492,9.98,1.26,143.955,5.1,108715000.0,10958000.0,6682000.0,62.7,41.8,4.3,20.1,-14443.9438535,98.1026,99.6262,100.7877,75.9397,240.224,179.745,397244,1278641,443250,638177,4.61,0.24,0.65,1.7,2.04,2.24
2016-01-01,4.8,2166.0,2290,1136,1136,116.1,2.28,276.935,250.082,-0.03,0.26,319.199,226905.0,1.42,0.103,92.0,3250.65718967035,17.61,18.07,10.425,1.19,144.638,5.6,108411000.0,10938000.0,6679000.0,62.7,41.9,4.3,20.15,55163.28851489,99.0226,101.073,115.1434,76.2387,240.673,178.786,394576,1269025,441927,634653,4.6,0.34,0.54,1.52,1.85,2.09
2016-02-01,4.9,2235.0,2187,1163,1163,107.9,1.99,278.28,247.632,-0.03,0.31,321.916,217371.0,1.31,0.103,91.7,2922.40714420133,17.64,18.08,10.452,1.05,143.979,5.5,108496000.0,10922000.0,6684000.0,62.8,41.8,4.3,20.2,-192614.00170636,98.4697,100.9036,104.3731,75.9392,241.124,177.511,398149,1269208,441715,631787,4.57,0.38,0.53,1.22,1.53,1.78
2016-03-01,5.0,2419.0,2168,1148,1148,124.0,1.73,279.264,245.818,0.0,0.29,323.46,216899.0,1.55,0.103,91.0,3489.43571646074,16.826,17.29,9.965,1.01,143.659,5.5,108866000.0,10927000.0,6689000.0,63.0,41.8,4.3,20.27,-108042.73073878,97.5846,100.1096,92.8182,75.8315,241.587,178.319,396959,1273907,443263,632226,4.43,0.36,0.66,1.38,1.68,1.89
2016-04-01,5.1,2594.0,2132,1209,1209,138.9,1.92,279.798,248.481,0.03,0.23,323.89,228585.0,1.62,0.106,89.0,3474.01095443264,17.247,17.664,10.408,1.04,145.475,5.0,109339000.0,10916000.0,6691000.0,62.9,41.8,4.3,20.39,106451.87183668,97.1406,101.1156,86.8351,75.6468,242.071,179.289,398099,1279042,444185,631596,4.22,0.37,0.56,1.26,1.57,1.81
2016-05-01,4.8,2264.0,2264,1096,1096,159.5,1.92,281.902,247.308,-0.03,0.27,325.611,221991.0,1.6,0.108,94.7,3506.38950104954,17.288,17.697,10.402,0.99,146.416,5.1,109943000.0,10933000.0,6712000.0,62.7,41.9,4.3,20.41,-52507.41284454,97.0542,100.7698,88.1213,75.5265,242.833,179.478,399909,1282897,444558,631790,4.2,0.37,0.59,1.3,1.6,1.81
2016-06-01,4.9,2396.0,2195,1117,1117,177.5,2.59,282.69,246.919,-0.03,0.27,327.301,209356.0,1.47,0.108,93.5,4117.83818681034,17.334,17.728,10.497,0.91,144.887,5.3,111064000.0,11003000.0,6763000.0,62.7,41.8,4.3,20.47,6251.98744016,100.3595,101.6818,101.8612,75.6593,243.515,179.948,404677,1299137,447595,631466,4.07,0.38,0.55,1.17,1.44,1.64
2016-07-01,4.8,2203.0,2282,1222,1222,172.2,2.82,284.009,244.867,-0.03,0.3,329.929,217997.0,1.46,0.108,90.0,3423.38096335831,17.744,18.123,10.834,0.83,143.27,4.5,111397000.0,11005000.0,6783000.0,62.8,42.0,4.3,20.5,-112815.2385045,98.6553,101.5374,112.4736,75.6773,244.224,178.87,403648,1292720,444413,632043,3.82,0.39,0.51,1.07,1.33,1.5
2016-08-01,4.9,2285.0,2352,1094,1094,165.3,2.82,285.309,246.427,0.07,0.3,332.204,219140.0,1.47,0.108,89.8,2481.55482595275,17.541,17.917,10.732,0.82,142.803,5.0,111531000.0,10978000.0,6778000.0,62.9,41.8,4.3,20.55,-107111.57568004,100.8706,101.7145,113.7734,75.3666,244.911,178.825,403861,1297692,446060,633192,3.84,0.4,0.57,1.13,1.4,1.56
2016-09-01,5.0,2600.0,2288,1184,1184,164.6,2.99,286.579,246.604,0.1,0.29,333.947,216058.0,1.51,0.108,91.2,4305.56991643699,17.574,17.949,10.643,0.86,144.851,5.2,111659000.0,10962000.0,6760000.0,62.9,41.9,4.2,20.56,33359.49405496,99.4197,101.497,100.7221,75.4891,245.755,179.502,406384,1302237,447875,631726,3.93,0.4,0.59,1.18,1.46,1.63
2016-10-01,4.9,2434.0,2273,1190,1190,178.1,2.98,288.21,247.13,0.1,0.33,336.559,234217.0,1.66,0.105,87.2,3996.5431645773706,17.606,17.966,10.973,0.92,142.217,5.2,111814000.0,10960000.0,6762000.0,62.8,42.0,4.4,20.59,-44192.20097674,98.8029,101.0271,89.5068,75.5887,246.48,180.091,407253,1308419,448140,632064,4.02,0.4,0.66,1.27,1.56,1.76
2016-11-01,4.7,2404.0,2163,1108,1108,171.5,2.55,287.763,241.816,0.0,0.45,337.715,216703.0,1.82,0.105,93.8,3709.63384107878,17.411,17.785,10.714,1.16,139.975,5.2,111968000.0,10964000.0,6767000.0,62.7,41.9,4.3,20.59,-136650.57490356,97.7233,99.9436,91.2292,75.5067,246.985,179.833,405872,1306907,446953,634574,4.32,0.41,0.74,1.6,1.93,2.14
2016-12-01,4.7,2354.0,2117,1241,1241,185.7,3.59,289.366,242.296,-0.07,0.51,340.166,218450.0,1.93,0.104,98.2,4079.147851617021,17.906,18.278,11.084,1.29,139.457,5.4,111208000.0,10980000.0,6741000.0,62.7,41.9,4.2,20.62,-27515.79855866,98.7766,101.4053,112.3141,75.491,247.543,180.321,413211,1333022,456203,635825,4.47,0.54,0.87,1.96,2.29,2.49
2017-01-01,4.7,2424.0,2034,1197,1197,194.0,3.3,290.98,242.755,0.0,0.51,341.841,218011.0,2.01,0.106,98.5,3482.89488254593,17.29,17.654,11.041,1.22,138.761,5.4,110712000.0,10988000.0,6750000.0,62.8,41.9,4.1,20.63,51257.177643,98.7085,100.1406,114.8282,75.6921,248.164,181.536,416024,1340041,457023,637071,4.33,0.65,0.83,1.92,2.23,2.43
2017-02-01,4.6,2511.0,2129,1032,1032,198.1,2.85,292.342,247.07,0.03,0.52,342.428,221815.0,2.02,0.106,96.3,3656.62625039812,17.314,17.702,11.093,1.22,138.713,5.3,110828000.0,10990000.0,6752000.0,62.9,41.9,4.1,20.64,-192044.46533546,98.2159,98.7988,98.2191,75.726,248.807,181.425,416011,1342743,457720,638259,4.36,0.66,0.82,1.9,2.22,2.42
2017-03-01,4.4,2327.0,2071,1024,1024,191.6,2.88,293.039,249.135,-0.03,0.74,343.797,221965.0,1.99,0.106,96.9,3171.61833823299,16.656,17.047,10.568,1.17,139.232,5.0,111079000.0,10992000.0,6759000.0,62.9,41.8,4.2,20.69,-176232.32530805,99.2849,99.5146,99.6408,75.5658,249.098,181.311,414942,1338439,457471,637969,4.4,0.79,1.01,2.01,2.3,2.48
2017-04-01,4.4,2324.0,2070,979,979,190.5,3.1,293.707,248.565,-0.13,0.8,344.915,222025.0,1.91,0.111,97.0,3602.7783075693605,16.771,17.188,10.614,1.06,138.596,5.4,111593000.0,10996000.0,6778000.0,63.0,41.9,4.3,20.76,182428.05764871,97.6618,100.3398,85.9106,76.5169,249.8,181.247,416702,1338626,454388,639011,4.29,0.9,1.04,1.82,2.1,2.3
2017-05-01,4.4,2116.0,1970,1075,1075,191.2,3.15,295.094,249.725,-0.13,0.89,347.695,222398.0,1.83,0.112,97.1,3754.9651915164,16.664,17.07,10.665,1.0,138.601,5.1,112270000.0,11019000.0,6797000.0,62.8,41.9,4.4,20.8,-88425.99436618,98.8786,100.7988,89.2053,76.4348,250.408,180.2,414274,1335770,458767,638651,4.26,0.91,1.12,1.84,2.11,2.3
2017-06-01,4.3,2321.0,1924,916,916,180.2,2.98,295.568,248.622,-0.03,0.98,349.889,238347.0,1.73,0.112,95.0,3624.00550826141,16.703,17.122,10.892,0.85,137.691,5.3,113454000.0,11107000.0,6853000.0,62.8,42.0,4.4,20.84,-90233.19107067,101.8144,100.3101,99.1945,76.5059,250.933,179.853,416360,1340926,457041,638570,4.07,1.04,1.2,1.77,2.01,2.19
2017-07-01,4.3,2075.0,2026,1018,1018,181.9,2.98,296.835,249.867,-0.03,1.07,352.595,218978.0,1.77,0.112,93.4,3795.6079929102098,16.842,17.251,10.894,0.95,136.872,5.8,113896000.0,11132000.0,6870000.0,62.9,42.0,4.4,20.91,-42939.37760097,100.2313,99.9728,109.851,76.368,251.21,179.472,416487,1341571,457186,641794,4.08,1.15,1.22,1.87,2.13,2.32
2017-08-01,4.4,2258.0,2065,1107,1107,188.5,2.9,297.954,249.58,0.03,1.01,354.637,223602.0,1.78,0.112,96.8,4073.73089086041,16.614,17.04,10.67,0.87,136.875,6.1,114046000.0,11114000.0,6869000.0,62.9,42.0,4.5,20.94,-107688.77677988,101.6489,99.7678,106.3876,76.2959,252.086,180.41,417014,1355766,462876,645076,4.04,1.16,1.23,1.78,2.03,2.21
2017-09-01,4.3,2245.0,1905,1024,1024,199.0,2.98,298.255,254.413,-0.03,1.03,357.257,228198.0,1.83,0.112,95.1,3381.7713612433004,17.893,18.318,11.457,0.82,135.033,5.3,114144000.0,11105000.0,6848000.0,63.1,41.9,4.4,21.0,8000.08293523,100.2442,99.6665,95.8052,76.4196,252.603,182.311,426455,1374007,465644,649473,4.04,1.15,1.28,1.8,2.03,2.2
2017-10-01,4.2,2126.0,1961,925,925,205.0,2.88,300.199,251.048,-0.07,1.07,359.278,229757.0,1.86,0.109,100.7,4358.009485346521,18.059,18.484,11.739,0.81,137.803,5.5,114303000.0,11095000.0,6834000.0,62.7,42.0,4.5,21.07,-63214.01796695,100.9073,100.4711,90.806,77.3454,253.292,181.841,426656,1385901,470572,651937,4.01,1.15,1.4,1.98,2.2,2.36
2017-11-01,4.2,2278.0,1886,987,987,224.2,3.01,299.817,246.851,-0.1,1.23,363.236,229646.0,1.85,0.109,98.5,4032.8924892651503,17.55,17.995,11.483,0.65,138.261,4.8,114419000.0,11132000.0,6835000.0,62.7,42.0,4.5,21.11,-138547.43781759,100.7622,99.9445,95.7362,77.4518,253.798,182.578,430967,1404798,478191,655076,3.98,1.16,1.56,2.05,2.23,2.35
2017-12-01,4.1,2237.0,1966,932,932,231.4,2.82,301.276,248.171,-0.03,1.32,365.801,239903.0,1.9,0.109,95.9,3532.96778970316,17.445,17.903,11.614,0.56,138.123,5.6,113705000.0,11137000.0,6806000.0,62.7,41.8,4.4,21.23,-23193.55948872,101.6421,100.2747,114.4154,77.2966,254.575,182.758,434129,1415802,478134,658986,3.89,1.3,1.7,2.18,2.32,2.4
2018-01-01,4.0,2256.0,1884,964,964,241.0,3.87,302.822,250.981,0.0,1.41,366.628,225906.0,2.04,0.111,95.7,3487.22524914343,17.089,17.508,11.657,0.55,138.416,5.7,113479000.0,10977000.0,6779000.0,62.7,41.8,4.5,21.31,49235.72070792,101.6219,100.7267,126.3626,77.0662,255.098,183.791,431785,1406527,481905,660356,3.96,1.41,1.8,2.38,2.51,2.58
2018-02-01,4.1,2490.0,1903,893,893,234.8,2.67,303.907,248.609,0.0,1.57,368.177,234140.0,2.1,0.111,99.7,3651.6987515143296,16.983,17.461,11.541,0.68,137.953,5.7,113744000.0,10984000.0,6783000.0,63.0,42.2,4.6,21.34,-215248.1724224,101.6808,100.1498,106.178,77.914,255.798,184.285,434631,1417792,483979,663744,4.18,1.42,1.96,2.6,2.78,2.86
2018-03-01,4.0,2321.0,2003,822,822,230.3,2.69,305.544,248.135,0.0,1.7,368.755,242658.0,2.09,0.111,101.4,4612.4615258275,17.148,17.628,11.822,0.56,137.431,5.3,114085000.0,10988000.0,6784000.0,62.9,42.2,4.6,21.4,-208743.24980988,102.4873,100.5068,103.1138,78.033,256.469,183.857,433239,1416805,485700,662832,4.24,1.51,2.06,2.63,2.77,2.84
2018-04-01,4.0,2154.0,1981,919,919,243.5,2.8,306.239,252.535,-0.07,1.76,370.807,239492.0,2.13,0.114,98.8,3896.52879397884,17.19,17.651,11.944,0.49,137.273,5.5,114469000.0,10991000.0,6792000.0,62.9,42.3,4.8,21.46,214255.11366731,101.9079,102.2392,92.4225,78.6437,257.174,184.411,435061,1423305,485591,665016,4.27,1.69,2.15,2.7,2.82,2.87
2018-05-01,3.8,1961.0,1947,922,922,265.0,2.8,307.589,248.263,-0.1,1.86,372.487,240608.0,2.14,0.111,98.0,3222.93534854148,17.084,17.558,11.752,0.47,137.842,5.4,115196000.0,11017000.0,6818000.0,62.9,42.1,4.5,21.42,-146796.44336556,101.3225,99.484,93.0715,78.0038,257.876,184.812,439759,1446957,491462,666051,4.41,1.7,2.27,2.82,2.93,2.98
2018-06-01,4.0,2254.0,1841,867,867,270.2,2.97,308.764,250.211,-0.03,1.9,374.72,243274.0,2.12,0.111,98.2,3936.06742089795,17.072,17.571,11.879,0.38,137.618,5.9,116499000.0,11111000.0,6873000.0,62.9,42.1,4.6,21.45,-74857.99046356,104.6121,100.4302,103.2531,78.5406,258.034,184.921,437527,1443656,494268,666158,4.43,1.82,2.33,2.78,2.87,2.91
2018-07-01,3.8,1959.0,1818,995,995,272.1,2.83,309.926,252.012,0.0,1.96,375.525,234585.0,2.12,0.111,97.9,3157.57076655048,16.962,17.456,11.809,0.28,138.331,6.2,117008000.0,11142000.0,6898000.0,62.9,42.2,4.6,21.45,-76865.22967062,103.4498,100.3079,113.0893,78.6373,258.615,184.709,440422,1447255,493100,673038,4.36,1.91,2.39,2.78,2.85,2.89
2018-08-01,3.8,2242.0,1747,988,988,263.7,2.96,311.199,252.301,0.03,2.03,377.446,244108.0,2.1,0.111,96.2,3811.4794065153,16.884,17.39,11.824,0.25,139.086,6.5,117100000.0,11121000.0,6883000.0,62.7,42.2,4.5,21.55,-214147.52548064,106.134,101.1618,113.0449,78.8938,259.405,184.899,439876,1452467,496827,673301,4.34,1.91,2.45,2.77,2.84,2.89
2018-09-01,3.7,2061.0,1724,935,935,263.9,3.0,311.533,256.872,-0.07,2.13,379.697,244834.0,2.12,0.111,100.1,3473.2878628755298,17.311,17.828,12.016,0.23,137.544,6.6,117153000.0,11119000.0,6869000.0,62.7,42.1,4.5,21.6,119116.00888032,104.6149,101.1465,101.4058,78.8747,259.628,185.331,439346,1453626,498944,677448,4.44,1.95,2.56,2.89,2.96,3.0
2018-10-01,3.8,2033.0,1850,907,907,271.3,3.28,312.399,253.942,-0.07,2.25,380.244,239723.0,2.11,0.108,98.6,3599.10656084909,17.791,18.299,12.111,0.29,138.797,7.0,117408000.0,11132000.0,6876000.0,62.9,42.1,4.5,21.7,-100491.14254473,103.5109,101.1639,94.4922,78.5726,260.436,185.88,444148,1458313,499157,678850,4.58,2.19,2.65,3.0,3.09,3.15
2018-11-01,3.8,2168.0,1803,882,882,220.8,4.09,311.849,253.938,-0.07,2.33,382.12,231653.0,2.01,0.108,97.5,3711.3479177260297,17.52,18.02,12.24,0.26,140.295,6.7,117523000.0,11152000.0,6875000.0,62.9,42.0,4.5,21.78,-204902.55739878,103.228,101.2022,101.3895,78.2488,261.085,184.814,445807,1448401,491973,677870,4.69,2.2,2.7,2.95,3.04,3.12
2018-12-01,3.9,2143.0,2024,923,923,178.3,4.04,313.294,253.932,0.07,2.37,383.156,238448.0,1.81,0.108,98.3,3608.29871742405,17.665,18.167,12.382,0.15,140.068,7.5,116908000.0,11133000.0,6867000.0,63.0,42.1,4.4,21.84,-13539.35862905,103.601,100.9555,110.5936,78.3867,262.113,183.573,436884,1430058,487122,677472,4.54,2.27,2.66,2.68,2.75,2.83
2019-01-01,4.0,2352.0,1968,892,892,201.1,3.11,314.735,259.042,0.13,2.37,382.939,229028.0,1.79,0.11,91.2,3455.5967209035903,16.771,17.291,11.567,0.17,140.706,6.9,116667000.0,11229000.0,6818000.0,63.1,41.9,4.5,21.87,8682.86661098,103.1944,100.2374,120.0835,77.7847,262.525,182.939,439793,1425205,484934,682048,4.46,2.4,2.58,2.54,2.61,2.71
2019-02-01,3.8,2269.0,1808,896,896,229.9,2.69,315.977,256.96,0.17,2.39,383.255,223455.0,1.88,0.11,93.8,2647.3842178871105,16.456,16.968,11.727,0.18,139.499,6.4,116713000.0,11219000.0,6815000.0,63.1,41.7,4.4,21.93,-233977.2488268,102.7222,100.5533,109.9869,77.4518,263.131,183.72,440875,1433175,487289,685369,4.3,2.4,2.55,2.49,2.57,2.68
2019-03-01,3.8,2196.0,1832,873,873,246.4,2.95,317.515,256.559,0.13,2.4,384.579,233044.0,1.91,0.11,98.4,3881.28065679264,17.216,17.733,12.277,0.16,138.051,5.8,117039000.0,11215000.0,6814000.0,63.1,41.7,4.4,21.98,-146944.76565389,103.0721,101.0626,104.4755,77.3935,263.955,185.144,446954,1442552,485756,688124,4.26,2.41,2.49,2.37,2.47,2.57
2019-04-01,3.6,1956.0,1865,745,745,259.7,2.65,318.075,253.812,0.0,2.38,387.464,223929.0,1.94,0.112,97.2,4828.03609606996,16.327,16.898,11.623,0.19,138.355,5.7,117552000.0,11195000.0,6821000.0,62.9,41.6,4.4,21.95,160304.50890986,100.6968,99.7413,88.2739,76.9281,264.605,186.061,447230,1437004,482774,691192,4.16,2.42,2.42,2.33,2.43,2.53
2019-05-01,3.6,2093.0,1569,741,741,269.3,2.64,319.512,256.405,-0.07,2.35,383.266,217479.0,1.83,0.112,100.0,4305.94238306576,17.17,17.725,12.417,0.19,138.227,6.5,118280000.0,11218000.0,6846000.0,62.9,41.6,4.3,22.03,-207768.39134666,101.2748,100.2936,92.6372,76.9945,265.111,185.894,448985,1442807,483427,692960,4.11,2.39,2.34,2.19,2.29,2.4
2019-06-01,3.6,1879.0,1805,798,798,246.5,2.4,321.089,254.986,-0.03,2.17,384.479,219553.0,1.7,0.112,98.2,3607.76739104414,17.132,17.68,12.303,0.26,139.334,5.3,119290000.0,11281000.0,6900000.0,62.9,41.7,4.3,22.13,-8476.31845422,103.9879,100.8992,99.6989,77.2443,265.823,185.185,448992,1437911,481228,695211,3.92,2.38,2.0,1.83,1.95,2.07
2019-07-01,3.7,2098.0,1798,952,952,244.6,2.37,322.64,256.485,0.03,2.1,386.74,225239.0,1.75,0.111,98.4,4528.901744294821,16.982,17.551,12.359,0.22,140.365,5.8,119755000.0,11293000.0,6908000.0,63.1,41.5,4.3,22.19,-119695.80619346,102.1311,100.6116,113.925,76.7871,266.44,185.563,453667,1441043,477329,698662,3.78,2.4,1.96,1.83,1.93,2.06
2019-08-01,3.7,2275.0,1721,897,897,232.7,2.22,323.693,253.251,0.07,1.95,388.735,224546.0,1.59,0.111,89.8,3771.420594276789,17.092,17.635,12.51,0.06,141.969,5.6,119777000.0,11247000.0,6895000.0,63.1,41.5,4.2,22.21,-200344.34892913,104.9676,100.9573,112.3523,77.3217,266.809,185.266,455967,1439429,476235,700299,3.41,2.13,1.77,1.49,1.55,1.63
2019-09-01,3.5,1838.0,1750,889,889,234.6,2.56,324.979,256.413,0.0,1.89,390.531,221949.0,1.59,0.111,93.2,4310.8835628180295,17.205,17.77,12.545,0.05,141.12,5.4,119752000.0,11216000.0,6880000.0,63.2,41.5,4.1,22.23,82767.65846478,103.0381,100.2008,103.1219,76.7701,267.555,185.315,452048,1432497,473994,702610,3.46,2.04,1.8,1.57,1.64,1.7
2019-10-01,3.6,1922.0,1763,940,940,226.8,2.33,324.934,254.663,-0.03,1.65,391.308,222975.0,1.56,0.109,95.5,3816.32454775245,16.919,17.425,12.387,0.16,140.779,5.4,119865000.0,11196000.0,6880000.0,63.2,41.4,4.1,22.3,-134467.56493381,101.4331,99.9544,93.7998,76.2101,267.95,185.822,453451,1423627,470099,704450,3.45,1.83,1.61,1.53,1.62,1.71
2019-11-01,3.6,2065.0,1738,884,884,230.9,2.65,324.803,253.899,-0.07,1.54,393.437,212779.0,1.64,0.109,96.8,4829.264544040279,17.187,17.645,12.708,0.2,139.674,5.6,120075000.0,11226000.0,6891000.0,63.2,41.4,4.1,22.38,-208838.29445674,101.5782,101.2811,99.9351,76.7466,268.488,185.904,455933,1428934,467731,706448,3.48,1.55,1.57,1.64,1.74,1.81
2019-12-01,3.6,2094.0,1765,817,817,233.5,2.22,325.215,253.181,0.0,1.54,394.65,215324.0,1.72,0.109,99.3,4342.12146717825,17.075,17.54,12.472,0.25,139.097,5.6,119504000.0,11218000.0,6885000.0,63.3,41.3,4.0,22.47,-13272.55731642,101.7663,100.4454,109.8622,76.6587,268.938,186.262,458923,1428557,467121,709281,3.42,1.55,1.55,1.68,1.79,1.86
2020-01-01,3.5,2069.0,1742,877,877,232.8,2.02,326.807,254.758,0.0,1.52,395.887,225551.0,1.72,0.111,99.8,4190.791275989821,16.884,17.314,12.578,0.24,137.922,5.5,120400000.0,11226000.0,6929000.0,63.4,41.3,3.9,22.47,-32593.28000764,101.2873,100.0985,112.8358,76.5911,269.752,186.015,456113,1423687,461646,706883,3.34,1.55,1.53,1.56,1.67,1.76
2020-02-01,3.5,2123.0,1830,793,793,207.5,1.91,328.557,257.367,0.0,1.52,398.41,231488.0,1.62,0.111,101.0,3666.594174982021,16.603,17.061,12.427,0.17,137.758,5.7,120362000.0,11202000.0,6917000.0,63.4,41.6,4.0,22.55,-235335.21387457,102.0064,101.1524,106.5041,76.8616,270.354,185.906,457898,1422821,460720,703376,3.15,1.58,1.41,1.32,1.42,1.5
2020-03-01,4.4,3446.0,1825,760,760,136.8,1.79,328.732,265.932,0.3,0.29,399.392,200119.0,0.99,0.111,89.1,3467.23290320302,11.301,11.68,8.454,0.42,138.206,6.5,119928000.0,11159000.0,6893000.0,62.7,41.3,3.9,22.61,-119125.16471802,98.0919,96.3369,96.4716,73.6099,270.345,184.382,432392,1345135,435665,695350,3.5,0.65,0.33,0.59,0.78,0.87
2020-04-01,14.7,14251.0,7066,705,705,86.7,1.74,328.979,267.831,4.0,0.14,400.789,159130.0,1.1,0.113,71.8,2642.07477658806,8.577,8.923,6.679,0.44,137.273,6.7,113548000.0,10706000.0,6736000.0,60.2,38.4,2.8,22.73,-737850.62107965,82.9007,85.2092,86.0479,62.3428,270.303,181.491,375918,1143227,371289,693204,3.15,0.05,0.18,0.39,0.55,0.66
2020-05-01,13.2,3846.0,14806,996,996,103.1,1.75,331.088,267.244,7.27,0.13,403.365,179384.0,1.12,0.114,72.3,4558.84840069182,12.027,12.328,9.402,0.5,137.773,5.3,113795000.0,10696000.0,6719000.0,60.8,39.4,3.2,22.77,-398821.41365968,85.2377,88.9109,87.2456,65.1154,270.825,181.286,442045,1242725,380336,691831,3.26,0.05,0.16,0.34,0.53,0.67
2020-06-01,11.0,2884.0,11522,1928,1928,137.4,1.63,331.553,270.013,9.5,0.16,403.095,198774.0,1.27,0.114,78.1,3480.3374276700897,12.92,13.271,10.093,0.55,135.521,3.9,114710000.0,10784000.0,6731000.0,61.4,39.9,3.4,22.6,-864074.06849171,93.0916,96.6271,99.7384,70.0259,271.256,183.028,472249,1356209,421852,694095,3.1,0.08,0.18,0.34,0.55,0.73
2020-07-01,10.2,3141.0,5145,6509,6509,166.8,1.77,332.963,263.639,8.0,0.13,403.802,218041.0,1.46,0.114,72.5,3580.70871888949,14.693,15.075,11.272,0.47,139.088,3.5,114679000.0,10752000.0,6728000.0,61.5,40.7,3.7,22.81,-62991.72639454,95.2942,101.0609,115.1903,72.6274,271.835,184.095,481169,1406179,439248,690783,2.79,0.09,0.15,0.28,0.46,0.62
2020-08-01,8.4,2342.0,3105,6580,6580,171.4,2.3,333.199,268.667,6.37,0.1,405.128,221086.0,1.66,0.114,74.1,3316.8287488219203,15.263,15.704,11.823,0.51,147.599,3.3,114793000.0,10714000.0,6722000.0,61.7,41.0,3.7,22.85,-200095.01510766,98.3055,101.8092,111.9056,73.7191,272.479,185.505,482391,1420169,443110,691278,2.8,0.1,0.13,0.27,0.46,0.65
2020-09-01,7.9,2535.0,2735,4962,4962,161.9,1.92,332.434,264.805,5.3,0.11,405.114,225593.0,1.66,0.114,80.4,4726.8111533805495,16.256,16.692,12.471,0.55,155.629,3.4,114854000.0,10700000.0,6708000.0,61.4,41.2,3.8,23.0,-124610.55841919,95.9072,100.3465,98.0708,73.7772,272.897,186.362,492700,1433925,445122,689703,2.91,0.09,0.13,0.27,0.46,0.68
2020-10-01,6.9,2467.0,2342,2654,2654,161.6,2.39,332.286,262.512,4.2,0.1,405.0,229735.0,1.7,0.113,81.8,3650.96028590028,16.633,17.084,12.683,0.64,156.986,3.4,115150000.0,10716000.0,6711000.0,61.6,41.3,4.0,22.99,-284070.53717284,96.6676,100.69,91.7454,74.5992,273.127,186.375,490826,1447466,448309,690624,3.01,0.09,0.13,0.34,0.55,0.79
2020-11-01,6.7,2485.0,2440,1873,1873,167.9,2.61,331.32,269.179,3.63,0.09,403.364,228470.0,1.71,0.113,76.9,3413.25317807558,16.024,16.492,12.207,0.7,154.739,4.1,115353000.0,10726000.0,6710000.0,61.5,41.3,4.0,23.11,-145266.26352985,96.5021,100.6807,93.0406,75.0847,273.78,186.211,486833,1446697,450081,695094,2.87,0.09,0.12,0.39,0.63,0.87
2020-12-01,6.7,2906.0,2344,1563,1563,185.9,2.59,331.412,264.78,3.23,0.09,405.554,231460.0,1.92,0.114,80.7,4103.57879965891,16.482,16.927,12.752,0.79,153.041,4.1,114467000.0,10763000.0,6698000.0,61.5,41.4,4.1,23.18,-143562.32743913,98.1483,102.2358,112.8288,75.4493,274.336,187.53,488876,1467264,459150,696711,2.8,0.09,0.1,0.39,0.66,0.93
2021-01-01,6.4,2307.0,2454,1336,1336,205.5,2.71,332.34,263.677,3.03,0.08,404.585,237284.0,2.08,0.114,79.0,4717.30105629341,16.822,17.327,13.033,0.95,151.708,4.0,113532000.0,10752000.0,6687000.0,61.4,41.6,4.1,23.27,-162832.48946754,99.5517,103.2543,116.9067,76.7414,274.582,188.633,513269,1524341,468239,698229,2.94,0.09,0.1,0.45,0.77,1.08
2021-02-01,6.2,2234.0,2285,1383,1383,230.3,5.35,333.64,268.127,2.87,0.04,402.565,237479.0,2.18,0.114,76.8,5030.32428507279,15.645,16.106,12.262,1.14,150.649,4.8,113680000.0,10758000.0,6682000.0,61.5,41.5,4.2,23.39,-310921.94250467,96.6859,100.9525,114.2905,74.0036,275.181,189.982,503650,1502974,461028,705029,3.16,0.08,0.07,0.54,0.91,1.26
2021-03-01,6.0,2204.0,1950,1371,1371,251.9,2.62,334.479,268.893,2.33,0.03,403.263,241392.0,2.28,0.114,84.9,4338.38977517171,17.723,18.223,13.852,1.46,151.174,4.2,113962000.0,10755000.0,6681000.0,61.5,41.7,4.1,23.4,-659591.61844058,99.2465,102.185,98.4832,76.3791,276.125,192.032,558369,1586444,466236,707492,3.42,0.07,0.08,0.82,1.27,1.61
2021-04-01,6.0,2400.0,1981,1160,1160,255.1,2.66,336.037,270.284,-0.07,0.02,405.162,236566.0,2.35,0.116,88.3,4281.12360561035,18.173,18.655,14.121,1.47,166.035,4.7,114386000.0,10715000.0,6680000.0,61.7,41.6,4.3,23.48,-225579.46032577,97.5567,101.6736,87.2921,76.383,277.364,193.724,555865,1594668,466698,710250,3.27,0.07,0.06,0.86,1.31,1.64
2021-05-01,5.8,1974.0,2218,1230,1230,266.5,2.91,337.08,274.077,-0.13,0.02,405.522,241545.0,2.47,0.116,82.9,4144.393441353221,16.688,17.177,12.798,1.47,178.796,5.4,115347000.0,10714000.0,6688000.0,61.6,41.5,4.2,23.64,-131953.06316821,98.6079,102.2237,89.3455,77.1535,278.65,196.046,550441,1599215,473192,717919,3.31,0.06,0.05,0.82,1.28,1.62
2021-06-01,5.9,1972.0,2182,1338,1338,282.0,3.26,337.844,274.497,-0.03,0.04,405.791,245826.0,2.34,0.116,85.5,4018.807579853221,15.282,15.757,11.689,1.32,196.878,5.8,116646000.0,10767000.0,6729000.0,61.6,41.3,4.1,23.77,-174160.55026216,101.3634,102.1322,103.9947,77.152,279.75,199.37,553044,1623099,480651,725494,3.14,0.08,0.07,0.84,1.23,1.52
2021-07-01,5.4,2246.0,1794,1203,1203,287.8,3.84,339.703,277.435,-0.23,0.05,406.494,246741.0,2.33,0.117,81.2,4540.562147303521,14.62,15.067,11.182,1.1,196.969,6.0,117527000.0,10796000.0,6737000.0,61.7,41.5,4.1,23.89,-302050.4883435,100.7714,102.682,112.2001,78.0238,280.9,200.804,541721,1634914,487964,729783,2.93,0.1,0.08,0.76,1.07,1.32
2021-08-01,5.2,2110.0,1927,1248,1248,273.8,4.07,340.918,280.35,-0.2,0.05,407.217,250577.0,2.35,0.117,70.3,6052.680865812679,13.056,13.486,9.993,1.06,194.645,6.5,118063000.0,10791000.0,6722000.0,61.7,41.4,4.1,24.03,-170634.65366187,102.5341,102.5238,114.0978,77.7656,281.979,201.975,547399,1636905,488388,735546,2.94,0.09,0.07,0.77,1.06,1.28
2021-09-01,4.7,2227.0,1727,1047,1047,285.8,5.16,341.673,279.897,-0.37,0.04,407.68,246849.0,2.34,0.117,72.8,3910.2831410712,12.311,12.731,9.5,1.13,193.626,6.1,118319000.0,10779000.0,6718000.0,61.7,41.4,4.1,24.1,-61544.25121268,99.5366,101.6084,100.3642,77.1417,283.532,203.215,553275,1657284,492160,743493,2.92,0.08,0.08,0.86,1.16,1.37
2021-10-01,4.6,2051.0,1876,1001,1001,319.8,5.51,344.107,286.313,-0.27,0.05,411.695,250503.0,2.53,0.116,71.7,5232.4515973257,13.224,13.662,10.479,1.19,198.479,6.9,118672000.0,10806000.0,6731000.0,61.7,41.3,4.0,24.17,-165055.36693325,101.0112,102.3657,91.1548,78.4194,285.453,206.035,563010,1686231,501087,749747,3.04,0.08,0.11,1.11,1.4,1.58
2021-11-01,4.2,1985.0,1703,870,870,319.4,5.05,345.262,289.12,-0.33,0.05,413.56,254074.0,2.62,0.117,67.4,4829.41165232849,13.103,13.542,10.321,1.05,203.322,6.2,119308000.0,10846000.0,6742000.0,61.9,41.4,4.1,24.24,-191335.04052197,101.5134,102.9771,97.8449,78.828,286.849,208.467,565690,1703928,505813,756238,2.98,0.08,0.18,1.2,1.45,1.56
2021-12-01,3.9,1977.0,1571,780,780,289.4,3.76,347.599,289.094,-0.27,0.06,414.974,256464.0,2.46,0.117,70.6,4968.45756474277,12.716,13.173,9.934,0.78,210.09,5.6,118784000.0,10863000.0,6733000.0,61.9,41.4,4.1,24.38,-21303.12942523,101.6054,102.6412,108.3546,78.7495,288.259,210.452,556810,1698187,508219,759327,2.99,0.08,0.3,1.23,1.4,1.47
2022-01-01,4.0,2417.0,1607,816,816,317.3,4.38,350.466,294.697,-0.2,0.15,416.06,264356.0,2.45,0.117,67.2,4395.878434807089,15.11,15.549,12.072,0.78,213.173,5.7,118231000.0,10854000.0,6664000.0,62.2,41.2,4.2,24.51,118698.85824166,102.782,104.2414,126.5273,78.4425,290.151,212.082,576000,1756481,515741,765231,3.26,0.08,0.55,1.54,1.7,1.76
2022-02-01,3.8,2131.0,1800,735,735,355.5,4.69,352.581,300.701,-0.13,0.33,418.196,262494.0,2.46,0.117,62.8,4596.03095693778,13.713,14.164,10.89,0.49,212.644,6.0,118402000.0,10881000.0,6667000.0,62.3,41.6,4.4,24.56,-216589.75205605,103.4034,104.4799,114.3064,79.3341,291.549,214.826,581768,1776578,519899,770905,3.59,0.08,1.0,1.81,1.91,1.93
2022-03-01,3.6,2289.0,1684,571,571,427.6,4.9,355.313,305.711,-0.1,0.44,420.382,264258.0,2.85,0.117,59.4,4762.286599871351,13.551,14.003,10.819,0.22,204.562,7.0,118805000.0,10895000.0,6678000.0,62.4,41.5,4.2,24.74,-192682.38665693,104.1409,104.6884,102.7847,79.8162,293.668,219.353,587570,1805838,531180,781702,3.87,0.2,1.34,2.11,2.15,2.13
2022-04-01,3.6,2227.0,1617,551,551,434.4,6.6,356.241,306.625,-0.13,0.76,422.926,265376.0,2.88,0.119,65.2,4208.56510480418,14.284,14.74,11.387,0.21,203.776,8.4,119480000.0,10926000.0,6678000.0,62.2,41.2,4.1,24.82,308215.06052679,102.098,106.0705,91.3963,80.1002,295.376,218.699,590238,1817211,534507,787969,4.2,0.33,1.89,2.78,2.8,2.75
2022-05-01,3.6,2066.0,1767,661,661,446.8,8.14,358.774,310.451,-0.07,0.98,425.58,267533.0,2.69,0.118,58.4,4274.713573334229,12.58,13.044,9.982,0.28,207.518,8.3,120345000.0,10946000.0,6693000.0,62.3,41.2,4.2,24.94,-66222.56120958,102.9613,105.2305,93.8455,79.6842,297.881,221.582,591793,1834718,545675,798203,4.65,0.77,2.06,2.87,2.92,2.9
2022-06-01,3.6,2262.0,1552,753,753,473.1,7.7,362.04,311.685,0.0,1.49,430.157,273571.0,2.62,0.118,50.0,5628.26638135085,13.048,13.523,10.305,0.14,210.863,9.4,121820000.0,11019000.0,6749000.0,62.2,41.0,4.1,24.96,-88841.51292609,105.1601,104.4278,104.523,79.1284,300.29,226.137,598145,1856573,550206,801535,4.8,1.21,2.65,3.19,3.21,3.14
2022-07-01,3.5,2080.0,1772,718,718,426.8,7.28,363.036,317.686,-0.03,2.23,432.474,273203.0,2.36,0.118,51.5,4084.70543794446,13.319,13.811,10.645,-0.14,209.998,10.1,122364000.0,11037000.0,6756000.0,62.1,41.1,4.0,25.05,-211051.76005026,104.4505,104.8702,115.5747,79.4622,301.639,224.905,595894,1838499,545282,801381,4.71,1.68,3.02,2.96,2.97,2.9
2022-08-01,3.7,2223.0,1807,885,885,383.4,8.81,365.535,317.676,0.03,2.63,435.21,273841.0,2.51,0.118,58.2,3897.97834735878,13.236,13.74,10.445,-0.35,209.782,8.3,122380000.0,11004000.0,6719000.0,62.4,41.0,3.9,25.12,-219596.24094964,106.0132,104.9043,114.2425,79.4632,304.109,223.211,598380,1844829,549197,800301,4.67,2.33,3.28,3.03,2.98,2.9
2022-09-01,3.5,2154.0,1645,899,899,353.3,7.88,367.479,315.815,0.0,3.13,439.701,274557.0,2.38,0.118,58.6,3533.05856121582,13.572,14.047,10.663,-0.34,207.532,9.4,122410000.0,10937000.0,6660000.0,62.3,41.1,3.9,25.25,-429673.47896184,104.451,104.841,100.5098,79.5793,306.323,222.638,597720,1847939,550270,801626,5.17,2.56,3.89,3.7,3.64,3.52
