date,n,oil_raw,oil_lag1,oil_lag2,oil_lag3,oil_lag6,oil_lag12,ngf1_raw,ngf1_lag1,ngf1_lag2,ngf1_lag3,ngf1_lag6,ngf1_lag12,ngf2_raw,ngf2_lag1,ngf2_lag2,ngf2_lag3,ngf2_lag6,ngf2_lag12,bf90_raw,bf90_lag1,bf90_lag2,bf90_lag3,bf90_lag6,bf90_lag12,lhpi_raw,lhpi_lag1,lhpi_lag2,lhpi_lag3,lhpi_lag6,lhpi_lag12,shpi_raw,shpi_lag1,shpi_lag2,shpi_lag3,shpi_lag6,shpi_lag12,mfrm_raw,mfrm_lag1,mfrm_lag2,mfrm_lag3,mfrm_lag6,mfrm_lag12,lfrm_raw,lfrm_lag1,lfrm_lag2,lfrm_lag3,lfrm_lag6,lfrm_lag12,sfrm_raw,sfrm_lag1,sfrm_lag2,sfrm_lag3,sfrm_lag6,sfrm_lag12
2016-01-01,352,29.11,31.27,38.93,43.66,50.51,44.83,2.298,2.337,2.235,2.321,2.716,2.691,56,103,27,64,22,56,97.81,97.78,97.76,98.01,97.91,97.62,185.72183792,183.93869828,182.08619444,180.05793213,173.86241453,165.51601544,178.60739328,177.08619836,175.52822923,173.76230368,168.40848806,161.102642,3.07,3.24,3.18,2.98,3.17,2.98,3.79,4.01,3.95,3.76,3.98,3.66,2.9,3.08,3.01,2.89,2.95,2.86
2016-02-01,330,30.13,29.11,31.27,38.93,47.01,56.83,1.711,2.298,2.337,2.235,2.689,2.734,37,56,103,27,21,102,97.74,97.81,97.78,97.76,97.9,97.76,187.40812718,185.72183792,183.93869828,182.08619444,175.93857553,166.70448232,180.02937573,178.60739328,177.08619836,175.52822923,170.23675069,162.08776252,2.93,3.07,3.24,3.18,3.06,3.07,3.62,3.79,4.01,3.95,3.84,3.8,2.79,2.9,3.08,3.01,2.9,2.99
2016-03-01,323,34.33,30.13,29.11,31.27,43.58,51.06,1.959,1.711,2.298,2.337,2.524,2.64,57,37,56,103,62,32,97.79,97.74,97.81,97.78,97.97,98.03,188.89622786,187.40812718,185.72183792,183.93869828,177.94589584,168.09946152,181.30546139,180.02937573,178.60739328,177.08619836,171.94330082,163.34638744,2.98,2.93,3.07,3.24,3.08,2.97,3.71,3.62,3.79,4.01,3.86,3.69,2.9,2.79,2.9,3.08,2.91,2.92
2016-04-01,369,42.7,34.33,30.13,29.11,43.66,62.21,2.178,1.959,1.711,2.298,2.321,2.751,82,57,37,56,64,185,97.91,97.79,97.74,97.81,98.01,97.86,190.46548833,188.89622786,187.40812718,185.72183792,180.05793213,169.46457778,182.64666364,181.30546139,180.02937573,178.60739328,173.76230368,164.54724352,2.89,2.98,2.93,3.07,2.98,2.94,3.66,3.71,3.62,3.79,3.76,3.68,2.86,2.9,2.79,2.9,2.89,2.85
2016-05-01,392,45.15,42.7,34.33,30.13,38.93,60.47,2.288,2.178,1.959,1.711,2.235,2.642,180,82,57,37,27,88,98.01,97.91,97.79,97.74,97.76,97.87,192.32037012,190.46548833,188.89622786,187.40812718,182.08619444,170.71631874,184.28087151,182.64666364,181.30546139,180.02937573,175.52822923,165.64138613,2.89,2.89,2.98,2.93,3.18,3.11,3.64,3.66,3.71,3.62,3.95,3.87,2.87,2.86,2.9,2.79,3.01,2.9
2016-06-01,329,46.27,45.15,42.7,34.33,31.27,58.79,2.924,2.288,2.178,1.959,2.337,2.832,30,180,82,57,103,72,98.12,98.01,97.91,97.79,97.78,97.89,194.04819307,192.32037012,190.46548833,188.89622786,183.93869828,172.08036301,185.79902259,184.28087151,182.64666364,181.30546139,177.08619836,166.83390844,2.78,2.89,2.89,2.98,3.24,3.21,3.48,3.64,3.66,3.71,4.01,4.02,2.7,2.87,2.86,2.9,3.08,2.98
2016-07-01,420,38.97,46.27,45.15,42.7,29.11,50.51,2.876,2.924,2.288,2.178,2.298,2.716,38,30,180,82,56,22,98.17,98.12,98.01,97.91,97.81,97.91,195.71031076,194.04819307,192.32037012,190.46548833,185.72183792,173.86241453,187.2566811,185.79902259,184.28087151,182.64666364,178.60739328,168.40848806,2.78,2.78,2.89,2.89,3.07,3.17,3.48,3.48,3.64,3.66,3.79,3.98,2.78,2.7,2.87,2.86,2.9,2.95
2016-08-01,359,43.91,38.97,46.27,45.15,30.13,47.01,2.887,2.876,2.924,2.288,1.711,2.689,79,38,30,180,37,21,98.26,98.17,98.12,98.01,97.74,97.9,197.67419967,195.71031076,194.04819307,192.32037012,187.40812718,175.93857553,189.01483876,187.2566811,185.79902259,184.28087151,180.02937573,170.23675069,2.74,2.78,2.78,2.89,2.93,3.06,3.43,3.48,3.48,3.64,3.62,3.84,2.75,2.78,2.7,2.87,2.79,2.9
2016-09-01,368,44.63,43.91,38.97,46.27,34.33,43.58,2.906,2.887,2.876,2.924,1.959,2.524,75,79,38,30,57,62,98.29,98.26,98.17,98.12,97.79,97.97,199.62387442,197.67419967,195.71031076,194.04819307,188.89622786,177.94589584,190.74210874,189.01483876,187.2566811,185.79902259,181.30546139,171.94330082,2.72,2.74,2.78,2.78,2.98,3.08,3.42,3.43,3.48,3.48,3.71,3.86,2.81,2.75,2.78,2.7,2.9,2.91
2016-10-01,367,45.83,44.63,43.91,38.97,42.7,43.66,3.026,2.906,2.887,2.876,2.178,2.321,84,75,79,38,82,64,98.24,98.29,98.26,98.17,97.91,98.01,201.36615693,199.62387442,197.67419967,195.71031076,190.46548833,180.05793213,192.27456282,190.74210874,189.01483876,187.2566811,182.64666364,173.76230368,2.78,2.72,2.74,2.78,2.89,2.98,3.47,3.42,3.43,3.48,3.66,3.76,2.84,2.81,2.75,2.78,2.86,2.89
2016-11-01,350,44.8,45.83,44.63,43.91,45.15,38.93,3.352,3.026,2.906,2.887,2.288,2.235,28,84,75,79,180,27,98.22,98.24,98.29,98.26,98.01,97.76,203.11719409,201.36615693,199.62387442,197.67419967,192.32037012,182.08619444,193.82771495,192.27456282,190.74210874,189.01483876,184.28087151,175.52822923,3.25,2.78,2.72,2.74,2.89,3.18,4.03,3.47,3.42,3.43,3.64,3.95,3.12,2.84,2.81,2.75,2.87,3.01
2016-12-01,414,53.3,44.8,45.83,44.63,46.27,31.27,3.724,3.352,3.026,2.906,2.924,2.337,193,28,84,75,30,103,98.17,98.22,98.24,98.29,98.12,97.78,205.42592851,203.11719409,201.36615693,199.62387442,194.04819307,183.93869828,195.80018464,193.82771495,192.27456282,190.74210874,185.79902259,177.08619836,3.55,3.25,2.78,2.72,2.78,3.24,4.32,4.03,3.47,3.42,3.48,4.01,3.3,3.12,2.84,2.81,2.7,3.08
2017-01-01,339,52.19,53.3,44.8,45.83,38.97,29.11,3.117,3.724,3.352,3.026,2.876,2.298,44,193,28,84,38,56,98.22,98.17,98.22,98.24,98.17,97.81,207.79546711,205.42592851,203.11719409,201.36615693,195.71031076,185.72183792,197.84808799,195.80018464,193.82771495,192.27456282,187.2566811,178.60739328,3.4,3.55,3.25,2.78,2.78,3.07,4.19,4.32,4.03,3.47,3.48,3.79,3.2,3.3,3.12,2.84,2.78,2.9
2017-02-01,347,53.4,52.19,53.3,44.8,43.91,30.13,2.774,3.117,3.724,3.352,2.887,1.711,263,44,193,28,79,37,98.22,98.22,98.17,98.22,98.26,97.74,210.11986739,207.79546711,205.42592851,203.11719409,197.67419967,187.40812718,199.7760782,197.84808799,195.80018464,193.82771495,189.01483876,180.02937573,3.37,3.4,3.55,3.25,2.74,2.93,4.16,4.19,4.32,4.03,3.43,3.62,3.16,3.2,3.3,3.12,2.75,2.79
2017-03-01,403,50.43,53.4,52.19,53.3,44.63,34.33,3.19,2.774,3.117,3.724,2.906,1.959,27,263,44,193,75,57,98.22,98.22,98.22,98.17,98.29,97.79,212.96668764,210.11986739,207.79546711,205.42592851,199.62387442,188.89622786,202.20038732,199.7760782,197.84808799,195.80018464,190.74210874,181.30546139,3.39,3.37,3.4,3.55,2.72,2.98,4.14,4.16,4.19,4.32,3.42,3.71,3.18,3.16,3.2,3.3,2.81,2.9
2017-04-01,363,49.33,50.43,53.4,52.19,45.83,42.7,3.275,3.19,2.774,3.117,3.026,2.178,40,27,263,44,84,82,98.28,98.22,98.22,98.22,98.24,97.91,215.54238403,212.96668764,210.11986739,207.79546711,201.36615693,190.46548833,204.35460243,202.20038732,199.7760782,197.84808799,192.27456282,182.64666364,3.27,3.39,3.37,3.4,2.78,2.89,4.03,4.14,4.16,4.19,3.47,3.66,3.12,3.18,3.16,3.2,2.84,2.86
2017-05-01,416,48.69,49.33,50.43,53.4,44.8,45.15,3.07,3.275,3.19,2.774,3.352,2.288,71,40,27,263,28,180,98.28,98.28,98.22,98.22,98.22,98.01,217.75694332,215.54238403,212.96668764,210.11986739,203.11719409,192.32037012,206.17839642,204.35460243,202.20038732,199.7760782,193.82771495,184.28087151,3.19,3.27,3.39,3.37,3.25,2.89,3.95,4.03,4.14,4.16,4.03,3.64,3.07,3.12,3.18,3.16,3.12,2.87
2017-06-01,327,45.63,48.69,49.33,50.43,53.3,46.27,3.035,3.07,3.275,3.19,3.724,2.924,57,71,40,27,193,30,98.26,98.28,98.28,98.22,98.17,98.12,220.28635404,217.75694332,215.54238403,212.96668764,205.42592851,194.04819307,208.31137754,206.17839642,204.35460243,202.20038732,195.80018464,185.79902259,3.17,3.19,3.27,3.39,3.55,2.78,3.88,3.95,4.03,4.14,4.32,3.48,3.17,3.07,3.12,3.18,3.3,2.7
2017-07-01,380,49.97,45.63,48.69,49.33,52.19,38.97,2.794,3.035,3.07,3.275,3.117,2.876,79,57,71,40,44,38,98.29,98.26,98.28,98.28,98.22,98.17,222.5567783,220.28635404,217.75694332,215.54238403,207.79546711,195.71031076,210.23361428,208.31137754,206.17839642,204.35460243,197.84808799,187.2566811,3.2,3.17,3.19,3.27,3.4,2.78,3.92,3.88,3.95,4.03,4.19,3.48,3.18,3.17,3.07,3.12,3.2,2.78
2017-08-01,361,49.36,49.97,45.63,48.69,53.4,43.91,3.04,2.794,3.035,3.07,2.774,2.887,70,79,57,71,263,79,98.25,98.29,98.26,98.28,98.22,98.26,224.60748726,222.5567783,220.28635404,217.75694332,210.11986739,197.67419967,211.97127025,210.23361428,208.31137754,206.17839642,199.7760782,189.01483876,3.12,3.2,3.17,3.19,3.37,2.74,3.82,3.92,3.88,3.95,4.16,3.43,3.14,3.18,3.17,3.07,3.16,2.75
2017-09-01,398,55.2,49.36,49.97,45.63,50.43,44.63,3.007,3.04,2.794,3.035,3.19,2.906,26,70,79,57,27,75,98.22,98.25,98.29,98.26,98.22,98.29,226.94846027,224.60748726,222.5567783,220.28635404,212.96668764,199.62387442,213.99153798,211.97127025,210.23361428,208.31137754,202.20038732,190.74210874,3.13,3.12,3.2,3.17,3.39,2.72,3.83,3.82,3.92,3.88,4.14,3.42,3.2,3.14,3.18,3.17,3.18,2.81
2017-10-01,330,58.53,55.2,49.36,49.97,49.33,45.83,2.896,3.007,3.04,2.794,3.275,3.026,49,26,70,79,40,84,98.28,98.22,98.25,98.29,98.28,98.24,229.38930317,226.94846027,224.60748726,222.5567783,215.54238403,201.36615693,216.11858573,213.99153798,211.97127025,210.23361428,204.35460243,192.27456282,3.25,3.13,3.12,3.2,3.27,2.78,3.94,3.83,3.82,3.92,4.03,3.47,3.21,3.2,3.14,3.18,3.12,2.84
2017-11-01,413,61.06,58.53,55.2,49.36,48.69,44.8,3.025,2.896,3.007,3.04,3.07,3.352,147,49,26,70,71,28,98.25,98.28,98.22,98.25,98.28,98.22,231.91531984,229.38930317,226.94846027,224.60748726,217.75694332,203.11719409,218.38958888,216.11858573,213.99153798,211.97127025,206.17839642,193.82771495,3.3,3.25,3.13,3.12,3.19,3.25,3.9,3.94,3.83,3.82,3.95,4.03,3.32,3.21,3.2,3.14,3.07,3.12
2017-12-01,466,64.47,61.06,58.53,55.2,45.63,53.3,2.953,3.025,2.896,3.007,3.035,3.724,214,147,49,26,57,193,98.22,98.25,98.28,98.22,98.26,98.17,234.28805191,231.91531984,229.38930317,226.94846027,220.28635404,205.42592851,220.52479346,218.38958888,216.11858573,213.99153798,208.31137754,195.80018464,3.44,3.3,3.25,3.13,3.17,3.55,3.99,3.9,3.94,3.83,3.88,4.32,3.47,3.32,3.21,3.2,3.17,3.3
2018-01-01,326,66.28,64.47,61.06,58.53,49.97,52.19,2.995,2.953,3.025,2.896,2.794,3.117,135,214,147,49,79,44,98.24,98.22,98.25,98.28,98.29,98.22,236.51026259,234.28805191,231.91531984,229.38930317,222.5567783,207.79546711,222.68046308,220.52479346,218.38958888,216.11858573,210.23361428,197.84808799,3.62,3.44,3.3,3.25,3.2,3.4,4.15,3.99,3.9,3.94,3.92,4.19,3.52,3.47,3.32,3.21,3.18,3.2
2018-02-01,338,63.97,66.28,64.47,61.06,49.36,53.4,2.667,2.995,2.953,3.025,3.04,2.774,60,135,214,147,70,263,98.19,98.24,98.22,98.25,98.25,98.22,238.8066202,236.51026259,234.28805191,231.91531984,224.60748726,210.11986739,224.87218609,222.68046308,220.52479346,218.38958888,211.97127025,199.7760782,3.85,3.62,3.44,3.3,3.12,3.37,4.4,4.15,3.99,3.9,3.82,4.16,3.65,3.52,3.47,3.32,3.14,3.16
2018-03-01,417,65.87,63.97,66.28,64.47,55.2,50.43,2.733,2.667,2.995,2.953,3.007,3.19,49,60,135,214,26,27,98.11,98.19,98.24,98.22,98.22,98.22,240.59721545,238.8066202,236.51026259,234.28805191,226.94846027,212.96668764,226.72581699,224.87218609,222.68046308,220.52479346,213.99153798,202.20038732,3.9,3.85,3.62,3.44,3.13,3.39,4.44,4.4,4.15,3.99,3.83,4.14,3.66,3.65,3.52,3.47,3.2,3.18
2018-04-01,373,71.02,65.87,63.97,66.28,58.53,49.33,2.763,2.733,2.667,2.995,2.896,3.275,34,49,60,135,49,40,98.03,98.11,98.19,98.24,98.28,98.28,241.60654385,240.59721545,238.8066202,236.51026259,229.38930317,215.54238403,227.91876311,226.72581699,224.87218609,222.68046308,216.11858573,204.35460243,4.02,3.9,3.85,3.62,3.25,3.27,4.58,4.44,4.4,4.15,3.94,4.03,3.74,3.66,3.65,3.52,3.21,3.12
2018-05-01,351,75.18,71.02,65.87,63.97,61.06,48.69,2.952,2.763,2.733,2.667,3.025,3.07,83,34,49,60,147,71,98.03,98.03,98.11,98.19,98.25,98.28,242.12205413,241.60654385,240.59721545,238.8066202,231.91531984,217.75694332,228.74686434,227.91876311,226.72581699,224.87218609,218.38958888,206.17839642,4.06,4.02,3.9,3.85,3.3,3.19,4.56,4.58,4.44,4.4,3.9,3.95,3.8,3.74,3.66,3.65,3.32,3.07
2018-06-01,298,75.68,75.18,71.02,65.87,64.47,45.63,2.924,2.952,2.763,2.733,2.953,3.035,26,83,34,49,214,57,98,98.03,98.03,98.11,98.22,98.26,242.50200169,242.12205413,241.60654385,240.59721545,234.28805191,220.28635404,229.50420225,228.74686434,227.91876311,226.72581699,220.52479346,208.31137754,4.04,4.06,4.02,3.9,3.44,3.17,4.55,4.56,4.58,4.44,3.99,3.88,3.87,3.8,3.74,3.66,3.47,3.17
2018-07-01,342,73.62,75.68,75.18,71.02,66.28,49.97,2.782,2.924,2.952,2.763,2.995,2.794,23,26,83,34,135,79,98.01,98,98.03,98.03,98.24,98.29,242.75958937,242.50200169,242.12205413,241.60654385,236.51026259,222.5567783,230.17744055,229.50420225,228.74686434,227.91876311,222.68046308,210.23361428,4.02,4.04,4.06,4.02,3.62,3.2,4.54,4.55,4.56,4.58,4.15,3.92,3.87,3.87,3.8,3.74,3.52,3.18
2018-08-01,390,75.74,73.62,75.68,75.18,63.97,49.36,2.916,2.782,2.924,2.952,2.667,3.04,16,23,26,83,60,70,98,98.01,98,98.03,98.19,98.25,242.91474712,242.75958937,242.50200169,242.12205413,238.8066202,224.60748726,230.80507609,230.17744055,229.50420225,228.74686434,224.87218609,211.97127025,3.97,4.02,4.04,4.06,3.85,3.12,4.52,4.54,4.55,4.56,4.4,3.82,3.85,3.87,3.87,3.8,3.65,3.14
2018-09-01,316,81.48,75.74,73.62,75.68,65.87,55.2,3.008,2.916,2.782,2.924,2.733,3.007,59,16,23,26,49,26,98.07,98,98.01,98,98.11,98.22,242.990361,242.91474712,242.75958937,242.50200169,240.59721545,226.94846027,231.39233258,230.80507609,230.17744055,229.50420225,226.72581699,213.99153798,4.16,3.97,4.02,4.04,3.9,3.13,4.72,4.52,4.54,4.55,4.44,3.83,3.97,3.85,3.87,3.87,3.66,3.2
2018-10-01,303,75.24,81.48,75.74,73.62,71.02,58.53,3.261,3.008,2.916,2.782,2.763,2.896,49,59,16,23,34,49,98.07,98.07,98,98.01,98.03,98.28,243.02723697,242.990361,242.91474712,242.75958937,241.60654385,229.38930317,231.96066324,231.39233258,230.80507609,230.17744055,227.91876311,216.11858573,4.29,4.16,3.97,4.02,4.02,3.25,4.86,4.72,4.52,4.54,4.58,3.94,4.14,3.97,3.85,3.87,3.74,3.21
2018-11-01,327,58.33,75.24,81.48,75.74,75.18,61.06,4.612,3.261,3.008,2.916,2.952,3.025,154,49,59,16,83,147,98.04,98.07,98.07,98,98.03,98.25,242.76062212,243.02723697,242.990361,242.91474712,242.12205413,231.91531984,232.25815604,231.96066324,231.39233258,230.80507609,228.74686434,218.38958888,4.25,4.29,4.16,3.97,4.06,3.3,4.81,4.86,4.72,4.52,4.56,3.9,4.12,4.14,3.97,3.85,3.8,3.32
2018-12-01,371,51.55,58.33,75.24,81.48,75.68,64.47,2.94,4.612,3.261,3.008,2.924,2.953,188,154,49,59,26,214,98.06,98.04,98.07,98.07,98,98.22,242.65791456,242.76062212,243.02723697,242.990361,242.50200169,234.28805191,232.66405424,232.25815604,231.96066324,231.39233258,229.50420225,220.52479346,4.01,4.25,4.29,4.16,4.04,3.44,4.55,4.81,4.86,4.72,4.55,3.99,4,4.12,4.14,3.97,3.87,3.47
2019-01-01,278,61.19,51.55,58.33,75.24,73.62,66.28,2.814,2.94,4.612,3.261,2.782,2.995,59,188,154,49,23,135,98.01,98.06,98.04,98.07,98.01,98.24,242.8809972,242.65791456,242.76062212,243.02723697,242.75958937,236.51026259,233.45004022,232.66405424,232.25815604,231.96066324,230.17744055,222.68046308,3.89,4.01,4.25,4.29,4.02,3.62,4.46,4.55,4.81,4.86,4.54,4.15,3.96,4,4.12,4.14,3.87,3.52
2019-02-01,248,65.28,61.19,51.55,58.33,75.74,63.97,2.812,2.814,2.94,4.612,2.916,2.667,95,59,188,154,16,60,98.08,98.01,98.06,98.04,98,98.19,242.73697032,242.8809972,242.65791456,242.76062212,242.91474712,238.8066202,233.66556609,233.45004022,232.66405424,232.25815604,230.80507609,224.87218609,3.77,3.89,4.01,4.25,3.97,3.85,4.35,4.46,4.55,4.81,4.52,4.4,3.84,3.96,4,4.12,3.85,3.65
2019-03-01,400,67.23,65.28,61.19,51.55,81.48,65.87,2.662,2.812,2.814,2.94,3.008,2.733,76,95,59,188,59,49,98.36,98.08,98.01,98.06,98.07,98.11,242.75885276,242.73697032,242.8809972,242.65791456,242.990361,240.59721545,234.10761735,233.66556609,233.45004022,232.66405424,231.39233258,226.72581699,3.57,3.77,3.89,4.01,4.16,3.9,4.06,4.35,4.46,4.55,4.72,4.44,3.75,3.84,3.96,4,3.97,3.66
2019-04-01,279,71.91,67.23,65.28,61.19,75.24,71.02,2.575,2.662,2.812,2.814,3.261,2.763,59,76,95,59,49,34,98.51,98.36,98.08,98.01,98.07,98.03,243.55122258,242.75885276,242.73697032,242.8809972,243.02723697,241.60654385,235.24772851,234.10761735,233.66556609,233.45004022,231.96066324,227.91876311,3.64,3.57,3.77,3.89,4.29,4.02,4.2,4.06,4.35,4.46,4.86,4.58,3.77,3.75,3.84,3.96,4.14,3.74
2019-05-01,328,64.15,71.91,67.23,65.28,58.33,75.18,2.454,2.575,2.662,2.812,4.612,2.952,156,59,76,95,154,83,98.56,98.51,98.36,98.08,98.04,98.03,244.46520439,243.55122258,242.75885276,242.73697032,242.76062212,242.12205413,236.43797048,235.24772851,234.10761735,233.66556609,232.25815604,228.74686434,3.46,3.64,3.57,3.77,4.25,4.06,3.99,4.2,4.06,4.35,4.81,4.56,3.6,3.77,3.75,3.84,4.12,3.8
2019-06-01,311,65.6,64.15,71.91,67.23,51.55,75.68,2.308,2.454,2.575,2.662,2.94,2.924,92,156,59,76,188,26,98.9,98.56,98.51,98.36,98.06,98,245.26929133,244.46520439,243.55122258,242.75885276,242.65791456,242.50200169,237.47307056,236.43797048,235.24772851,234.10761735,232.66405424,229.50420225,3.16,3.46,3.64,3.57,4.01,4.04,3.73,3.99,4.2,4.06,4.55,4.55,3.39,3.6,3.77,3.75,4,3.87
2019-07-01,322,65.53,65.6,64.15,71.91,61.19,73.62,2.233,2.308,2.454,2.575,2.814,2.782,223,92,156,59,59,23,98.95,98.9,98.56,98.51,98.01,98.01,246.08286846,245.26929133,244.46520439,243.55122258,242.8809972,242.75958937,238.43786465,237.47307056,236.43797048,235.24772851,233.45004022,230.17744055,3.18,3.16,3.46,3.64,3.89,4.02,3.75,3.73,3.99,4.2,4.46,4.54,3.47,3.39,3.6,3.77,3.96,3.87
2019-08-01,350,60.11,65.53,65.6,64.15,65.28,75.74,2.285,2.233,2.308,2.454,2.812,2.916,54,223,92,156,95,16,99.01,98.95,98.9,98.56,98.08,98,247.36495043,246.08286846,245.26929133,244.46520439,242.73697032,242.91474712,239.82382862,238.43786465,237.47307056,236.43797048,233.66556609,230.80507609,3.06,3.18,3.16,3.46,3.77,3.97,3.58,3.75,3.73,3.99,4.35,4.52,3.31,3.47,3.39,3.6,3.84,3.85
2019-09-01,304,61.09,60.11,65.53,65.6,67.23,81.48,2.33,2.285,2.233,2.308,2.662,3.008,102,54,223,92,76,59,99.06,99.01,98.95,98.9,98.36,98.07,248.57596026,247.36495043,246.08286846,245.26929133,242.75885276,242.990361,241.08658246,239.82382862,238.43786465,237.47307056,234.10761735,231.39233258,3.16,3.06,3.18,3.16,3.57,4.16,3.64,3.58,3.75,3.73,4.06,4.72,3.38,3.31,3.47,3.39,3.75,3.97
2019-10-01,297,60.52,61.09,60.11,65.53,71.91,75.24,2.633,2.33,2.285,2.233,2.575,3.261,230,102,54,223,59,49,98.99,99.06,99.01,98.95,98.51,98.07,249.98392935,248.57596026,247.36495043,246.08286846,243.55122258,243.02723697,242.52142087,241.08658246,239.82382862,238.43786465,235.24772851,231.96066324,3.19,3.16,3.06,3.18,3.64,4.29,3.78,3.64,3.58,3.75,4.2,4.86,3.43,3.38,3.31,3.47,3.77,4.14
2019-11-01,323,63.83,60.52,61.09,60.11,64.15,58.33,2.281,2.633,2.33,2.285,2.454,4.612,330,230,102,54,156,154,99.05,98.99,99.06,99.01,98.56,98.04,251.57785315,249.98392935,248.57596026,247.36495043,244.46520439,242.76062212,244.15709126,242.52142087,241.08658246,239.82382862,236.43797048,232.25815604,3.15,3.19,3.16,3.06,3.46,4.25,3.68,3.78,3.64,3.58,3.99,4.81,3.43,3.43,3.38,3.31,3.6,4.12
2019-12-01,332,67.96,63.83,60.52,61.09,65.6,51.55,2.189,2.281,2.633,2.33,2.308,2.94,158,330,230,102,92,188,99.11,99.05,98.99,99.06,98.9,98.06,253.2143674,251.57785315,249.98392935,248.57596026,245.26929133,242.65791456,245.84134235,244.15709126,242.52142087,241.08658246,237.47307056,232.66405424,3.19,3.15,3.19,3.16,3.16,4.01,3.74,3.68,3.78,3.64,3.73,4.55,3.45,3.43,3.43,3.38,3.39,4
2020-01-01,299,58.94,67.96,63.83,60.52,65.53,61.19,1.841,2.189,2.281,2.633,2.233,2.814,177,158,330,230,223,59,99.15,99.11,99.05,98.99,98.95,98.01,255.24490821,253.2143674,251.57785315,249.98392935,246.08286846,242.8809972,247.96877617,245.84134235,244.15709126,242.52142087,238.43786465,233.45004022,3,3.19,3.15,3.19,3.18,3.89,3.51,3.74,3.68,3.78,3.75,4.46,3.24,3.45,3.43,3.43,3.47,3.96
2020-02-01,309,50.19,58.94,67.96,63.83,60.11,65.28,1.684,1.841,2.189,2.281,2.285,2.812,194,177,158,330,54,95,99.21,99.15,99.11,99.05,99.01,98.08,257.87335154,255.24490821,253.2143674,251.57785315,247.36495043,242.73697032,250.47808799,247.96877617,245.84134235,244.15709126,239.82382862,233.66556609,2.95,3,3.19,3.15,3.06,3.77,3.45,3.51,3.74,3.68,3.58,4.35,3.2,3.24,3.45,3.43,3.31,3.84
2020-03-01,170,22.61,50.19,58.94,67.96,61.09,67.23,1.64,1.684,1.841,2.189,2.33,2.662,156,194,177,158,102,76,99.66,99.21,99.15,99.11,99.06,98.36,259.93954629,257.87335154,255.24490821,253.2143674,248.57596026,242.75885276,252.54545348,250.47808799,247.96877617,245.84134235,241.08658246,234.10761735,2.92,2.95,3,3.19,3.16,3.57,3.5,3.45,3.51,3.74,3.64,4.06,3.34,3.2,3.24,3.45,3.38,3.75
2020-04-01,2,18.05,22.61,50.19,58.94,60.52,71.91,1.794,1.64,1.684,1.841,2.633,2.575,6126,156,194,177,230,59,99.83,99.66,99.21,99.15,98.99,98.51,259.78919292,259.93954629,257.87335154,255.24490821,249.98392935,243.55122258,252.48262652,252.54545348,250.47808799,247.96877617,242.52142087,235.24772851,2.77,2.92,2.95,3,3.19,3.64,3.23,3.5,3.45,3.51,3.78,4.2,3.14,3.34,3.2,3.24,3.43,3.77
2020-05-01,363,29.01,18.05,22.61,50.19,63.83,64.15,1.849,1.794,1.64,1.684,2.281,2.454,340,6126,156,194,330,156,99.84,99.83,99.66,99.21,99.05,98.56,259.74885982,259.78919292,259.93954629,257.87335154,251.57785315,244.46520439,252.48352383,252.48262652,252.54545348,250.47808799,244.15709126,236.43797048,2.62,2.77,2.92,2.95,3.15,3.46,3.15,3.23,3.5,3.45,3.68,3.99,3.13,3.14,3.34,3.2,3.43,3.6
2020-06-01,306,38.22,29.01,18.05,22.61,67.96,65.6,1.751,1.849,1.794,1.64,2.189,2.308,402,340,6126,156,158,92,99.87,99.84,99.83,99.66,99.11,98.9,263.14262313,259.74885982,259.78919292,259.93954629,253.2143674,245.26929133,255.85704063,252.48352383,252.48262652,252.54545348,245.84134235,237.47307056,2.59,2.62,2.77,2.92,3.19,3.16,3.13,3.15,3.23,3.5,3.74,3.73,3.08,3.13,3.14,3.34,3.45,3.39
2020-07-01,295,43.02,38.22,29.01,18.05,58.94,65.53,1.799,1.751,1.849,1.794,1.841,2.233,306,402,340,6126,177,223,99.89,99.87,99.84,99.83,99.15,98.95,267.72472719,263.14262313,259.74885982,259.78919292,255.24490821,246.08286846,260.37166599,255.85704063,252.48352383,252.48262652,247.96877617,238.43786465,2.51,2.59,2.62,2.77,3,3.18,2.99,3.13,3.15,3.23,3.51,3.75,2.94,3.08,3.13,3.14,3.24,3.47
2020-08-01,300,46.27,43.02,38.22,29.01,50.19,60.11,2.63,1.799,1.751,1.849,1.684,2.285,473,306,402,340,194,54,99.91,99.89,99.87,99.84,99.21,99.01,272.05677108,267.72472719,263.14262313,259.74885982,257.87335154,247.36495043,264.71478807,260.37166599,255.85704063,252.48352383,250.47808799,239.82382862,2.46,2.51,2.59,2.62,2.95,3.06,2.91,2.99,3.13,3.15,3.45,3.58,2.91,2.94,3.08,3.13,3.2,3.31
2020-09-01,272,40.65,46.27,43.02,38.22,22.61,61.09,2.527,2.63,1.799,1.751,1.64,2.33,368,473,306,402,156,102,99.93,99.91,99.89,99.87,99.66,99.06,276.26357927,272.05677108,267.72472719,263.14262313,259.93954629,248.57596026,268.96326332,264.71478807,260.37166599,255.85704063,252.54545348,241.08658246,2.4,2.46,2.51,2.59,2.92,3.16,2.9,2.91,2.99,3.13,3.5,3.64,2.9,2.91,2.94,3.08,3.34,3.38
2020-10-01,293,36.5,40.65,46.27,43.02,18.05,60.52,3.354,2.527,2.63,1.799,1.794,2.633,617,368,473,306,6126,230,99.98,99.93,99.91,99.89,99.83,98.99,280.32985728,276.26357927,272.05677108,267.72472719,259.78919292,249.98392935,273.12487995,268.96326332,264.71478807,260.37166599,252.48262652,242.52142087,2.32,2.4,2.46,2.51,2.77,3.19,2.81,2.9,2.91,2.99,3.23,3.78,2.88,2.9,2.91,2.94,3.14,3.43
2020-11-01,103,46.43,36.5,40.65,46.27,29.01,63.83,2.882,3.354,2.527,2.63,1.849,2.281,636,617,368,473,340,330,99.99,99.98,99.93,99.91,99.84,99.05,284.19490056,280.32985728,276.26357927,272.05677108,259.74885982,251.57785315,277.13690104,273.12487995,268.96326332,264.71478807,252.48352383,244.15709126,2.28,2.32,2.4,2.46,2.62,3.15,2.72,2.81,2.9,2.91,3.15,3.68,3.16,2.88,2.9,2.91,3.13,3.43
