date,GM,GM_v,F,F_v,TSLA,TSLA_v,AN,AN_v,MZDAY,MZDAY_v,XOM,XOM_v,TM,TM_v,LEA,LEA_v,BWA,BWA_v,VC,VC_v,GT,GT_v,NIO,NIO_v,HMC,HMC_v,RACE,RACE_v
2009-01-01,,,1.87,1017368400.0,,,9.28,44586300.0,,,76.48,844182900.0,63.51,22854200.0,,,16.88,37820500.0,,,6.17,128215000.0,,,22.66,30414300.0,,
2009-02-01,,,2.0,574172400.0,,,9.98,46517500.0,,,67.9,771508100.0,63.14,23065500.0,,,17.25,58747100.0,,,4.44,112541400.0,,,23.63,31980700.0,,
2009-03-01,,,2.63,963893100.0,,,13.88,72513200.0,,,68.1,933460300.0,63.3,24879800.0,,,20.3,66080100.0,,,6.26,117610900.0,,,23.7,32149400.0,,
2009-04-01,,,5.98,2468701200.0,,,17.71,76991600.0,,,66.67,632859600.0,79.16,24572300.0,,,28.95,69088900.0,,,10.99,148346000.0,,,29.06,27028800.0,,
2009-05-01,,,5.75,2367699800.0,,,15.88,72680800.0,,,69.35,530458500.0,80.15,17244500.0,,,32.25,50958900.0,,,11.45,127342300.0,,,29.03,20042400.0,,
2009-06-01,,,6.07,1823650100.0,,,17.35,63146700.0,,,69.91,596987800.0,75.53,13019800.0,,,34.15,43751000.0,,,11.26,117347300.0,,,27.37,17572200.0,,
2009-07-01,,,8.0,1857588800.0,,,20.68,65710000.0,,,70.39,560318900.0,84.18,11280400.0,,,33.19,49670000.0,,,17.02,136747400.0,,,32.13,15470000.0,,
2009-08-01,,,7.6,1711751600.0,,,18.98,62958300.0,,,69.15,437664700.0,85.19,10055700.0,,,29.67,41709300.0,,,16.49,104426400.0,,,31.33,11520000.0,,
2009-09-01,,,7.21,1410174900.0,,,18.08,58402100.0,,,68.61,419180700.0,78.57,10865300.0,,,30.26,44061300.0,,,17.03,98419600.0,,,30.31,11188900.0,,
2009-10-01,,,7.0,1469989800.0,,,17.24,82218500.0,,,71.67,501283200.0,78.89,11349400.0,,,30.32,41771900.0,,,12.88,167927700.0,,,30.97,16028500.0,,
2009-11-01,,,8.89,2284758600.0,,,17.65,55107400.0,22.9,0.0,75.07,356438100.0,78.54,8621100.0,,,30.21,23583200.0,,,13.71,93877200.0,,,30.99,10840200.0,,
2009-12-01,,,10.0,1313338600.0,,,19.15,42166600.0,23.1,400.0,68.19,648945000.0,84.16,7865700.0,67.64,10474700.0,33.22,17305900.0,,,14.1,60932900.0,,,33.9,9662200.0,,
2010-01-01,,,10.84,2556631300.0,,,18.0,36820800.0,23.1,0.0,64.43,596474300.0,77.0,16980097.0,68.8,16112200.0,35.09,28746600.0,,,13.34,77456800.0,,,33.91,10288700.0,,
2010-02-01,,,11.74,1612414400.0,,,17.75,36977100.0,25.95,1925.0,65.0,534843200.0,74.83,86416700.0,69.27,13809200.0,37.46,28083700.0,,,12.99,85179600.0,,,34.61,14426900.0,,
2010-03-01,,,12.57,3180990000.0,,,18.08,41229100.0,26.42,4935.0,66.98,582728200.0,80.42,34887200.0,79.35,15262300.0,38.18,42837200.0,,,12.64,88711000.0,,,35.29,9312600.0,,
2010-04-01,,,13.02,2545750200.0,,,20.2,60714000.0,29.71,43925.0,67.77,531285400.0,77.09,23745200.0,81.18,10690500.0,43.34,39738800.0,,,13.43,126527000.0,,,33.79,11084800.0,,
2010-05-01,,,11.73,2714125100.0,,,20.03,72021700.0,27.6,37340.0,60.46,768609600.0,72.34,20802600.0,67.67,23678200.0,37.26,47034300.0,,,11.9,129176700.0,,,30.39,16101800.0,,
2010-06-01,,,10.08,1788548000.0,,,19.5,57229700.0,23.85,26220.0,57.07,808522600.0,68.57,15398300.0,66.2,19715300.0,37.34,42787100.0,,,9.94,81215700.0,,,28.75,18331400.0,,
2010-07-01,,,12.77,1740320300.0,19.94,64575800.0,24.43,42077700.0,23.9,15260.0,59.68,613489500.0,70.23,14938100.0,78.17,9225700.0,43.86,43037900.0,,,10.67,106128800.0,,,31.77,11128000.0,,
2010-08-01,,,11.285,1339522800.0,19.48,15038200.0,22.56,34760600.0,22.84,16260.0,59.11,475629700.0,67.84,16058400.0,73.66,11824500.0,43.65,43357400.0,,,9.24,106546700.0,,,32.93,14421600.0,,
2010-09-01,,,12.24,1108738500.0,20.405,18045900.0,23.25,24834900.0,22.84,0.0,61.79,423362300.0,71.58,13948700.0,78.93,9081800.0,52.62,36485200.0,,,10.75,80064600.0,,,35.59,8556400.0,,
2010-10-01,,,14.13,1521047100.0,21.84,6547800.0,23.22,28042200.0,26.15,35520.0,66.49,430427600.0,70.82,10916500.0,88.4,10914500.0,56.11,31716100.0,,,10.22,85755600.0,,,36.03,8744500.0,,
2010-11-01,,,15.94,2621318600.0,35.33,28315100.0,26.13,24688700.0,28.12,18460.0,69.56,486318500.0,77.69,16857200.0,87.77,9738700.0,60.34,26507600.0,60.55,3020600.0,9.56,101344300.0,,,36.23,13607800.0,,
2010-12-01,36.86,372332600.0,16.79,1070529800.0,26.63,36892900.0,28.2,21087200.0,29.4,37520.0,73.12,409237200.0,78.63,8223300.0,98.71,8679341.0,72.36,27510600.0,74.25,4367900.0,11.85,98655600.0,,,39.5,7466700.0,,
2011-01-01,36.49,353499500.0,15.95,2089855900.0,24.1,28420100.0,28.71,17459500.0,29.5,136660.0,80.68,449380100.0,82.18,11839200.0,105.63,13890600.0,67.4,40318100.0,70.24,18766756.0,11.88,127901900.0,,,43.54,12222300.0,,
2011-02-01,33.53,312027400.0,15.05,1811316400.0,23.89,29303500.0,33.64,31568700.0,26.05,160660.0,85.53,443594000.0,93.3,17676700.0,105.8,14600800.0,77.61,45414100.0,73.95,7824500.0,14.18,143820800.0,,,43.69,11695400.0,,
2011-03-01,31.03,364010100.0,14.91,1694518000.0,27.75,32563300.0,35.37,21142800.0,21.06,288698.0,84.13,439334000.0,80.25,30782900.0,48.87,18034300.0,79.69,39327300.0,62.49,19462400.0,14.98,170387600.0,,,37.51,25671900.0,,
2011-04-01,32.09,304610100.0,15.47,1391133800.0,27.6,29894900.0,33.91,20274900.0,22.88,107303.0,87.98,309722400.0,79.68,18870800.0,51.14,26380700.0,77.24,33880400.0,67.43,7712600.0,18.15,143250400.0,,,38.35,26244100.0,,
2011-05-01,31.81,275094300.0,14.92,1097287800.0,30.14,30348800.0,35.1,12865900.0,23.09,400.0,83.47,403834500.0,83.29,14404900.0,50.82,19438500.0,72.51,30952200.0,61.29,10272200.0,17.73,144089800.0,,,38.0,14199600.0,,
2011-06-01,30.36,357738600.0,13.79,1533251800.0,29.13,39727300.0,36.61,26568600.0,25.24,2188.0,81.38,444344200.0,82.42,11834100.0,53.48,22869200.0,80.79,32799800.0,68.41,18097600.0,16.77,138734600.0,,,38.61,11735100.0,,
2011-07-01,27.68,219484000.0,12.21,1175379700.0,28.17,21102100.0,37.61,16536000.0,26.6,9835.0,79.79,375467600.0,81.92,8665800.0,49.0,19686300.0,79.62,26294300.0,62.7,10841500.0,16.17,143947600.0,,,39.78,11065800.0,,
2011-08-01,24.03,444275000.0,11.12,2067271200.0,24.74,27215700.0,40.38,27474600.0,22.77,3885.0,74.02,774165900.0,71.84,17018900.0,47.78,38166100.0,71.39,42624700.0,51.08,15015800.0,12.46,224732100.0,,,32.47,24701968.0,,
2011-09-01,20.18,245694500.0,9.67,1226287900.0,24.39,18021500.0,32.78,28207300.0,19.25,1349.0,72.63,550523400.0,68.26,11019800.0,42.9,24752800.0,60.53,35434700.0,43.0,10344100.0,10.09,154207300.0,,,29.15,13264800.0,,
2011-10-01,25.85,279029700.0,11.68,1642757200.0,29.37,21662600.0,38.94,20587800.0,19.25,0.0,78.09,514198800.0,66.71,10780300.0,46.91,23189700.0,76.49,35036400.0,55.62,10881600.0,14.36,149020700.0,,,29.9,19190800.0,,
2011-11-01,21.29,278090400.0,10.6,1090835600.0,32.74,25846800.0,36.11,25318300.0,18.75,1100.0,80.44,444321100.0,65.91,12592500.0,41.93,27237300.0,65.92,34022400.0,55.95,14447800.0,13.99,121924100.0,,,31.65,11900200.0,,
2011-12-01,20.27,206055300.0,10.76,1002379200.0,28.56,21128500.0,36.87,15191600.0,18.75,0.0,84.76,380150300.0,66.13,9804500.0,39.8,31562200.0,63.74,53897200.0,49.94,9310200.0,14.17,77396800.0,,,30.55,18779400.0,,
2012-01-01,24.02,246595500.0,12.42,1264807200.0,29.07,25609900.0,35.76,23844800.0,16.24,845.0,83.74,333545900.0,73.48,10356334.0,41.9,34390100.0,74.63,33318900.0,48.0,8731900.0,13.0,113601500.0,,,34.05,11265800.0,,
2012-02-01,26.02,262142400.0,12.38,898481400.0,33.41,23193600.0,34.08,21529300.0,16.9,50540.0,86.5,300700700.0,82.71,12564400.0,45.21,26097000.0,82.84,25309900.0,53.72,7190500.0,12.86,125769500.0,,,38.12,10337100.0,,
2012-03-01,25.65,175310000.0,12.475,963165900.0,37.24,22163500.0,34.31,21673800.0,17.5,4400.0,86.73,338912600.0,86.82,9978900.0,46.49,18200900.0,84.34,26651200.0,53.0,6940300.0,11.22,119903000.0,,,38.43,12667700.0,,
2012-04-01,23.0,205100300.0,11.28,937904000.0,33.13,22752900.0,34.58,19618700.0,16.38,3948.0,86.34,300234500.0,81.78,8600900.0,41.5,18154700.0,79.04,27569500.0,50.17,8774100.0,10.98,167752600.0,,,36.04,7991900.0,,
2012-05-01,22.2,210504400.0,10.56,1012184100.0,29.5,34185300.0,36.02,18872900.0,12.77,5800.0,78.63,353685200.0,76.89,9748500.0,39.85,24481900.0,71.75,34211600.0,40.0,13071800.0,10.45,151652200.0,,,31.79,24758600.0,,
2012-06-01,19.72,188800300.0,9.59,956337200.0,31.29,26127100.0,35.28,13105000.0,13.2,3413.0,85.57,497990800.0,80.48,7233100.0,37.73,15265500.0,65.59,42641500.0,37.5,9092800.0,11.81,140951500.0,,,34.66,8528100.0,,
2012-07-01,19.71,162586300.0,9.24,848181000.0,27.42,32543400.0,39.43,15464200.0,12.32,5111.0,86.85,314314800.0,76.51,5931700.0,35.55,18988700.0,67.1,34237700.0,32.43,12173800.0,11.45,153247700.0,,,31.5,5936500.0,,
2012-08-01,21.35,182791200.0,9.34,674626400.0,28.52,24482100.0,40.2,9131400.0,12.34,3300.0,87.3,248010000.0,79.62,10557300.0,38.83,19930700.0,68.78,25325400.0,46.02,31885900.0,12.2,134275000.0,,,31.89,13316700.0,,
2012-09-01,22.75,173840800.0,9.86,767225900.0,29.28,33295100.0,43.67,12080800.0,12.96,3706.0,91.45,254195800.0,78.51,7274400.0,37.79,11460400.0,69.11,24878400.0,44.46,13940800.0,12.19,97617400.0,,,30.9,8854300.0,,
2012-10-01,25.5,202982900.0,11.16,931586400.0,28.1314,17620900.0,44.4,13157000.0,11.81,3506.0,91.17,230933517.0,77.47,7462700.0,42.6,17261400.0,65.82,26302200.0,44.1,9023700.0,11.41,93644000.0,,,30.16,9831000.0,,
2012-11-01,25.88,168867200.0,11.45,886550600.0,33.82,23760900.0,38.94,17728900.0,15.7,6400.0,88.14,275239091.0,86.08,6800700.0,43.67,14891100.0,66.3,25936700.0,50.1,12323600.0,12.6,72154400.0,,,33.3,11040000.0,,
2012-12-01,28.83,223646000.0,12.95,1147751657.0,33.87,21714300.0,39.7,18113100.0,20.15,6700.0,86.55,282441200.0,93.25,7727300.0,46.84,14532800.0,71.62,23484200.0,53.82,6992600.0,13.81,60398100.0,,,36.94,9847900.0,,
2013-01-01,28.09,250771200.0,12.95,1270969800.0,37.51,28464600.0,48.5,20646800.0,27.1,85501.0,89.97,261496700.0,95.37,10841100.0,49.0,22694000.0,74.18,24089900.0,56.29,12003000.0,13.75,65875700.0,,,37.69,18041800.0,,
2013-02-01,27.15,175897627.0,12.61,643595600.0,34.83,44256000.0,43.77,12216400.0,30.16,67625.0,89.55,237182000.0,102.6,12666000.0,53.42,25542500.0,74.41,19480800.0,58.28,6986000.0,12.985,95438800.0,,,37.44,11749000.0,,
2013-03-01,27.82,214216700.0,13.15,595117226.0,37.89,29655000.0,43.75,10268800.0,29.99,41239.0,90.11,265045600.0,102.64,9150800.0,54.87,16975300.0,77.34,19057700.0,57.7,9237800.0,12.605,73992200.0,,,38.26,7290500.0,,
2013-04-01,30.84,259040400.0,13.71,802194900.0,53.99,81548100.0,45.51,15304000.0,34.2,115941.0,88.99,296347200.0,116.3,15394800.0,57.78,20194900.0,78.17,24811000.0,58.79,11504400.0,12.495,95031500.0,,,39.98,15023100.0,,
2013-05-01,33.89,272508500.0,15.68,998950500.0,97.76,331220900.0,46.33,11144500.0,39.6,62367.0,90.47,276095000.0,117.55,17928700.0,59.98,26339800.0,81.07,17335300.0,63.47,11581000.0,15.14,138328500.0,,,37.57,14405800.0,,
2013-06-01,33.31,394851400.0,15.47,840682200.0,107.36,179114700.0,43.39,19823300.0,39.81,78934.0,90.35,291767600.0,120.66,13879300.0,60.46,17858000.0,86.15,18823400.0,63.12,8693600.0,15.299,92641200.0,,,37.25,11632100.0,,
2013-07-01,35.87,262162300.0,16.88,857103700.0,134.28,229528200.0,47.9,20375500.0,41.25,39858.0,93.75,237784200.0,121.9,9083500.0,69.27,20135800.0,95.43,19293500.0,65.87,8884200.0,18.5,95738400.0,,,37.14,8992300.0,,
2013-08-01,34.08,250400600.0,16.19,738452700.0,169.0,259266600.0,46.74,16689300.0,39.72,35262.0,87.16,271631600.0,120.79,8360300.0,68.75,22305600.0,96.58,15174200.0,71.61,14862900.0,20.12,85342300.0,,,35.94,6862700.0,,
2013-09-01,35.97,351280200.0,16.87,771336600.0,193.37,171210600.0,52.17,34786500.0,44.87,24080.0,86.04,238532800.0,128.03,6721300.0,71.57,15487900.0,101.39,12644000.0,75.64,10961700.0,22.451,88685200.0,,,38.14,9313700.0,,
2013-10-01,36.95,415405800.0,17.11,860633500.0,159.94,258454800.0,48.23,28084300.0,45.21,15147.0,89.62,287672200.0,129.42,7704200.0,77.39,18533700.0,103.13,14234200.0,77.09,8797400.0,20.97,121208400.0,,,39.96,6464900.0,,
2013-11-01,38.73,433507200.0,17.08,672392400.0,127.28,308388500.0,49.04,14994600.0,46.97,16292.0,93.48,250351200.0,125.05,8001200.0,82.91,14292700.0,107.17,16058900.0,78.64,11260900.0,22.26,59405200.0,,,42.36,5438200.0,,
2013-12-01,40.87,547904500.0,15.43,1037390500.0,150.429,197637900.0,49.69,14725900.0,52.2,56817.0,101.2,269290800.0,121.92,8815500.0,80.97,14794000.0,55.91,19548650.0,81.89,10939700.0,23.85,57435900.0,,,41.35,5439600.0,,
2014-01-01,36.08,540681600.0,14.96,1003488000.0,181.41,183932300.0,49.39,24856500.0,48.13,72871.0,92.16,256867500.0,114.76,9045900.0,72.33,21581400.0,53.7,31280100.0,81.01,16547100.0,23.66,90706400.0,,,37.51,8304700.0,,
2014-02-01,36.2,580146400.0,15.39,712696400.0,244.81,225954100.0,52.64,19659800.0,48.12,58285.0,96.27,253283700.0,115.3,7753200.0,81.2,17725200.0,61.45,30791800.0,83.43,12126400.0,26.87,104381500.0,,,36.05,11528900.0,,
2014-03-01,34.42,510773700.0,15.6,617354600.0,208.45,166685600.0,53.23,14618900.0,44.5,34818.0,97.68,255698300.0,112.9,9660400.0,83.72,15010000.0,61.47,25172700.0,88.44,11860700.0,26.13,78632900.0,,,35.34,15640700.0,,
2014-04-01,34.48,494224900.0,16.15,664199500.0,207.89,165207800.0,52.99,18828100.0,45.22,30883.0,102.41,230900200.0,108.42,11322900.0,83.06,15660700.0,62.14,26932700.0,86.81,11607900.0,25.2,108188900.0,,,33.3,24970900.0,,
2014-05-01,34.58,264085600.0,16.44,504923500.0,207.77,134810100.0,57.17,20203000.0,43.6,20645.0,100.53,179886600.0,113.11,7703500.0,88.05,14237600.0,62.89,26216600.0,91.14,13876700.0,26.37,79099100.0,,,35.18,19037900.0,,
2014-06-01,36.3,325850100.0,17.24,558726900.0,240.06,123238200.0,59.68,18935500.0,47.15,37367.0,100.68,208958300.0,119.66,7452600.0,89.32,15838400.0,65.19,24162500.0,97.01,8669100.0,27.78,65206200.0,,,34.99,10801500.0,,
2014-07-01,33.82,305500900.0,17.02,618952400.0,223.3,107871700.0,53.32,20910700.0,50.0,38199.0,98.94,189374200.0,117.99,5568800.0,94.17,17782800.0,62.25,25726164.0,95.5,8685400.0,25.1799,63563751.0,,,34.88,12366300.0,,
2014-08-01,34.8,203297500.0,17.41,419701800.0,269.7,114710400.0,54.25,16873453.0,11.82,64421.0,99.46,187426800.0,114.32,5419400.0,101.13,14299000.0,62.19,18329952.0,101.19,10064100.0,25.97,62113400.0,,,34.05,15111800.0,,
2014-09-01,31.94,261675440.0,14.79,653469631.0,242.68,132773043.0,50.31,31750999.0,12.56,54575.0,94.05,231653164.0,117.53,6340417.0,86.41,16902485.0,52.61,35857253.0,97.25,13614149.0,22.585,68169878.0,,,34.28,14444138.0,,
2014-10-01,31.4,447414867.0,14.09,910129346.0,241.7,152148180.0,57.26,35904661.0,11.6,126825.0,96.71,342156808.0,121.35,10722292.0,92.5,29105371.0,57.02,59138843.0,93.9,18549587.0,24.23,137222475.0,,,32.12,38955163.0,,
2014-11-01,33.43,188647975.0,15.73,601826199.0,244.52,107731050.0,59.44,11900059.0,12.94,137652.0,90.54,218117789.0,123.13,8026790.0,95.91,11392625.0,56.56,39946375.0,98.0,12320624.0,27.41,73287544.0,,,30.32,20617797.0,,
2014-12-01,34.91,297195991.0,15.5,593569535.0,222.41,127100337.0,60.41,17894633.0,12.07,388329.0,92.45,401029154.0,125.48,8057370.0,98.08,10765447.0,54.95,36998910.0,106.86,14082303.0,28.57,70188376.0,,,29.52,33887659.0,,
2015-01-01,32.62,322791897.0,14.71,596534720.0,203.6,90121332.0,59.62,17281098.0,10.3,3553831.0,87.42,326734695.0,128.85,6700651.0,100.35,14717446.0,54.01,46608799.0,96.95,15088724.0,24.24,90692754.0,,,30.22,24417574.0,,
2015-02-01,37.31,325763066.0,16.34,524657536.0,203.34,106717638.0,61.5,19888073.0,10.722,703303.0,88.54,276426411.0,135.37,5867184.0,108.92,15824021.0,61.46,31442342.0,100.53,11895139.0,26.73,73710494.0,,,33.14,17294623.0,,
2015-03-01,37.5,290497517.0,16.14,609892208.0,188.77,122990032.0,64.33,17527756.0,10.15,1569940.0,85.0,329964937.0,139.89,7389096.0,110.82,13818512.0,60.48,36420562.0,96.4,14841646.0,27.08,61710479.0,,,32.76,18894716.0,,
2015-04-01,35.06,397017858.0,15.8,539661690.0,226.05,98945034.0,61.55,16832592.0,9.75,555937.0,87.37,251615472.0,139.02,5452155.0,111.03,14743102.0,59.2,27500170.0,101.4,12270779.0,28.365,66362527.0,,,33.53,17555050.0,,
2015-05-01,35.97,247974427.0,15.17,428638676.0,250.8,89127783.0,62.41,14719152.0,10.61,388306.0,85.2,198913094.0,137.89,5462435.0,116.02,16328737.0,60.15,24547910.0,109.52,13542519.0,31.845,93462817.0,,,34.22,16430023.0,,
2015-06-01,33.33,301968673.0,15.01,577413238.0,268.26,65473162.0,62.98,19762872.0,9.7,255026.0,83.2,238579876.0,133.75,4901674.0,112.26,13391782.0,56.84,30863378.0,104.98,18872214.0,30.15,75728148.0,,,32.4,11553574.0,,
2015-07-01,31.51,421897537.0,14.83,672367234.0,266.15,80060910.0,62.34,21259321.0,9.77,991525.0,79.21,273905410.0,133.46,5851652.0,104.07,29322152.0,49.71,48408357.0,99.53,15634214.0,30.13,79060509.0,,,33.96,11633659.0,,
2015-08-01,29.44,388156191.0,13.87,596411983.0,249.06,113858937.0,59.84,16721292.0,8.545,593595.0,75.24,372615422.0,118.38,7953505.0,102.79,19604727.0,43.64,55620872.0,99.66,15093714.0,29.77,76988377.0,,,31.48,17805319.0,,
2015-09-01,30.02,356102158.0,13.57,743132834.0,248.4,80218666.0,58.18,15890517.0,7.87,909760.0,74.35,316348203.0,117.28,9868189.0,108.78,18077442.0,41.59,63452321.0,101.24,12444168.0,29.33,64597912.0,,,29.9,9774674.0,,
2015-10-01,34.91,324318496.0,14.81,669014321.0,206.93,100854710.0,63.19,19192133.0,9.82,964573.0,82.74,318104053.0,122.62,5930126.0,125.06,18709503.0,42.82,61553815.0,109.07,12185811.0,32.84,71139691.0,,,33.13,10128554.0,,
2015-11-01,36.2,211953154.0,14.33,443652862.0,230.26,78487987.0,63.92,15208883.0,10.49,528295.0,81.66,264172655.0,124.42,4927967.0,125.9,12125020.0,42.69,42591055.0,119.91,12214293.0,34.88,55970709.0,,,32.68,9308872.0,46.35,17159431.0
2015-12-01,34.01,228926730.0,14.09,587839387.0,240.01,59852189.0,59.66,17266632.0,10.33,2455531.0,77.95,366973929.0,123.04,6944968.0,122.83,12537363.0,43.23,34203106.0,114.5,10000734.0,32.67,60870074.0,,,31.93,10745828.0,48.0,11531805.0
2016-01-01,29.64,376807104.0,11.94,1087248662.0,191.2,79247152.0,43.25,39619066.0,9.07,733038.0,77.85,418878397.0,120.03,8494441.0,103.83,20779576.0,29.36,67076592.0,66.88,21790088.0,28.41,88699945.0,,,27.02,17341963.0,39.77,38032037.0
2016-02-01,29.44,327501916.0,12.51,795712499.0,191.93,133705697.0,51.47,45371013.0,6.88,1159896.0,80.15,359922720.0,104.1,10590743.0,101.35,20191236.0,32.68,54486395.0,69.92,19069711.0,30.12,92146469.0,,,25.71,15811312.0,37.98,32450663.0
2016-03-01,31.43,269313331.0,13.5,722921118.0,229.77,102729544.0,46.68,33490119.0,7.82,580369.0,83.59,292523859.0,106.32,8289461.0,111.17,15408128.0,38.4,37799577.0,79.59,17281945.0,32.98,67788962.0,,,27.34,12782814.0,41.7,10084815.0
2016-04-01,31.8,249296092.0,13.56,736025667.0,240.76,135507264.0,50.65,40381923.0,7.85,17463390.0,88.4,221772803.0,101.7,10853102.0,115.13,19229310.0,35.92,46427754.0,79.67,16759312.0,28.97,70264483.0,,,26.96,15623869.0,45.85,11841727.0
2016-05-01,31.28,210036448.0,13.49,543620741.0,223.23,103313344.0,50.44,23858141.0,8.465,3889735.0,89.02,219151343.0,103.41,10442297.0,118.76,16106310.0,34.03,37652851.0,74.98,15095448.0,27.97,72255723.0,,,27.98,19339280.0,42.43,10554413.0
2016-06-01,28.3,303545859.0,12.57,778108502.0,212.28,121687759.0,46.98,26540639.0,6.64,6558717.0,93.74,252308864.0,99.99,11613297.0,101.76,19594395.0,29.52,56651153.0,65.81,12641753.0,25.66,70163925.0,,,25.33,20264855.0,40.93,12163044.0
2016-07-01,31.54,295967481.0,12.66,756129104.0,234.79,74068654.0,53.35,25137021.0,7.38,2954695.0,88.95,210596640.0,111.6,7849020.0,113.45,18494822.0,33.18,46448610.0,70.09,12291288.0,28.67,67805086.0,,,27.12,17501484.0,45.17,8438994.0
2016-08-01,31.92,262301383.0,12.6,707254342.0,212.01,62291339.0,47.35,23977786.0,8.235,2007916.0,87.14,235401887.0,120.63,8965270.0,116.29,17824031.0,34.39,42896246.0,70.7,9201400.0,29.35,63488747.0,,,30.81,14552195.0,48.14,12992766.0
2016-09-01,31.77,299326071.0,12.07,715544543.0,204.03,70644512.0,48.71,17778089.0,7.62,1903656.0,87.28,271594762.0,116.06,6825802.0,121.22,13643702.0,35.18,63151263.0,71.66,5737644.0,32.3,82878659.0,,,28.92,16756836.0,51.87,8370453.0
2016-10-01,31.6,244459157.0,11.74,657576586.0,197.73,92133590.0,43.87,18464132.0,8.18,1548795.0,83.32,192009818.0,115.66,4081215.0,122.78,19956569.0,35.84,58084018.0,70.61,8907551.0,29.03,67731766.0,,,29.83,14960420.0,52.77,8237946.0
2016-11-01,34.53,314360678.0,11.96,736810175.0,189.4,98886097.0,44.66,23079426.0,8.19,2442303.0,87.3,233092887.0,118.53,5323602.0,129.51,17412905.0,35.6,53755832.0,78.67,8762859.0,30.69,71040646.0,,,29.74,12707307.0,54.12,11008370.0
2016-12-01,34.84,310498596.0,12.13,708873675.0,213.69,87993345.0,48.65,18497339.0,8.13,2032812.0,90.26,220099367.0,117.2,4195565.0,132.37,11471484.0,39.44,57156904.0,80.34,5546606.0,30.87,61376583.0,,,29.19,12627068.0,58.14,9339397.0
2017-01-01,36.61,287447177.0,12.36,879357721.0,251.93,100683220.0,53.12,18467582.0,7.295,1794491.0,83.89,252493136.0,115.75,4115891.0,142.09,13926356.0,40.83,36760853.0,89.57,7412655.0,32.39,49710349.0,,,29.72,14255042.0,62.13,8477997.0
2017-02-01,36.84,262935292.0,12.53,586125652.0,249.99,119540302.0,45.9,22825329.0,6.93,1995743.0,81.32,237324737.0,113.15,5080775.0,141.99,11580498.0,42.19,33871041.0,92.67,5786407.0,35.05,74773743.0,,,30.97,18717506.0,65.06,7909732.0
2017-03-01,35.36,397939019.0,11.64,952479867.0,278.3,107048530.0,42.29,23035879.0,7.18,2652600.0,82.01,315580297.0,108.62,5186941.0,141.58,13679390.0,41.79,40276394.0,97.95,10000304.0,36.0,55450087.0,,,30.26,11366161.0,74.36,10820927.0
2017-04-01,34.64,249119858.0,11.47,778529559.0,314.07,116249563.0,42.0,33487992.0,7.37,2716735.0,81.65,190786089.0,108.14,5866568.0,142.66,15578312.0,42.28,43489145.0,102.95,6780620.0,36.23,54114307.0,,,29.1,15321732.0,75.2,9065476.0
2017-05-01,33.93,320716494.0,11.12,856966785.0,341.01,145440756.0,39.52,29009122.0,6.79,2313322.0,80.5,215642979.0,107.54,5180930.0,149.04,16401093.0,42.51,39385348.0,100.29,6389168.0,32.22,53880193.0,,,27.93,20998366.0,86.72,14421905.0
2017-06-01,34.93,258917993.0,11.19,842118435.0,361.61,183792656.0,42.16,28602201.0,6.97,3100272.0,80.73,298607016.0,105.02,5812387.0,142.08,17688561.0,42.36,44784559.0,102.06,8634217.0,34.96,67560697.0,,,27.39,16939066.0,86.02,10913782.0
2017-07-01,35.98,202440408.0,11.22,691497692.0,323.47,180152458.0,42.38,23402892.0,7.51,2094105.0,80.04,198990525.0,112.84,4523401.0,148.19,13007999.0,46.74,44005332.0,111.54,6326066.0,31.51,60251533.0,,,28.02,10190494.0,105.19,18276260.0
2017-08-01,36.54,191774490.0,11.03,752324160.0,355.9,132609393.0,45.37,54917161.0,7.33,2189114.0,76.33,218812051.0,112.98,4249841.0,149.54,13288249.0,46.41,45788779.0,115.44,4799798.0,30.3,70415604.0,,,28.1,11269646.0,114.49,18637759.0
2017-09-01,40.38,265249552.0,11.97,675295082.0,341.1,110620352.0,47.46,24658310.0,7.62,1545698.0,81.98,210645599.0,119.17,3712287.0,173.08,15726809.0,51.23,30055808.0,123.77,4523138.0,33.25,48747147.0,,,29.56,7892619.0,110.48,13861383.0
2017-10-01,42.98,350954575.0,12.27,856745414.0,331.53,121524280.0,47.4,18060828.0,7.16,28163046.0,83.35,166855062.0,124.0,3434108.0,175.59,13205952.0,52.72,31623567.0,126.04,5126719.0,30.59,68084532.0,,,31.09,9718587.0,119.68,10521611.0
2017-11-01,43.09,261251249.0,12.52,686677554.0,308.85,146728325.0,55.37,25861482.0,6.688,1522030.0,83.29,189482141.0,126.34,3176700.0,180.89,8556505.0,55.68,27354018.0,131.69,4236044.0,32.37,62152317.0,,,33.34,18350927.0,108.6,11368959.0
2017-12-01,40.99,225927842.0,12.49,583917952.0,311.35,109078772.0,51.33,15622441.0,6.64,1104789.0,83.64,214767942.0,127.17,2682614.0,176.66,8385901.0,51.09,26312198.0,125.14,4135631.0,32.31,48342797.0,,,34.08,8991743.0,104.84,8896914.0
2018-01-01,42.41,265777865.0,10.97,1126712937.0,354.31,122930471.0,60.22,21265643.0,7.03,684087.0,87.3,227074973.0,137.92,4424865.0,193.14,13751637.0,56.26,29144664.0,130.08,5949608.0,34.82,60265540.0,,,35.29,11352974.0,119.5,9667108.0
2018-02-01,39.35,263285557.0,10.61,943633227.0,343.06,106577192.0,50.21,21085233.0,6.92,713516.0,75.74,362824515.0,134.6,4419085.0,186.57,12758094.0,49.08,34915161.0,123.84,6589661.0,28.94,69321828.0,,,36.09,20938688.0,124.21,15526511.0
2018-03-01,36.34,284538743.0,11.08,983086409.0,266.13,156356878.0,46.78,16043167.0,6.68,898956.0,74.61,347390191.0,130.37,4413808.0,186.09,12147305.0,50.23,29357809.0,110.24,7407680.0,26.58,59140986.0,,,34.73,15583279.0,120.52,10001457.0
2018-04-01,36.74,221982348.0,11.24,882523410.0,293.9,190345295.0,46.19,16288763.0,6.745,797693.0,77.75,286110905.0,130.98,4385692.0,186.97,11339021.0,48.94,30429458.0,124.44,7988544.0,25.11,70396280.0,,,34.36,12161965.0,122.68,7108920.0
2018-05-01,42.7,236116920.0,11.55,701227111.0,284.73,155577968.0,45.66,22319849.0,6.21,725138.0,81.24,299337850.0,127.97,3725340.0,198.0,12700222.0,48.78,30813455.0,124.96,6398619.0,24.43,63275839.0,,,31.76,13992646.0,131.35,9424249.0
2018-06-01,39.4,279801349.0,11.07,764216136.0,342.95,213424960.0,48.58,17534980.0,6.075,1475628.0,82.73,257829803.0,128.81,3466371.0,185.81,15787521.0,43.16,38444276.0,129.24,6777428.0,23.29,50614673.0,,,29.27,10030214.0,135.01,8859979.0
2018-07-01,37.91,229710896.0,10.04,851863061.0,298.14,172357228.0,48.53,19907561.0,6.19,1920944.0,81.51,204694477.0,131.84,2651733.0,180.13,17430150.0,46.02,41840302.0,117.08,19475076.0,24.21,80484533.0,,,30.66,10812111.0,132.62,13959094.0
2018-08-01,36.05,226195368.0,9.48,858464574.0,301.66,277360157.0,45.35,15498920.0,5.735,1729857.0,80.17,215074077.0,124.08,4286466.0,162.2,15449871.0,43.77,39252496.0,110.39,12502435.0,22.69,67052524.0,,,29.63,12237605.0,131.09,27003778.0
2018-09-01,33.67,241373894.0,9.25,803726638.0,264.77,196075479.0,41.55,12171373.0,5.96,1449159.0,85.02,227023205.0,124.35,3203892.0,145.0,19796285.0,42.78,45545480.0,92.9,11514749.0,23.39,62687565.0,,,30.08,10456756.0,136.91,13349355.0
2018-10-01,36.59,389485252.0,9.55,1300409817.0,337.32,286360727.0,40.48,26780133.0,5.21,2052722.0,79.68,305910893.0,117.05,6114794.0,132.9,34363154.0,39.41,67520095.0,79.04,19351985.0,21.06,101962935.0,5.9,420997101.0,28.5,22228942.0,117.11,18865839.0
2018-11-01,37.95,266803639.0,9.41,873823529.0,350.48,133019067.0,37.13,14756425.0,5.27,2236444.0,79.5,287081980.0,121.48,4882648.0,136.25,19441210.0,39.58,38696270.0,73.82,12310716.0,23.16,62803759.0,7.71,418860938.0,28.17,16308024.0,109.6,14511923.0
2018-12-01,33.45,227530304.0,7.65,956236809.0,332.8,146451183.0,35.7,13136273.0,5.09,2879939.0,68.19,380646842.0,116.08,4712753.0,122.86,14276263.0,34.74,38028702.0,60.28,13421515.0,20.41,54935717.0,6.37,237804857.0,26.45,18690414.0,99.44,9316696.0
2019-01-01,39.02,245902532.0,8.8,1004323476.0,307.02,175660650.0,38.75,14438788.0,5.49,1233755.0,73.28,269229087.0,123.17,3287699.0,153.93,17744269.0,40.9,35115377.0,76.89,14612019.0,21.19,127339967.0,7.88,225528642.0,30.07,15281826.0,126.3,10020959.0
2019-02-01,39.48,180097972.0,8.77,730016395.0,319.88,128550254.0,35.26,17615476.0,5.835,547951.0,79.03,245067931.0,121.04,3086763.0,152.07,13742105.0,40.61,34019729.0,85.66,9402992.0,19.78,146883485.0,9.57,485265623.0,28.27,13247903.0,128.26,7215469.0
2019-03-01,37.1,179460401.0,8.78,944056340.0,279.86,213793753.0,35.72,21250415.0,5.56,691901.0,80.8,272455536.0,118.02,3022667.0,135.71,13978057.0,38.41,31022339.0,67.35,12264770.0,18.15,68375449.0,5.1,993925596.0,27.17,9268593.0,133.8,6487964.0
2019-04-01,38.95,159364373.0,10.45,938067587.0,238.69,230757873.0,41.93,19511840.0,5.875,355298.0,80.28,219524124.0,123.6,2641924.0,143.0,12500852.0,41.77,37892426.0,66.02,15572484.0,19.21,51817135.0,4.85,529555007.0,27.89,8638297.0,136.03,7753037.0
2019-05-01,33.34,219725912.0,9.52,800091488.0,185.16,282598837.0,39.47,19588774.0,4.825,780839.0,70.77,250095412.0,117.58,3462880.0,119.03,14708117.0,35.48,36628630.0,44.51,13746510.0,13.41,98406825.0,3.05,621933954.0,24.61,15120256.0,143.02,13344622.0
2019-06-01,38.53,175431010.0,10.23,627588379.0,223.46,214970558.0,41.94,12818304.0,5.155,1796332.0,76.63,218954593.0,123.99,2438325.0,139.27,11874829.0,41.98,32548946.0,58.58,14107439.0,15.3,68891118.0,2.55,679536873.0,25.84,11482533.0,161.42,8178801.0
2019-07-01,40.34,150790123.0,9.53,891423556.0,241.61,199371373.0,48.68,19816125.0,4.765,1516463.0,74.36,186918995.0,129.05,3393202.0,126.78,14701547.0,37.8,41400777.0,65.88,13993570.0,13.73,74316106.0,3.47,745053400.0,24.88,10937934.0,161.08,7510381.0
2019-08-01,37.09,150639210.0,9.17,754413259.0,225.61,134088212.0,47.46,13953344.0,4.13,3087514.0,68.48,278110349.0,130.63,2892970.0,112.26,12559064.0,32.63,36856959.0,68.97,10057552.0,11.47,79317922.0,2.86,396567478.0,23.66,15911934.0,157.75,9509811.0
2019-09-01,37.48,173228888.0,9.16,663475085.0,240.87,136563111.0,50.7,12110446.0,4.425,2036899.0,70.61,217304324.0,134.49,3049252.0,117.9,11322416.0,36.68,33769681.0,82.54,9419119.0,14.405,80098597.0,1.56,583201049.0,26.08,16277501.0,154.09,10679680.0
2019-10-01,37.16,215817107.0,8.59,895102427.0,314.92,234866048.0,50.85,14146550.0,4.56,1940038.0,67.57,244654156.0,138.55,3193170.0,117.77,11846162.0,41.68,34155199.0,93.02,11672740.0,15.87,69291712.0,1.45,794206656.0,26.97,16975361.0,160.12,7913968.0
2019-11-01,36.0,191370123.0,9.06,669643460.0,329.94,157892383.0,51.09,7662255.0,4.3995,426213.0,68.13,249557145.0,140.21,2440127.0,120.31,9672711.0,42.05,30676369.0,93.53,5914508.0,15.99,40938037.0,2.27,964567247.0,28.12,12463671.0,168.27,6840818.0
2019-12-01,36.6,170930979.0,9.3,745873240.0,418.33,207390450.0,48.63,9721479.0,4.22,1035868.0,69.78,285375379.0,140.54,2191698.0,137.2,24536801.0,43.38,25121745.0,86.59,6176851.0,15.555,58473878.0,4.02,1331426835.0,28.31,9820856.0,165.54,4854094.0
2020-01-01,33.39,206944754.0,8.82,1088564745.0,650.57,407621638.0,42.44,13501639.0,4.17,1108805.0,62.12,359062435.0,138.84,3171235.0,123.18,12274990.0,34.29,51775615.0,79.81,6101545.0,13.13,59707712.0,3.78,2025165345.0,25.6,10221549.0,168.82,7502812.0
2020-02-01,30.5,246552900.0,6.96,1633164669.0,667.99,473506012.0,42.73,17475243.0,3.36,2484677.0,51.44,479579213.0,130.75,4124927.0,111.2,13883739.0,31.6,78019278.0,65.04,8890551.0,9.685,121883254.0,4.13,1430824647.0,25.66,13173388.0,157.75,11755053.0
2020-03-01,20.78,492383072.0,4.83,2618758073.0,524.0,420906139.0,28.06,25791293.0,2.6625,7111131.0,37.97,1169374266.0,119.95,9190445.0,81.25,21089579.0,24.37,104370022.0,47.98,10939485.0,5.82,182976727.0,2.78,1044488956.0,22.46,31531292.0,152.57,19297362.0
2020-04-01,22.29,359695097.0,5.09,1951160622.0,781.88,381562411.0,37.24,25453359.0,2.775,5202421.0,46.47,790557341.0,123.59,4823634.0,97.65,15653074.0,28.57,66668081.0,60.3,7929509.0,7.17,125506149.0,3.41,686656360.0,24.05,20997294.0,155.62,7858976.0
2020-05-01,25.88,347489715.0,5.71,1803080129.0,835.0,272775593.0,39.48,18203927.0,3.17,3211718.0,45.47,476995660.0,126.01,4504550.0,106.05,12806492.0,32.15,82045044.0,72.0,7584652.0,7.61,124768236.0,3.98,700279116.0,26.05,23641999.0,168.71,5259151.0
2020-06-01,25.3,350626960.0,6.08,2158915053.0,1079.81,255918459.0,37.58,18332842.0,2.94,916522.0,44.72,584463228.0,125.63,4652800.0,109.02,13418910.0,35.3,73993972.0,68.5,7884584.0,8.95,161858372.0,7.72,2089064611.0,25.56,17585948.0,171.01,4852262.0
2020-07-01,24.89,321825294.0,6.61,1640215402.0,1430.76,378234408.0,51.34,25142273.0,2.97,1109174.0,42.08,447021565.0,119.34,4219823.0,110.38,9636519.0,36.6,53920320.0,72.61,4757678.0,9.01,84189672.0,11.94,4230711897.0,24.35,13222199.0,181.7,3955546.0
2020-08-01,29.63,273045229.0,6.82,1114897769.0,498.32,403528354.0,56.86,15199990.0,3.17,1445722.0,39.94,449383491.0,132.43,3521967.0,113.93,9119279.0,40.59,57815220.0,75.43,5078434.0,9.595,71488709.0,19.03,2526203326.0,25.58,14965308.0,194.75,4272327.0
2020-09-01,29.59,341959796.0,6.66,1285314206.0,429.01,1736952445.0,52.93,12732469.0,2.88,1219634.0,34.33,590861107.0,132.44,3570846.0,109.05,10600483.0,38.74,57233340.0,69.22,7479980.0,7.67,66623571.0,21.22,1959728916.0,23.7,14907128.0,184.09,3634006.0
2020-10-01,34.53,309227110.0,7.73,1421029882.0,388.04,833908217.0,56.73,20798558.0,2.58,2145468.0,32.62,630468906.0,131.29,2979247.0,120.81,11109363.0,34.98,83272944.0,89.65,6781608.0,8.28,86524027.0,30.58,2555685236.0,23.62,10863047.0,178.42,5701474.0
2020-11-01,43.84,380081950.0,9.08,1434465292.0,567.6,781153824.0,61.29,14245229.0,2.93,1565174.0,38.13,703572014.0,134.46,3527876.0,142.95,9819533.0,38.85,53781957.0,120.85,5902283.0,10.42,80316901.0,50.53,5345560446.0,27.72,14546309.0,211.11,6627410.0
2020-12-01,41.64,273411918.0,8.79,1237288449.0,705.67,1194948499.0,69.79,14738491.0,3.3375,1239413.0,41.22,605511099.0,154.57,5634320.0,159.03,8623511.0,38.64,49015328.0,125.52,5489600.0,10.91,56344405.0,48.74,3121418523.0,28.25,12913819.0,229.52,5563194.0
2021-01-01,50.68,627775789.0,10.53,1923131067.0,793.53,705739179.0,71.28,11659896.0,3.57,950284.0,44.84,594505106.0,140.52,6823083.0,150.76,7845539.0,41.99,55268318.0,127.48,4870012.0,10.55,62680757.0,57.0,2494484943.0,26.48,14145419.0,208.18,6931836.0
2021-02-01,51.33,417020312.0,11.7,1448212191.0,675.5,518874413.0,75.02,12737463.0,3.935,1169801.0,54.37,541226724.0,147.93,8287965.0,166.09,9472113.0,45.0,51228618.0,127.17,5745640.0,16.81,118839190.0,45.78,1372224324.0,27.67,18536456.0,197.38,7922018.0
2021-03-01,57.46,516702683.0,12.25,1684245471.0,667.93,941564582.0,93.22,21669844.0,4.09,1040350.0,55.83,790804953.0,156.06,8922679.0,181.25,10997870.0,46.36,59724217.0,121.95,5747926.0,17.57,115261201.0,38.98,2853637299.0,30.2,21135934.0,209.28,8697098.0
2021-04-01,57.22,343325043.0,11.54,1329360187.0,709.44,678583808.0,102.48,15451447.0,3.85,1119954.0,57.24,457854782.0,150.77,5680857.0,183.84,7410896.0,48.58,40404771.0,121.81,7032677.0,17.21,70202801.0,39.84,1689973922.0,29.82,19912813.0,213.39,6858901.0
2021-05-01,59.31,324496715.0,14.53,1920840519.0,625.22,625175872.0,102.13,16084965.0,4.347,1355977.0,58.37,521305196.0,165.98,5511808.0,193.36,7157514.0,51.29,36815172.0,122.46,5011052.0,19.83,77705364.0,38.62,1392812277.0,31.26,21144243.0,210.91,6199575.0
2021-06-01,59.17,356428414.0,14.86,1923637882.0,679.7,519623430.0,94.81,19492167.0,4.655,1249195.0,63.08,526409314.0,174.84,7201791.0,175.28,9066195.0,48.54,38834657.0,120.94,4625655.0,17.15,93678923.0,53.2,1307413358.0,32.18,16282565.0,206.05,6268649.0
2021-07-01,56.84,290115850.0,13.95,1241752670.0,687.2,447786560.0,121.33,26336946.0,4.875,747259.0,57.57,435776080.0,179.84,4250580.0,174.98,6982483.0,48.98,33403182.0,114.05,4908252.0,15.71,60338532.0,44.68,1358041495.0,32.1,11262983.0,218.29,4976994.0
2021-08-01,49.01,431324226.0,13.03,1157840200.0,735.72,381913604.0,109.09,23525570.0,4.3,970550.0,54.52,406242850.0,174.23,4842869.0,159.94,8036228.0,42.68,38364116.0,105.68,3497164.0,15.84,76450502.0,39.31,925006696.0,30.26,13464323.0,217.4,5190750.0
2021-09-01,52.71,332678293.0,14.16,1412535208.0,775.48,390215611.0,121.76,30409339.0,4.32,636436.0,58.82,482961263.0,177.75,4806581.0,156.48,10621585.0,43.21,38819754.0,94.39,4692691.0,17.7,75150587.0,35.63,740087785.0,30.67,14303507.0,209.12,5205345.0
2021-10-01,54.43,402172097.0,17.08,1668673088.0,1114.0,528934537.0,121.12,20776001.0,4.46,698528.0,64.47,435214498.0,176.57,4720630.0,171.85,8638837.0,45.07,37010468.0,113.18,6594089.0,19.12,75672809.0,39.41,746077450.0,29.58,16893235.0,237.17,6701845.0
2021-11-01,57.87,399118101.0,19.19,2273646809.0,1144.76,646639435.0,123.85,17104554.0,3.98,1376704.0,59.84,415515027.0,177.85,4445748.0,167.79,10900524.0,43.28,43619417.0,105.92,5611295.0,20.11,91772153.0,39.13,893826818.0,27.37,23733861.0,260.46,9746065.0
2021-12-01,58.63,380175189.0,20.77,1850349357.0,1056.78,510209746.0,116.85,22724135.0,3.79,1733498.0,61.19,433205760.0,185.3,5468820.0,182.95,12614471.0,45.07,32775056.0,111.14,4694592.0,21.32,75318713.0,31.68,1262740613.0,28.45,19008380.0,258.82,6951266.0
2022-01-01,52.73,469659225.0,20.3,2903762712.0,936.72,638395647.0,109.0,16291599.0,3.83,1609380.0,75.96,605096462.0,198.45,8854134.0,167.32,9392623.0,43.85,37815874.0,101.51,5362940.0,20.73,82956839.0,24.51,1116968793.0,29.55,24639731.0,230.96,7722405.0
2022-02-01,46.72,383817976.0,17.56,1819363112.0,870.43,463455422.0,114.66,16712616.0,3.69,1160860.0,78.42,628495456.0,182.95,5027978.0,157.34,11551161.0,41.01,39923948.0,120.17,7893200.0,15.49,201924746.0,22.84,1015912778.0,30.56,22806281.0,215.31,8079484.0
2022-03-01,43.74,400938692.0,16.91,1747233463.0,1077.6,575182495.0,99.58,16853089.0,3.65,3337038.0,82.59,851509473.0,180.25,7865922.0,142.59,15204807.0,38.9,52734933.0,109.13,7360103.0,14.29,170652009.0,21.05,2111605532.0,28.26,26778610.0,218.09,11447528.0
2022-04-01,37.91,361094500.0,14.16,1338949626.0,870.76,503896960.0,115.91,24813855.0,3.51,1425236.0,85.25,505298620.0,171.0,4952574.0,127.94,10061175.0,36.83,39222946.0,104.71,9672417.0,13.32,99104700.0,16.7,1281633579.0,26.25,24047420.0,209.74,7558663.0
2022-05-01,38.68,397146805.0,13.68,1359365004.0,758.26,649232242.0,119.56,18384848.0,4.175,1299453.0,96.0,659735850.0,166.37,6259684.0,140.96,11953749.0,40.32,50251387.0,112.21,6162111.0,12.92,123933758.0,17.39,1446563574.0,24.9,28796452.0,194.97,12291470.0
2022-06-01,31.76,323818190.0,11.13,1143903229.0,673.42,670825779.0,111.76,14469223.0,4.02,1183639.0,85.64,660321520.0,154.17,4708805.0,125.89,11001769.0,33.37,43294704.0,103.58,6115036.0,10.71,94796593.0,21.72,1572603165.0,24.15,27616363.0,183.48,10900974.0
2022-07-01,36.26,292487788.0,14.69,1247848605.0,891.45,581783311.0,118.74,15571547.0,4.15,1216637.0,96.93,427920540.0,162.59,3926911.0,151.14,12196617.0,38.46,34231177.0,127.58,6102310.0,12.28,80574622.0,19.73,921747279.0,25.72,24571079.0,211.23,7183832.0
2022-08-01,38.21,317584002.0,15.24,1455374340.0,275.61,734431591.0,124.6,13333267.0,4.37,1332266.0,95.59,424504673.0,149.37,4927748.0,138.64,12887838.0,37.7,38425012.0,119.83,5646188.0,14.03,99781963.0,19.91,853667242.0,26.52,23119177.0,194.66,6248357.0
2022-09-01,32.09,332686323.0,11.2,1619727852.0,265.25,1298711227.0,101.87,22295573.0,3.26,1362040.0,87.31,410595217.0,130.29,5817079.0,119.69,13440214.0,31.4,40092770.0,106.06,8026315.0,10.09,86217457.0,15.77,1006965168.0,21.59,26328367.0,185.0,7638375.0
2022-10-01,39.25,317696098.0,13.37,1433732660.0,227.54,1735577735.0,106.31,25232889.0,3.3,3767080.0,110.81,431633161.0,138.81,5220009.0,138.71,12209922.0,37.53,42433822.0,130.47,6711786.0,12.7,81742503.0,9.67,1335456770.0,22.82,28512914.0,196.77,7147171.0
2022-11-01,40.56,285044748.0,13.9,1037763587.0,194.7,1885408367.0,123.91,16478799.0,3.94,1683808.0,111.34,368054915.0,147.69,3716020.0,144.24,10870706.0,42.51,44185360.0,146.8,6264719.0,11.22,113983819.0,12.78,1443581989.0,24.5,20633957.0,223.05,6474167.0
2022-12-01,33.64,254856353.0,11.63,1116350742.0,123.18,2944247785.0,107.3,18929147.0,3.76,9073927.0,110.3,376509708.0,136.58,3860527.0,124.02,10444009.0,40.25,35688085.0,130.83,4832762.0,10.15,75531163.0,9.75,1053745747.0,22.86,23541900.0,214.22,4796725.0
2023-01-01,39.32,327651541.0,13.51,1101986533.0,173.22,3897499392.0,126.72,14007895.0,3.95,2151725.0,116.01,329847947.0,147.11,4827784.0,145.78,9500956.0,47.28,33056745.0,156.34,6320875.0,11.25,75517895.0,12.07,952442651.0,24.82,22865681.0,251.31,7912342.0
2023-02-01,38.74,297975796.0,12.07,1379035149.0,205.71,3625947459.0,136.51,16999294.0,4.43,1286425.0,109.91,311248451.0,135.92,4445499.0,139.65,13066761.0,50.28,48106877.0,167.04,6111112.0,11.36,88414511.0,9.39,831393494.0,25.97,20178456.0,260.37,7783255.0
2023-03-01,36.68,336059110.0,12.6,1809438601.0,207.46,3312555115.0,134.36,18253202.0,4.59,5437344.0,109.66,412555211.0,141.69,4777308.0,139.49,14609514.0,49.11,46368723.0,156.83,7497946.0,11.02,112626941.0,10.51,1033376183.0,26.49,24198075.0,270.94,7290333.0
2023-04-01,33.04,271539178.0,11.88,1054299630.0,164.31,2503574179.0,131.7,12818759.0,4.45,1250614.0,118.34,292949932.0,137.33,5323217.0,127.66,9655221.0,48.13,35139827.0,140.39,5835232.0,10.67,64458416.0,7.87,821320016.0,26.58,17875861.0,278.64,6426722.0
2023-05-01,32.41,302752335.0,12.0,1395646011.0,203.93,2681250964.0,130.92,11546219.0,4.21,5942280.0,102.18,331787410.0,136.13,5211903.0,122.66,13814442.0,44.33,57244692.0,133.58,6971680.0,13.73,154229461.0,7.53,1039096361.0,28.41,23425839.0,286.67,8240779.0
2023-06-01,38.56,291852692.0,15.13,1251191738.0,261.77,3443091887.0,164.61,13400203.0,4.805,1630785.0,107.25,322630471.0,160.75,8888671.0,143.55,15660602.0,48.91,63444418.0,143.61,5714134.0,13.68,101643534.0,9.69,1370687046.0,30.31,28875776.0,325.21,7152502.0
2023-07-01,38.37,279523067.0,13.21,1170695260.0,267.43,2394275082.0,160.98,16918544.0,4.95,876183.0,107.24,350396222.0,168.24,5058852.0,154.76,9709177.0,46.5,45368002.0,154.09,5033618.0,16.08,81740432.0,15.3,1420434580.0,31.92,17820858.0,320.39,6450778.0
2023-08-01,33.51,279995614.0,12.13,1042520016.0,258.08,2503253508.0,157.09,11621585.0,5.21,1278073.0,111.19,315952866.0,172.13,6152282.0,144.09,11598984.0,40.75,48360445.0,139.27,5864920.0,12.91,95559765.0,10.27,1417247539.0,32.33,20064414.0,317.74,5823174.0
2023-09-01,32.97,233855241.0,12.42,920815270.0,250.22,2440633653.0,151.4,10854297.0,5.61,1054098.0,117.58,320616649.0,179.75,6381054.0,134.2,11624380.0,40.37,38633504.0,138.07,5498912.0,12.43,58825860.0,9.04,1056161969.0,33.64,21335461.0,295.54,5820941.0
