371150d8680a845f0b597c7b5686f688,SR 99
711abf3b2fe6f5cff593dd1d351af338,SR 99
8be83d3deb89161e75048398aac7e199,SR 99
8fba78624d65c4af3838bc5a26e86bdd,SR 99
a9a7837894f2b881c27899c3adda3f55,SR 99
b38e7fb23ca6a87e13ba79f051f9e929,SR 99
b6c9b3df1751bf49eee22d08539d930d,SR 99
d010456400c1c3daa10440ced7582776,SR 99
50349497c0eb33d2a03a380f580c9961,SR 99
8ade9f97ce16095981b91576e6fc6b15,SR 99
a5aeb71d2c0198b59a4cb20aa1377ccf,SR 99
d1a41f7b020e921a3c2800e3539b6879,SR 99
e54628f19678ec128f72c44efcc87bca,SR 99
e609622440c92d1712c6524813df3ac6,SR 99
f368e1cbc703d3dbfc5c6d80b0688c18,SR 99
02a673ac87bd9d46edbf5898ffaa6457,SR 99
1f36b91b4c9e3e183afa175437b8925a,SR 99
8018889c52d43449252e4900c48f566b,SR 99
a3f8e712f83a835018306bf493022a52,SR 99
a972d22525a52970ffe739fa029e6cac,SR 99
d39a03ceb56769abeec93f7776d118dd,SR 99
e7d485f3581c5534e775f1e010b061df,SR 99
022999fb879146c41a60bf5b1c4090c9,SR 99
1195e580bfbdf2cb4981b9bd79625652,SR 99
48346805e70396a54ad09dd34fdbbec4,SR 99
4e92c2c1fdccc762ce12cf2bd76c9c75,SR 99
55a31eb92a63529df213d8e4029334c7,SR 99
6ebea443c79addfe47e9db23abf17694,SR 99
7038bb2412208791adf35bf25ab749b7,SR 99
717fe26dc717329ddd0fac7c9e32e867,SR 99
72f55a22010f00d02b80de944834ed7e,SR 99
9c98b57c7444c0590a3bf73238bb324c,SR 99
a924b78c2c4f6eb20cc919cb1f8a884c,SR 99
ba5019296cff0fb2f24e56b8ac40bc3d,SR 99
bbcb694dc4e411b36bdcc49dd37ddc1d,SR 99
eed2c4e64498430a89bbe7be0f24feef,SR 99
fa90cdf3395163c51687d7f3d94c066d,SR 99
1ce743291d16e2a8655826ac44ccd7ae,SR 99
2b1f114424f9d04f28b35c1d58198f3c,SR 99
2c6c9912216faf52c522960420114fb7,SR 99
2ee009fb5ae0caba4da111a5a158b3f4,SR 99
365442031e9f706d0db41cbc179e7872,SR 99
5d8c1d8e0fba38865aea12a74c3f3dff,SR 99
6600f46abd7c9920253b8e0376a85088,SR 99
6b3ddd63b048ab9ffefd43f38eb3564c,SR 99
854f8c1f3f003776541fc2d6c68a35c1,SR 99
d20710c1d7dfc99d4511142a2da705e3,SR 99
2dc16f4e0f36afb5413a12aeddded6ef,SR 99
441a42bfda9324926293a81375f6b7da,SR 99
5092267f1ec2ff0025e4a8b61ce083a3,SR 99
62eecbad856efaf3668d0c0c82dff6d5,SR 99
6760c109dba41a7a15c6d155e8c9f3d2,SR 99
80e2c3673141d95e5a88bf482b0b2cb7,SR 99
a5c814c9f3d7ff94af87961d438735a0,SR 99
c7806b77d7db01ebfd4af43c3bb50298,SR 99
f879830458be92ac3ac32cfa361ee7c8,SR 99
1ec135227f63cd4631e00041440a4d22,SR 99
2fe67d2023bca2d415bd6262e66aa692,SR 99
3089f92ac74cd2e6417ce0bed4bcd98a,SR 99
553341b1ae807e9e53739ec90c12156d,SR 99
6c074ff6978c014051b0d4f6218c52b6,SR 99
70da9326621c2a35eda9cb102dace396,SR 99
785bf263dd9904c5e1e54ad9f1488396,SR 99
7d350f81be1b67bc9945b3c87f5222bc,SR 99
87b6ea052533eb6e9daad7b6db975f51,SR 99
a296cdd237c92cf1501bbafd11d4fd60,SR 99
b1dfd9e49552bb88eb96e8bbde220d95,SR 99
ccd3d7774ed9273c6ceb2dac57504896,SR 99
0a53828029e97b512773660a2efaacbc,SR 99
217f73868e6f488ec7dab127412227da,SR 99
05f4e08d9eeac80cb3647dae0385d188,SR 99
1b9be27692f14cd0c078e4a154257945,SR 99
35bda376e084bc4e3c9ca33302add674,SR 99
4e0eb9187fc99bbc5be0571fba3993b2,SR 99
8e2c566691d21797bfd2a0cc92a340be,SR 99
926a802d79457fe6efc9ffc95eb088cf,SR 99
a140f39cdca5e5e0706ca82a1d9d8b34,SR 99
b5b868753ea5116cf4aa6e0dd62d7a4f,SR 99
b7da9da0f397019b1bbd3be3a2e3ea12,SR 99
c958dcd7afc7c5236d11cfaa16e30db8,SR 99
e0af404c1065c181985a4c90aaf8f79e,SR 99
e7cdf3e00ea4c75aeff480eae8631add,SR 99
2197e4bc2e81df83a86a5a43032764ef,SR 99
4879e29fbb0238229d3d4429ab4a7d33,SR 99
93f28cc1ceb9d2be075b1617a41bf116,SR 99
b128e4200aa107eca97eb685c76e033e,SR 99
c542d05067b3081de90a6d0a376c47d1,SR 99
d6c474e1e310b4510aefbd9bfd5b4987,SR 99
f7d62aa2cb4e2cc580ae6550764bbaef,SR 99
02e1dd29a90476526a15c607312fc911,SR 99
0ef99f1fe6d7adaa42a3fd2541a607bb,SR 99
21c4de7cc9929a6469feda6a1aaa5a0b,SR 99
46e9eb3e5638e3b8a80bb9b999894ba9,SR 99
92e5aa3c9be3cc7d1a4bcb2c654f16a8,SR 99
b46ace4ad20c3605f3ea38e366ec0ac9,SR 99
bfaf9714e219127da856067d7aa34fc7,SR 99
ca00b42800df0f62a67be9781c8d7058,SR 99
cfe5b4ab40d251dee31a5b63971ba6a1,SR 99
ef0f32fc20629670462227102fa5ee97,SR 99
f5062b5f9e66f7b69f961a3bf0db7243,SR 99
f6455f320c6dba9fc6ebfd756f903ccf,SR 99
f73db832e024caf2b576accccc408931,SR 99
09f0206421d855c143494fcadc4039a4,SR 99
26cd39e3e2c90c9629a17212e13fca6d,SR 99
541b8243feded7debb6783bf811a8c38,SR 99
6818d9461f181be58d6cb8ae1fb41192,SR 99
8ba4dc92e8eb163125cc33155e953903,SR 99
8f9ef57b728b1c17b867d2613f87d0f6,SR 99
c13ee03c78d0221b362c83f9cef76eb0,SR 99
503cac00ed6d4d32489afbc3b5042faf,SR 99
5c1421e1835088dabda324b019fba8ff,SR 99
a6fa83833dbceb70c87fc75df909ef2b,SR 99
e212e89678874e906fe043e530f7362a,SR 99
117ed53f9c7c97eece8baab8265cf427,SR 99
465319716e5051c2a69b17b957775640,SR 99
6e6d84115674549db581cbbfc756c2d7,SR 99
9cbc0b8e527c38fef064b758a11c20d1,SR 99
a874dd243d47189954717bd31151d044,SR 99
e8ea9a2b48c8276b2f6816f743f0f39a,SR 99
298e44cfac8f08b66960f6b1f124ea89,SR 99
417a5843c37fbf8b6301cbdddbb9b036,SR 99
6f87307a5da79abaf57c64270dbe9100,SR 99
8febd3497c37572719eac4a7b6523a11,SR 99
98fe7a1b6961585e4f0118fa78d56449,SR 99
9eddae1e45864889faa268293b88f31f,SR 99
a10f66c0ddf918619e37683fc284cfff,SR 99
a1afcaab107a809318701fb02413d899,SR 99
cf2999c6ba4b516ec6f818396df0ec65,SR 99
0251ef125af42d4659893dc8bf8e1a4f,SR 99
169bd764fb598a3761e356510fecfcdb,SR 99
16fb2baf095a63cce19363891a7eab39,SR 99
35d3ba22f4ac43df7ce2b8dc274816fc,SR 99
3beb2e22b0d7f01bd1e75f8481799a10,SR 99
891beab682ba27f6797ef29159fc0ad8,SR 99
a33f4c9e1961273901180faec47db99f,SR 99
ae5a624275e2e071ee8d8a768b338847,SR 99
b3edf2c00a8d336d223c77a1eb77d915,SR 99
bd051e3148d4aee4827b1d56e78889c9,SR 99
d6c9a3c06a5ea3c139f04a51a0b270bd,SR 99
084cd2f23a831d1b158e7c4815be791b,SR 99
6367275a90f395105a7afde399d8c57f,SR 99
75d99216c735f706eaf628d677b0a02a,SR 99
86598d594f109d8e48d691794e8b95d2,SR 99
8af1f4acbc8efe15e3297b2fde104aef,SR 99
a636a6aec41bc1500664af602f11e024,SR 99
2738de7ccb4007f58cfa965595c4a21a,SR 99
34aed47186f715eecfb8d717d768352d,SR 99
4a58770968eaa1aa44c0056747733b3d,SR 99
52a428eb2b048561bf65a45331d96922,SR 99
fa998b8af50e77891f8640359ccbb1fc,SR 99
fd22b4a7f5a02eda0de886195ff16cee,SR 99
174ae5cf6975169ccffe5c3b9ec86c55,SR 99
e1703a41e06cd336017fb4a2299bf373,SR 99
0a8a9d3159508efdeddb1e73d77c2a97,SR 99
2982f4b1a67d4178831a7e006e65c8c7,SR 99
2f87c1976112e26e0dce8550eb438b3c,SR 99
3c49f38e3137aafbe5665dc8eb27088d,SR 99
66dd263d9ad466b11ca69c4379690f15,SR 99
7b5c032ace46c425f80753e195585c46,SR 99
7bf4caa3d08494c410ff6a11cc74a567,SR 99
8e7586d3d8ca871636659a9a39254a99,SR 99
cb65261b5021247311fbc300c89a1f19,SR 99
dcdb55c1c52c9ed2dc497fead61474a6,SR 99
e90178d967daadcb4cb57c75697280e8,SR 99
fe03300735973e2382e5f719ff80dfee,SR 99
033068ab98a383685be6b2f470d352da,SR 99
34882452faacea317768ae7b27200b09,SR 99
356dc62702efd5e7c85ed602a981cf2c,SR 99
5ad41f50da026d1ca060d7c52db37de2,SR 99
7de351c244b32237b9220d7568d97573,SR 99
ba0f5685b0d1706fb70af0d568f35de1,SR 99
cb9ff97bfa51519292fbefbcbaaca739,SR 99
dc235099dc1b0fca559f9c9bc073f924,SR 99
eb2cffd73d5663af8ef0940af53dd964,SR 99
ed358f92a9bd04065405fdc994f6bf0a,SR 99
2380a68487fb7974ccb12f7c6f3e8d24,SR 99
6cf94bfcfddc44535a2e536766d023f2,SR 99
7cfccdb96be8d8bb231d7ff7e748b5cb,SR 99
a7f4b3604900674392a50b92066b89f2,SR 99
c9cfc6f8f6f4b6f8c3f7a73659a1c944,SR 99
f8d670355b9a8c6905dd569cd9178e8a,SR 99
4b59422c69b26fc756e4927240d07037,SR 99
7b6347419e561e1e888865ca64760ffc,SR 99
9c0d02658f436a9f1e036b1191a354ee,SR 99
ba0d4ea7a3da8819b128f9313654beb2,SR 99
c8eb5a80b93cfbb904bc1cfc0984537a,SR 99
d00069b83a0a27ce5214234d05ca3f76,SR 99
def17f48a5ce29693cbcabea1e89a72a,SR 99
e3990ba0cfb80977121605bf80c913e4,SR 99
f86487c6bc4f94325524732d3ef9cc2c,SR 99
11bb72e6a0790c232e15942b46ac7f75,SR 99
1bbb739f59c2e34369ac8ccd660681c7,SR 99
4c8a3abc37c0ced2fd1dac2a8fc67a2d,SR 99
5b18dd245adbfb37b43d835a3f4f6714,SR 99
a0789995a5a05b54f5052167a15cf514,SR 99
a1a9a986d6e74dabbae4c49583a602e1,SR 99
bc52d1d91a68bdacf1cc73e6a8fbf72d,SR 99
e9120bedb1736574ec5ca5717c0ccd07,SR 99
0b20c4a7753af5a46b24389791d50d0f,SR 99
119748ced2d20244a8ea6bf90173f4fb,SR 99
4f96daca7b142a14c79bd19192fec729,SR 99
59a52f6138b1caff91cfb4f30814a833,SR 99
6ead69372601dec61e34c1c699ea70ea,SR 99
737dc2916ec5e48d8d79f2e0ee30bd8e,SR 99
79c9779cdac1a4fb05b7649a66c547bd,SR 99
8029e580852a4fbc36248838e681d10f,SR 99
a09f00c2fcf341855ec82f259994a1c5,SR 99
af87da1a7efe3ab3ba876c4f4412e35c,SR 99
b339b9c99e4ef189dab1897bd95ba5f0,SR 99
d4201338343c9f1688e25cdc389a532b,SR 99
ef87394cfb0109ce68119c3f437fcfde,SR 99
f29291796058b84f2578703e4130bfba,SR 99
02fa57aa2aae1d28ff4be30d4c150e01,SR 99
119afcd7e7dd356bceeacbaa2263098c,SR 99
4b48230402bfd995ebad45b057d06701,SR 99
8fb47a13b9d90fb535d498cc4ff753b3,SR 99
96aa36f5afdccda8e4792673e6cbea53,SR 99
a91a7b1f6e2830bb49b8db5623ac1d29,SR 99
b020209b09c9a3d22bab47e46610caba,SR 99
cd1386e1f31236c68088e13adcedf950,SR 99
f82e36c9541f02cb07d3cf6d9b54c6fb,SR 99
2225593a331feb3874416850021dcb67,SR 99
504bea5a56ab6e7ab802661a8b651ca0,SR 99
864f2dfd3217bb14ef3f5680fbd63a52,SR 99
97e058d2c5ff26677882faa77c4e2490,SR 99
ac2f15b84af76a5e51a24156307c6143,SR 99
ac8b01f5b517205cc4f39cc8ff5dacc5,SR 99
ba7666f35381849b4c89c66694977ece,SR 99
e5470a9770f499c7ce9a2764911d8147,SR 99
f0598a3701df91f6d95be18799200a68,SR 99
15a9ad6d5f84434c52753e587343e790,SR 99
1816779cd07f3a7d665e8ebcae1eebb9,SR 99
1e76adb3ddb94c72180356578ef95b25,SR 99
1ec2f8834bd121f9bf0ab75f5662b348,SR 99
2548942a553d1f65f86d57cccfc5c0ea,SR 99
4d15c186e6c841105624fef4e1c95824,SR 99
4df84ee26e82ede01d87b1d0c7eafa6e,SR 99
63db459c47faaca89a21c19d41630ce9,SR 99
71cd16ad57233cc4565372f405167579,SR 99
78786761d3dd44a2c5b0e8f0bc9cc89b,SR 99
ad74f352e5f37fcc89f3665e7c13eed2,SR 99
c99f0347d33a4a143fcd567e03ee4386,SR 99
c9b738e3c420cc80a0c37010633a981f,SR 99
cd9137bda1e8d08f9e1271395cfc6973,SR 99
e7e6ae44dcb2e03435add56b9df79669,SR 99
e9155b2dcaa07dc2f6bc9b8f2e18668e,SR 99
eb450c12f808cc90d109055a7801ee6d,SR 99
efb983851d04fc047f98321badfe120f,SR 99
0424ae107751d4024ec465d99c1810d4,SR 99
0aa12da513857d52e99928225c311e09,SR 99
438ead1680bc526a263aa501186bd552,SR 99
5b84766e59a4a9e543624428720a2f4e,SR 99
6a82d4d1fe2ed5374cef386e53860282,SR 99
781f97b948da34f9603de43f7ef15851,SR 99
822f5e9bc4b1685a9fe51b041361c52a,SR 99
8c264b8a551fbd051fee7edb51228c29,SR 99
ad6cfb05ba5a98e087827450ef63e446,SR 99
ae5548a6d1d39fee45a3b0e336458405,SR 99
b79b8a50eccdede5e2b3114d1f6f8fa6,SR 99
c50fe25ce03d945cfb81533ab65f0c9e,SR 99
d82e46bfecb921f349b9401e0a2f7555,SR 99
e4eebe8980eaacf145fc8b3cb6b91ae8,SR 99
136e1db110883923b2658bdad5389952,SR 99
7779497b4ade5347b73860b81c7e61bf,SR 99
79040c675ba7358b027fd6a69b67a782,SR 99
8c23303593e72925fd308510184b364c,SR 99
a4cb77b3b229e445b7679d8d20a564af,SR 99
aa145a2640f1f59c5346c36a350b1688,SR 99
c454111f809661fc27d962b54f4e4cdd,SR 99
fc30c7a433da3682066afe78e73681f8,SR 99
2c5c9f0c32ce6c550cd602285b98885b,SR 99
414c76f66065d8c0c80e891ab3ca8c4c,SR 99
4fec046fc6e5ca2385575cb92aaa76a9,SR 99
71b5f779d00fbcd72cc9d49183adab2a,SR 99
9a74ccb59bc70cfde39c67c17e20a48c,SR 99
d5d6ca72f1a2b05046f20a0d21e680b9,SR 99
274ebe0395a795154be321b3ba8595e1,SR 99
7e8206cde29a571376e37fd9902c2d3a,SR 99
a05f4a961e6805fcaa4e0c7150ecdc31,SR 99
ef79272e42f30aefa0faaf5f3a98a21a,SR 99
170c9f6855b67b34e9f1036f8e625d78,SR 99
5b1c35656bef0bbc76c1d233ed5b36b6,SR 99
666f831143fb88e567199659857463e0,SR 99
b5b30c5c8638b78e1d4a17a10df7883d,SR 99
f2f27a0661438fd858d9bde4e8bf53e3,SR 99
09932e607c74fcb65f01fdf2049e158c,SR 99
261c67665c3cc2b9f311d38b19a928e1,SR 99
2771e9a0110de4080669b6ed6af259dd,SR 99
284d70218ceac662dd2c9d891e3ef0ed,SR 99
5c2e6336dd180b4c88d91f2bb0afab69,SR 99
62a707e1ed547182acf60c232a61f2a4,SR 99
b01ed1ca28cffeaf6f5c6272f6dd3cfe,SR 99
b763fe04744005cc12d1754f23af69d5,SR 99
c41c8352fb40f69a304eea15850e6ace,SR 99
c89d06c83a1c80cbd56912e59ac395f1,SR 99
eeda4676ad46b228efdac7603d2077ab,SR 99
ff637ec3c10bd56bd8dfc7e5bb4b43af,SR 99
149fa204309e0f18c78176c66f9fa195,SR 99
4a8b3d458bf98ecd0874152954dc20c2,SR 99
874d56cd6c75dc792d62aa5b68970ac7,SR 99
92c47a117e94d3f904132308ccbfdff6,SR 99
9bc27bdf7875ca278551495e0deff51c,SR 99
a509f78251655ea607ff4a5b8ea8382e,SR 99
b2cc3b1aa73aaa0154ddbf071ae590b5,SR 99
e57861b71a25e5c2be097e3ad82ef9ab,SR 99
f8d18ce3064a796a7fa59382c78404db,SR 99
174762708c28c52090e435476af98420,SR 99
17556b36255b309400429503bb49cc63,SR 99
365dbd67112e1e0cf9eb5c2df41a191e,SR 99
395305ac7c29606fb6f41fd71447d072,SR 99
3c58046cc94403a52904bd45a5e51dae,SR 99
a69fbf083673bc3fd8f6b03ee078b1a0,SR 99
cdfbfb0f63edbdfc164c8563c03e1053,SR 99
cf021b2e22378cdbf0bfd53836ab0b69,SR 99
d5d0d5cf3509b928db32f1dda68be310,SR 99
dafae4697d1233b627bba877651c3ff1,SR 99
eda5c47ab01f7347723f32fb591cdc68,SR 99
fae760eefe721ade313f94a839763fa5,SR 99
1ad94958175603140533b9c9d3825026,SR 99
3b7a05c5429913e054d8112ec2d8194b,SR 99
4ae6ac0363d9f44fe07f3292bea8e00e,SR 99
67a10c4c647e4736f758c02c2889dcea,SR 99
7786a70cb138add733e25d5c0ed88f23,SR 99
9d933bb70c4882550d53b20ea58b23ec,SR 99
cdecd8e94cd16025fb30d718aa06598b,SR 99
d7653a3dcad622a3a7285b9bd1831584,SR 99
faa0364fe93f1aa90f051fa85f97e12c,SR 99
08ac069a8b0842410897aa1f5e9e9932,SR 99
0ff6ecbe24d4b7c76fbf12a4d0dfc97a,SR 99
37d5925418fe6b5a44b0eec7b7073a94,SR 99
40e44bc9355ebbbd0ec891a65173793d,SR 99
68cd9270e13a9c94a40239f67d8c00da,SR 99
73517b7ad2421e6e9e5810a61ef30deb,SR 99
766dfc3da9a1df83fc0a3dc71311f9b4,SR 99
fed29df78a4d5c27c05314d9ff12465b,SR 99
576debae9d83bea4bfcaa9130837c62a,SR 99
5a2723ee9ac2744fea458f41ca1d38d1,SR 99
68d927efc311fd66c3c31b68879d5734,SR 99
b941aa7d451c332c80d20943b9e8585b,SR 99
bea78eadb618e8a0bc8245da54b3edaf,SR 99
069a63b596d26d21d7a89a0e73ddb886,SR 99
1d5f54ff380f9fb9821d2690ae8698ff,SR 99
46c4d8072281d634a4bb1a7c00500603,SR 99
5683aa6e6734d3603b800c8492d552a8,SR 99
bbb8f0a9eb83508d5fe21598859cb2b4,SR 99
d626e9de900a954bd5b71b2a0eee7df7,SR 99
0de41c9e77c9a36037ed40309a05b59f,SR 99
24d4cb24d6eb484297f4363cac62900f,SR 99
2a55930f0f9f244c8aa9686e3d38e32f,SR 99
2ddcd4dcd7693dd07210cc8bd32d83d4,SR 99
3a4c4190493414acb9761cde916df075,SR 99
488be60ea4b099a8f8705493bbb1828e,SR 99
64dc69db733c4b6ba4e54ad4ed05379f,SR 99
6a34d69519a5a723281aadc0eff83846,SR 99
9a8663e5721eb47f6e9271954e7ac457,SR 99
d95443c3e5df89e05eea8b9177c60144,SR 99
e2d4e2fa0f8a14f4fdbdf4dd1bcef667,SR 99
e34da2b96570c9e180c4518a3d0f1430,SR 99
ee8e975dcfa3c84efa094520d036b1cc,SR 99
fc0be4da2aaeadec46fb3a314311a3fa,SR 99
0362de302001a216d8fea9c561bb1ec6,SR 99
51ef599fde38cb7b66d35d9b7e278061,SR 99
6082e6235df191bcfb8bcdd787f75909,SR 99
65d3608d4467e92ee8152f0fe9b1f27f,SR 99
77bf632c7f31c3d8516740ac73e39cd8,SR 99
9b77d93a55a083a8baac66f37b2476dc,SR 99
a7e543e19e65a0f9bf38025b01dd9e1f,SR 99
b0cca75e79916df562806d45c15556e7,SR 99
b584a6cda8967085a663d2ed0df78700,SR 99
e0483b97187f353268cfc9da1c9bd4f4,SR 99
e379ea2ad69671a23f6b04963e54bbd9,SR 99
e9a46ed1113ea369aeb8efc8aaef7454,SR 99
0bb02de91a51b5b331d433729af3acc1,SR 99
4fec282911ab4b25ac7a6ba4a2820c4a,SR 99
5944cb598af33130117bb8f33dca9d9b,SR 99
629ff7edea97fe9c4b903d37d0ef5e81,SR 99
7ab307381115cca4f830b4aaf58ddf81,SR 99
c41987ca0e73537f11c1df0500883d2a,SR 99
c9d9a4ac7942f140e0fdcf13fc5ef7c6,SR 99
e34821c28dc6a49df56c601c7c52cc8d,SR 99
0c125ea7863705868d8fea3df3f83399,SR 99
3e9d1142f7dab08100528f95512d351e,SR 99
43ae1b51d501ce02fc753ce4add50f85,SR 99
4624bf31b43192f5d5d6ea9b3a889f62,SR 99
74b6d6deb719297ae63955252533e938,SR 99
79e9b8bd707f41bcfb73ecd16a568391,SR 99
8292ab8f6f891e8d0c076878fe870862,SR 99
b8fbcf814ca85a9a534aee02423bc64c,SR 99
dfa4a3470e53e6ef7afd9840f76aa647,SR 99
ffc96a58dc0277c6cb7ec16b9590bb3d,SR 99
9ebdf50d1cb41e7cb401d896a47535de,SR 99
d3d737f87271c4ea019f013ae0247336,SR 99
43fa1b88ce0c43f610b2d96761fc76f1,SR 99
7b6c134f4755480ee42a63c6aff79646,SR 99
7e31e1c7d1c2cc8bf9ac2e09d38c9c5a,SR 99
8f1f386217a196d11c78ffddc321f617,SR 99
93e9218f8d55119430d1f88b1b91f9da,SR 99
da8df57433a35040ecfaf31653e13f30,SR 99
deaef27b721252adf326db12ad621636,SR 99
fca2f95441cbf36162b2fba7f25e1cc9,SR 99
16a78550af663ebd66421f1b886fbf25,SR 99
3cf7bc3695b20efee2adab76bf9da729,SR 99
3fb85b667a137b892d14a9f2db3cea93,SR 99
605a4f3dae3a16ab8feef02e19991fb5,SR 99
6aaa44815c579ea98e9d1b7a976d35e9,SR 99
868aca4307c820465232d2c0337b68d5,SR 99
a932210b04c0c808395f2c9eb09ce42f,SR 99
c46bf14a91a7443fef1aa3f63662dd7a,SR 99
cd7e9044dd929ba72fdd6b3b2acea4c7,SR 99
ceed5b15627f47d184740a606d928ebf,SR 99
d85912bdb5d80d47b16d59640fcf7009,SR 99
fedb9f4f4845a1ff0f3e23d497bb911d,SR 99
03f6f918da902af5433e34c442597fcf,SR 99
060a0b531949ff83f60f5ecc0b17c5e0,SR 99
0e3f86d6255e3ecb075a0e12358a5dcf,SR 99
6104934598dab261346b92b525ec4d71,SR 99
a722839367c9af14f6f953aa41498740,SR 99
b99cbe2977b385653d66b32666adcf02,SR 99
eeafba2fd07cdc9f5591a5a94674ea25,SR 99
f52379acdb9a91eb468550b9aeb92067,SR 99
34bbb541ace4e3484c9a2b7de4384b06,SR 99
387c518d44c62a0cac848ed72bcaf2de,SR 99
813a691e6f05758a314a51561ad17587,SR 99
952b6cc03c9de72ab156ccebcd1839bb,SR 99
ad2770c838f48bfecef78ae67b1f525e,SR 99
b52e1d3f869bf7c649d56517b007d2a0,SR 99
f494cfd452b1c27ba4dfb36d02ff0f87,SR 99
22b668f664094c17403b09533217c300,SR 99
2b398d2a71900cd72580f753157a6879,SR 99
2d97ca60dc002ab51d000be41dc098a1,SR 99
65c12aa549c164e67fc9ccf3805d5c61,SR 99
746f8c602b76f12549520c4694307642,SR 99
b021648824e03519378980a89c5441aa,SR 99
e750981aa3d6d05f885aa78269375075,SR 99
e8157596c11a062e0f1005838637428f,SR 99
fe87483e292b0397e26434b4ad977cdb,SR 99
588fa6561f1fa377148c82d54ca663cf,SR 99
60c8ee64f3a88277caea8f1d14aa0897,SR 99
7100833951c79dde2fc06c0dd96560b4,SR 99
718c62daa9dfde26cce288ae7e030567,SR 99
7936660ddfb92621521aecb752372387,SR 99
8afe96d241491e0a3c5a32036b043235,SR 99
9e96fe33db1e43c36ad805fe896fe0f1,SR 99
add657f4c65ac1540c1c67251100ae0c,SR 99
b1fde1c83e820dc09b0e1749933f1685,SR 99
f1fbd875498c8e8384e954dc222b6780,SR 99
22b858c462582d414c21e58dd89df43f,SR 99
34b7013170cbcc8003cb602ba332fb8a,SR 99
3b07eeae8ef3bba1e730ba1685dfe34d,SR 99
518599d5ab08b2051e65656a40135c85,SR 99
528607cfe5917c58724a59e7d67f5c12,SR 99
7d1691202b71e294f493061a47f77be3,SR 99
e464e945e6130658bbaedef0bf7f7a0b,SR 99
e7121a140f66699b446d3637cfcc698f,SR 99
0e22deee41490cb64bf4d402b11dd3d2,SR 99
205ccfd6058079836a850bd391b5a65a,SR 99
247dcea3d46987123ec85170b8434067,SR 99
4dd59b5b873fdc50b2ad88dc2089c8fc,SR 99
873f05cb7d51805aaa264d0cccd46756,SR 99
8edaa551710239901de29f8f4782cc26,SR 99
9184d8ba4a602ca2bee3ec75043acae5,SR 99
be32181696dfdecdf71a20d2c6429e39,SR 99
dc169692bc72d33d263e53fa74b59af3,SR 99
03ec37320638ebd1f1b6425397169b9f,SR 99
26fabb60b7cc491a780293591760a49d,SR 99
b2f90ab89b9c764513ccc40ab46aa88a,SR 99
c5b61742a1c670258dc55b17ccdb3447,SR 99
c7d0bf4d321f0d2a094e69db49b83fd9,SR 99
d0b3c15c6236f443f10800f8f77c1230,SR 99
d6bb3a060a62e6a83546c225f8a3478f,SR 99
d984e90f087da3738c1f211bec4885e8,SR 99
e1240a3c45e9b8af121afcbde3d77f1f,SR 99
e8a54f1b7e30cea01a8a45798d600b2e,SR 99
ebb535eb420e55f9db025b2a16aa6134,SR 99
fe4032dd60fb550977b31a58d34684b9,SR 99
ff6007b57b77e490ad86c89b57f74164,SR 99
0f2ed82266dd03c706751122d0dd62fd,SR 99
1bdf57fc1a1d70c25fd133d454f601c7,SR 99
21a06f35684ea981ca1001ca82788871,SR 99
3feb01d83010a844f9c5cf814ac536e3,SR 99
50f6bcb580e24917364d52d3471058b1,SR 99
5426bbc042e5d3d3da61f85c8dcfd4ff,SR 99
838294e31f8169d048cc953e4e4f4629,SR 99
8f4e480cf93d95bc277c26d0ed7b7aea,SR 99
94d6f18f615b67d0fbcdafed998388f3,SR 99
c0b0694b110ad434328a3d33b5f98e9c,SR 99
da834f7c1145537e12eccdd52278ba7c,SR 99
fa0af6c44120d5f65f9452d0c9141dd9,SR 99
21ac396a0807b9d5fe46ccc02aa3471c,SR 99
521710c662ee819fdcc00f56d1fd7318,SR 99
6f92f4bc93d3c5757efd0eaf444c0812,SR 99
92074ce18f2cd38ac3c340fd057ee763,SR 99
9fc0df778594e41746ce6cc0254457c4,SR 99
aa280fd2a685c2ffa022a70c6607bc29,SR 99
24d081c99b6fd507e8439d6b2ab6f32e,SR 99
2b4ff1747d7aa8860bc7d474e730b132,SR 99
58bd11009feda6a71adcaaeab09f74ac,SR 99
82b51aa5693a1fd1367cef049fa93d73,SR 99
8abe658ff1ac5e75169db6a749dfa329,SR 99
eb59bb7e9447871df5cccdc22cf244bd,SR 99
03c865e8cc56397e5ddab845b456b8cd,SR 99
0d623428bc3cff51e999a1182738f868,SR 99
0ff7d9b4a64e5e6c74e53f74b6eceb0b,SR 99
1976e0b21c8ae69a0cc5ebf912dd8f87,SR 99
2e79fada27cd88ec211c74db002ba09f,SR 99
30894b756facd1bc67d4c2aaea9420df,SR 99
311d4060102ea23829626a8f4dfdd81f,SR 99
36b45a9f71a2d02a03b5c9611564b92d,SR 99
414978de2ba7d17e3a1495ecce46e68c,SR 99
4a9014193ab6d2a72152dc8acbff8081,SR 99
56793b43d79e291aa5d96732b24b37c1,SR 99
93d810823d9f80751be992ae36929cd2,SR 99
d3061bbf37051f66dd1e59ef0d9e4a57,SR 99
d60ed5f12ce2332b60b08ed20129dc75,SR 99
e539e7ded2d25d03df19672ed548e398,SR 99
e728077746263280429ac9cf0d0e6ae0,SR 99
fc274de012a0815a6fb133af8d43c09c,SR 99
11838cac73bd7c2583b65319191a5101,SR 99
80cdc2e5f5b9c7de1def57af9ee718f7,SR 99
832040db6330527c6e55802b665f8cf4,SR 99
8c59e1b279b973f2a5e8a90cc43d5941,SR 99
a365d5878a4de2087298b8d83c71a887,SR 99
f4b80abb31c6843956587db9605dba0a,SR 99
fb9a56e9f3c9dab49af1f13fd9f0afd4,SR 99
050ca0d3ea7d8718a1cda902a47e2254,SR 99
3378a88f19d642e1078a37f1192f2e88,SR 99
6fe1bb588edb06cbaea472b668a3490f,SR 99
d05399bee82cbfcbac49d9e525895d01,SR 99
f3ce4d9b30f920b2a743803ce5db96b4,SR 99
2417a7cb2d4bf64e808fca01666228ae,SR 99
2f91515b68e45bde2746a65c83e0ee74,SR 99
34faab32499d62465cab5d9e30c4507e,SR 99
3e8f0622d20b80e8b6fd008841d669ad,SR 99
983ff985c5ddbd03d446b1e6f1a2251e,SR 99
caff184e852ce0e66aee69278b5c77a5,SR 99
d840fdfc3d2fa183ff4b54b38a5a37a0,SR 99
e196ad674a486d0852975606cfb764db,SR 99
0ef4cbb1aa84df82f34134ef9a537cde,SR 99
15c7d9508857f4d020b1ac6358444d76,SR 99
16be0afe57ff8bc57863b2b271780eba,SR 99
2ca646ac0aefb309d77a73dd3a8ca3a5,SR 99
6d2416d5ef18f654eab7baddeccc2db3,SR 99
ba6044ed2d0d40371fcc8302e49aeb7c,SR 99
d6dce4d9a31d34d97a7e5b3466f8b65a,SR 99
e892552444971ffa170eba715842e166,SR 99
41f87c2dc1700c8655ea41726172c996,SR 99
75527af4f65fc33642a907aa214ae905,SR 99
7ed2023eafdcd70f7e1a3775f3d027b3,SR 99
b68c77237c5ed5ec9780a7f7734386da,SR 99
1d7a2d4024b7566d62b04177cdece0b3,SR 99
366f671bb9c3dcaf8fdf44cc291fe043,SR 99
6649baccff2c7e8dbe40a1d213298a61,SR 99
8b6be612ad54603e31393e1e01cf5842,SR 99
c8dc515185c1774ec4e4e56e3857863e,SR 99
e4253bccc0aab637c9d920947d9f4842,SR 99
f3de85fef76f1925225a5fd0013ea4a4,SR 99
4c7dd5afa2796f5f7ce579bb735e783e,SR 99
4dc94ddf9975ad08e64008e872bbe2fa,SR 99
75977285856a26f23fce1a142d67e540,SR 99
9da58b5419e8f2e7ffb980c75d581c2d,SR 99
9f4e0f158d9130fda72a1469cc109970,SR 99
b1c3203c20e4a4a28f147c5437d07a9e,SR 99
b309258fb1b8f6e1cd3a7af59239c4bc,SR 99
c4851b3ac786b39653f71af8abc35b9a,SR 99
d564bbf554d322a28d54c35856b993f3,SR 99
eab0aee720c39e006992c9c562eb03ef,SR 99
0a08fcff2ed49f173860bb18b046329b,SR 99
1f2c26b398173e27b92853c289b86f56,SR 99
294bf0c55b881e30134204d4cf4d6154,SR 99
2d5e796cd23251c66505f7e18618965a,SR 99
4b79617d95b2952d16a90491634e6788,SR 99
4d46bb5b94c81c09ea8cba2ceda41641,SR 99
6e134085d307dc38b2cfe422419ecb19,SR 99
7f000cf548b427e7122c75fc763c7b5b,SR 99
86ae9f752853f026034e89a983805c81,SR 99
993b518d0de4e5418cdab34e9520884c,SR 99
bb5295efe4b3ae9d18f7c4eb1a75d163,SR 99
087c82a4a494ac1b22644f8527f8caa7,SR 99
7bcd2b8a1424e0913b5aac87b4aad083,SR 99
a9d32d008fa52f1e7aaf0d73162f5424,SR 99
c229946b1ec76a99e95802c52fd8d002,SR 99
e565cc78ee662b8083b899e85b788c69,SR 99
08a4305318370d9b3fb3d614be3e1358,SR 99
275f80ff1e919a5e2aeecb15f76da7fc,SR 99
8909d8be2d4c14ee82cdddfaa1af88a8,SR 99
a064e0e7af8e6caf4eb1b1a0a5bbabec,SR 99
1b8fbbc7cb11703e505b7cb94c8279a8,SR 99
257f9db8ccd5c5e650f478728274ac54,SR 99
2e7c5a0c33c952e278c3e89ca3c3ae69,SR 99
4a7acb3f13a1c7219ac701f836071c99,SR 99
5df0079c64f36e66795d70d4823f8672,SR 99
620378abd86b5d86181461f269a4f175,SR 99
671900218e104d1ddfb799aab5e8c529,SR 99
6c2fbea960d779104fc1823caac33f4c,SR 99
75d6adb718ea04201ef2f1c2cf993115,SR 99
850865f8daa16642392212393caa13ff,SR 99
9a0549353c9499feecf32062665a98ec,SR 99
9bd91bbf4cff8c1b898e1bd29f2ec99a,SR 99
c1be68a46228c99c6f2eb7f8e0c7f90f,SR 99
c654ff246e69753863a3ea2de7ba7853,SR 99
cc9d6b94e792239fcb34b7fd3238973b,SR 99
e0bb15fff9646b9b64247eb8ef214b42,SR 99
07183e85bd52441cd0822d516a01f5bb,SR 99
55799a193bda9e2ec26e0ad28c577965,SR 99
5d4383131c41217dc40e1443d4185f85,SR 99
7533c4b4cbab8f52b5f767591cf282bd,SR 99
76dd416057e7fccc96fc6550cb3e3d41,SR 99
7715d052845f7dedf9b48a72bc259a09,SR 99
879ce09d42ea4c15ce22a355eb23229f,SR 99
ab780365bb2cc8182795e377c1d90095,SR 99
d148b1ff2b5eff80b598da896c3f317d,SR 99
e1b043c001d978247621c5d1a6df0452,SR 99
f5d010082cb2dc0324d2322ed05c0f95,SR 99
fe4009ab3d4be79bf20c175eb529897b,SR 99
0b911bda63a16c535daeb75d0e97a7ea,SR 99
271aaddcb374793f22edbf8fb2c6aea8,SR 99
a9141b0f898d2044647505a306d72b35,SR 99
bfd0f4d79eb48a99d0685ecba27d12df,SR 99
c4d0a7187f5f660c8db3fde5359758a5,SR 99
d313bb2673c4fcabaaebab0591091b14,SR 99
625136ee3cf44d2c769c96c0da59ed61,SR 99
6640594bc9dcdbdcab4ea9b87fa0acff,SR 99
94fb4f13756e81e472b7ae453167a085,SR 99
b3b04f0020a285fc090bbee8d7f015ac,SR 99
c960b98158f69e06b0fc056f3bb44fb7,SR 99
ca8530765c07b3eafa8c52425dc52971,SR 99
0ed5e1b3421fbc23ba11ca98d4ac380b,SR 99
0f34a64d0c48914cbab1d4672de5375d,SR 99
1260c86fa0a0187df383717a540f7f48,SR 99
2e06d984794d68502026cecd97edc2fa,SR 99
3c0212e04028a377dccae4d03895d505,SR 99
418fe8050b5cb916bc7bc453f6e30abc,SR 99
6a1f6ffd272a5ddf274e446169f89b82,SR 99
9da6e92943717b2ac48ebea9ba3a24ce,SR 99
a9a8015cf7992033b25554aabc002011,SR 99
c97cd26ce67bb002fbf65caea1c8fe05,SR 99
d1a9b1a48e62ed8222e1f038f4d610c6,SR 99
d30303891bed35a1818daacbab30cbc4,SR 99
f375b053cae5be8b4924de2e7bee5a85,SR 99
016e698bb77f321685bbe3240292a27e,SR 99
0b9143df9e7ce4e907c558e78daffc6a,SR 99
0d32492763b5b7f0efbf74c1cb2ea30b,SR 99
1909d872a2c27c7196fec1d8f967e3ef,SR 99
2de3c72e5e49793032398d5c933345d7,SR 99
476d544d062813585cff3baaaada647b,SR 99
710053ad3cdddb3c65d121b0d6eafb54,SR 99
a88f213ba92fef88c13878032028206e,SR 99
e85b925931529254d8cc3ad784c188fc,SR 99
eef5f44a537f5af61eba7b9674a17f34,SR 99
efbbcd9bef87a530636d6ec442bb453e,SR 99
168c906c4e8fa3f5c5edc5d5cc35ea90,SR 99
2e091a47a292b27b8e10ff90ae3427d3,SR 99
368174bea548491eb4282b8fd2a7578a,SR 99
570e69ef447e04cdcd056cfc8ce16ee0,SR 99
7025d5708027998a383d026e1bfd5a16,SR 99
71279bb7898b452e933db3bc0ae6f4b9,SR 99
872a08acd4a440ba545998819d7de771,SR 99
881bceb72355c53006372bb90a1ab111,SR 99
f9b5e30cc7b75295444a5e2dada0aff0,SR 99
fef569b9c06cb561616f2c4f9857ddb4,SR 99
2b33ed509f8848a7ce4b96726cccf476,SR 99
5381daa4dbdc3833f1b9283d0d7bfcc1,SR 99
623abc1b21c4ea23ffe7aaab24f535ac,SR 99
66f7716ab6788de672f487b766426ff2,SR 99
866533b52434e5286c979e8b0014134e,SR 99
9194c11023367b6c7917cadd5e046fad,SR 99
a2bcb638fcf2db0132214f9cead5fe52,SR 99
b842aad373b6cc19894f52deb95ca3f1,SR 99
edc6392430c8c73573588222486e3b60,SR 99
03f8a0c9b8c99b384e900c4efde3f4b1,SR 99
3dbc541a507807170e745f825cf53b77,SR 99
4c0ef84719e13820a18e7f9f32ca86fa,SR 99
5fa2307b29d46d3a82a9b4090577456e,SR 99
5ff30a9c7cd2951fa1952bc6f6d204dd,SR 99
6814bab36fc30bee31f4ec9b71e48237,SR 99
78d66d26e224113b003dda8fe5a653e1,SR 99
073a4635db292c2239e12c1919e9446e,SR 99
1ac885090a48364419fcb047f95a9f6d,SR 99
323f546dfe7228ebeb4b001470063a37,SR 99
387a6acaf3fedc69f39aa791e82a04c3,SR 99
4ea82014a060c5fce4a520f1810b1eb7,SR 99
68cf2d623ba97a70dee5aed323f3c8bc,SR 99
7bc73413e487859faea370b352c4cdcb,SR 99
8ce8311ee42d3a70a2e087f8af2f5201,SR 99
b52e5555a229fe50a0e2ba0d83fd5ae8,SR 99
eca926d9bebbfbd91489e6013ec4a2ed,SR 99
04b29057b561462344b6a9da7fca9bd4,SR 99
3617db3b07c203fd5279b478bef780d9,SR 99
4849df13c67719de06cc449363c15a25,SR 99
4b06bffb79d56295ad1d4483ec410040,SR 99
920ed2afa049050ef02a6f906474305e,SR 99
b35325c0a853f495008f5e5beb3abe74,SR 99
b9c02b61f16dbdbff783b1605895b0eb,SR 99
bf98dadb7179a4d195ddd226c634a36e,SR 99
cbab353f89501e3f825cc80e077b9992,SR 99
ce298bf9c38aef90245e77ccd7b9fc5b,SR 99
d8fca82eacbd87d4c436071560638230,SR 99
fef13b583d658d349fba3f47c0990985,SR 99
3e30c043efd5c04875cecc4aa6bc66ba,SR 99
5068ec42b57b3249495aea8351f7693a,SR 99
7b544eb4f541d7afccf329772c6afc57,SR 99
8cb9756c2089c89dfaabff1a759a6481,SR 99
923e6987f729c3b0685916a3349dffce,SR 99
985bd7c40add0beb13e07b87af6f253a,SR 99
a95c114bc5895c5ee6f5218cb75c2a59,SR 99
df98cc997edd33def0b40bff74e8ff75,SR 99
31e59213336b6e995aef764f2f4fe108,SR 99
83b16d1d5fdb3068ed3d095562a570ca,SR 99
9fd91b0f3245c22cf1b33a504af82c54,SR 99
a00c9bf9c99171caa897d722730ddc1c,SR 99
a4e6c44b24c2c89a600ced336715d2f5,SR 99
e698309ada4aa6d5781223f3c3515a69,SR 99
e9cf44ba37e4ddc87b2416a46b6461fd,SR 99
ee6aebf2e48ade5f67e799ffa75d3ce9,SR 99
fe4348a75a2bc2df29fcc5a99aff3eab,SR 99
1de4e5fa90e7ac45df20853e0f7342a7,SR 99
2bbcdd79df913824eecd12d4e253d835,SR 99
6b4b6b30437c05443794092014c40d06,SR 99
a4d1c2f5d74584858d67ab8c23a356a8,SR 99
e8f6741436d0a374537d039abf41cc17,SR 99
2fbb4ca85fff09c700454c1b85d5e580,SR 99
3a560831ba1897b70ecdf775fc78a85c,SR 99
6dce9bbfb1cdd8a4f7e9f7f456b642c6,SR 99
9b797af2803d87eb0b077236f9767101,SR 99
c9fbeae73497ab542fdd88354cb6554f,SR 99
f758a337dc6e72ac157aa50ac05cc109,SR 99
fdf137306a15d024eb5736b4ec66bde2,SR 99
34d5185316baec8f6935b8ad983ad474,SR 99
49f002c5c8d6949b735e95a0e33148c1,SR 99
51b89b242d16add3e3c9b27e90cb90c8,SR 99
559a83218f95245068d9751216dc22ca,SR 99
974865e35a19b1e66ec0a051ccbd034b,SR 99
b6cf006c6144441181463588044c8481,SR 99
ccb60227552c8144fb2798191b318401,SR 99
d4a4a913cbef31942863f36c21f1a9e8,SR 99
11139d06ab043f7dda9f39d300c27caa,SR 99
489b0df2479296581225ac6468593919,SR 99
69568e30253fe07a572388161696fc7c,SR 99
7e8128d82ac4e0a9b449c015fe94f958,SR 99
8e3f4bdae0736db2267b049413457052,SR 99
a075f70b1ea742f6e47d4b4775f0c1e6,SR 99
a7fbe30301b67486dc97fb0ae89113cb,SR 99
d15ede68e9df2888236d2a91bf7592c0,SR 99
d4a2564aca37070043a4811bd62a62b5,SR 99
199da5dc3c84208507d54cca1d626aef,SR 99
2056eae475ee12fc38a2cd56442be677,SR 99
3e86934d0f1a7bad7a6f9df38a52b1ac,SR 99
a2e8e7e9beea2bd5f7ca39089ccae7e2,SR 99
b213560487b7730f07e1556aef53eed7,SR 99
f7f376a9434b0310cac9929c5b51232e,SR 99
fb426395b0c8b3f236e4cbe7a52b0c24,SR 99
04cca5efca6363775cd85f296d15205b,SR 99
2356268d92ddb5c0205ca49434fa2025,SR 99
54626e1a71b8cd66442ea69dfcd0f804,SR 99
90572719612c0a2cc0e7f0237ecc1393,SR 99
521e40b154b396f5e30add49647cf813,SR 99
54b2af2f49666da24c7525cc20f98528,SR 99
74826dc5cc599612a9e67922a020bd32,SR 99
d480ae28a7111a29b1cf9a5a3ca85a9d,SR 99
ec4065e4fe9092acf71521906c2bbedd,SR 99
ec97a164b78ef78bacf2b4e4f43d08a3,SR 99
03f4a6c516948d9bf36f67aa8bc7ea92,SR 99
4a44602be7a96121a03af17bc4c3a1c3,SR 99
4a6ca4751e6520b65f515f753e0d4b5e,SR 99
8e277d5f22908b9e6bddabf0535a9132,SR 99
958cecef03b760715f230059a47d276c,SR 99
b4ed970bfecad1eeed66a5fa2e50de4c,SR 99
b62ebff9f35eabb4a6fbd572f03fa2b4,SR 99
db10fb7b9890baf519f569dcc9af39cd,SR 99
e48735284d66d5342ce8a76f6d0981ea,SR 99
0b50d1248f38337378a58ec887367413,SR 99
5f36c649b181c7930ea6d47fd5638d7b,SR 99
71c224306b05174531065f536e01f0ef,SR 99
99be859d393bed638722835c4f430732,SR 99
a004e790b4aca18ce9ae3b46146ea2f1,SR 99
a4117a83bf77787d03e08796a2c4be3e,SR 99
a486c239bb67be1c190e5853832ccfcf,SR 99
d0900ec8dfa6fb31b227cb85d017ee6d,SR 99
deb74c19bffab3dfe07775f41ebf99cc,SR 99
e2949abb06a1631a94cd417665c008ac,SR 99
06b9448bf596a4737c36c8409d0b180f,SR 99
0d6bb08783611650e5a51713a5e900c6,SR 99
3609f6af66dc7df0366764c694893e63,SR 99
46ee9bf415bd35bb3df9d8ce10766ab1,SR 99
8903044288a99eaa27828d4979712959,SR 99
8ce7b010025189549afdfecfd37ee098,SR 99
98510e1f7764c6d6ead6239e84b69eeb,SR 99
c23b816551cfc3bf19adaa99edb6e69d,SR 99
e9438a58f092a2bbcff1dbe052480f2c,SR 99
23d7e8c667e474291ebf5b13c27b66ae,SR 99
3510b5308862b0c3b3a0d92a07982f58,SR 99
62c042cf823b21379ad6d3f5a4ee964e,SR 99
75cd008a411a8360b9f5f3fee58cbdd3,SR 99
b84eabbfa14003bb04f5ddaab0c5823b,SR 99
dbb5bdf8166cd0283a304eccb998b881,SR 99
1073efc872b133780de2505c789a151e,SR 99
11f7701260b24a5621f5ec8478a233ad,SR 99
26a73d0a4fe7f93b0a83ee6b9d168370,SR 99
473bd8a051de9a124d6694449c08f287,SR 99
8cdb6e1e4ac7a22a7f3c6e9955347c14,SR 99
b88828b5b71c0348ec4dc7f6a196d023,SR 99
c18a368bbc192997a9e214466822ac34,SR 99
d413219ae5f893379ebfc10c11a8420f,SR 99
03d08940e1cc4949c825b0fd50d1ece2,SR 99
0f12f7f55658ddc972aaa366baa0c585,SR 99
64dda4d7508f8314025f17f67137ae67,SR 99
744173b6e7ce40ba17cc5c4c8c413cc5,SR 99
7b08d59045bac479da35052d0f994fc1,SR 99
a989d8b4fbd94c81a41ae9fde66e5e8e,SR 99
b252d5260a97d3261976f5e210d91a46,SR 99
e7ab8cd2753d871d2e56795379ce70ee,SR 99
eda3c68af0b5bed746f0ea04485f9cff,SR 99
1fb5d0b6d03d44415ada3b2a337f4117,SR 99
219a3685d00aaaaad347ea8e312396e2,SR 99
269e822793b17140a102e98e50adedc0,SR 99
344c2881551bd2fe0509abd9af94b258,SR 99
37cd2862449b0018a753c7e1ea989391,SR 99
606063f4248309a37ab6e69d4ec5622e,SR 99
68155f563b2e22665483392797502f1e,SR 99
88fa2ed81808138b227fdf68cb967335,SR 99
93ca45a492c46ced19493cf2abaa217e,SR 99
96eca33dca4048d47a5069e66355a9e4,SR 99
a26a1b21b65744ab45bbb2816d6c6220,SR 99
a97a1a85d6bbded1f402cd3e545e17ab,SR 99
b424bd0a30d784f44c0441c46fc6faa1,SR 99
c24c0d354accb6a2ef90d14e95d03203,SR 99
f1fad79777dd1c94305d45d08bc21530,SR 99
84e238a0cc43b5cd55527679e62fedbe,SR 99
a2b2ec59ca1de1b6b20c1dd1a3b8900b,SR 99
b8cff1be83b22044c51cdc0c50faac7a,SR 99
ca4d0333fa12096390061f2a71450623,SR 99
d90804e97ce5b601de22ec5c5c5f4e57,SR 99
db2ba29424e46d95954a2fd93036ca67,SR 99
e543a217760e04af3ef3bb90170a8cb7,SR 99
456b6ca7b620215c359bfb0cf81d8714,SR 99
6f90d0f7020be610db7523e0f3e592e4,SR 99
70f20dfb60eb00e083037b14494c7299,SR 99
a088ee4326b0b384e52bc38109194220,SR 99
32f5e5a71372e6be3a70498140759cbd,SR 99
3d3353692bc22ce470d207531cdc2795,SR 99
3e6caa63214a4d5b82a141f9d9ae6870,SR 99
904a7a130b33bd0b8882c810cb456062,SR 99
9db9224f0d65ea956c29caf2b1e404eb,SR 99
f3d2c918cefcb2fa47b4bde37b665411,SR 99
0c51e1ebbc251ebef0d320252ca7ef88,SR 99
0c9bfc77e1063cdc103944082b52d16e,SR 99
38d987d294f4e9e05ed0069b6a00b96c,SR 99
7e0de7056fb2e8675555d5c13a3f5f58,SR 99
82a22e813e56848790cf70d9fae8b79c,SR 99
98c3c992c3babe081486865d3bfc8ce0,SR 99
a774816dc83bcfa328f498ffb34b22bb,SR 99
e0f4c8f4f411a7aacd01e4fce054d809,SR 99
1d6e421acb9a5315819426548ad74b34,SR 99
2631ee7708113defceff4b39750efc12,SR 99
70dab5481ac2d3e67685995239993d82,SR 99
7a2e224ade6cf219eb7bc53664d62525,SR 99
a212fa92619ffe4d382cc4647e4b70d8,SR 99
c8fb885bd276c408dbebd6c187cd9611,SR 99
1cffcaab812080b22f2dc46840113b80,SR 99
1d5eff77f30c98817a89fb48514ca296,SR 99
289ff6ff418dd6ce85579bfd679a8ab8,SR 99
2fadd6aaaf9a7dcbd2a94a8588b86823,SR 99
385e35a7c937ffa12eb467886d15c7b9,SR 99
5f70af63bf8da8b15623378382ade631,SR 99
68bcdeacf9f3f22f7a98e6557eb7d781,SR 99
81dd679b26c7c3a10a23cad372563bdd,SR 99
b96e988c1e9afb6d5b0f4ff289b53bf8,SR 99
c7b6c2cfc97802b5e9ed5009ddaf73e7,SR 99
ca9f3a07a0702e1413f03ed0acbdb768,SR 99
d2b44bf2bac2fe0a154f43cf39190c85,SR 99
d8915da865fd2c2b5e16eea3047ee30c,SR 99
ea76e50ac4793845e0944529937796ef,SR 99
5279c69727b59f07df9c57b1ee3347cb,SR 99
54b0b843c0db00c14b9e328d80a1f118,SR 99
6c6fab20bc61b13ea2e81e29c0039625,SR 99
86edf50a6bd49412b1ed8dd7024f38e8,SR 99
e88474f9d0778dfb7fb4a5bb6a946c31,SR 99
f64d5e194e00188b351c4dc3d3c272e1,SR 99
36cfed32c11a5f80aa5ccc0bca5be549,SR 99
52aefda9a6324984091cf93e30ceb90a,SR 99
5f2e96684f275cfe7c6839f32a2179a9,SR 99
8bdb7d11f67cb225f7cdbed64ce18e13,SR 99
b00d0b149b1696b8474f8e95ad17642d,SR 99
bbbc97745f5bfd5c32dcef03b31aa5bc,SR 99
071edacaa27bee43079feaaa43fd224e,SR 99
08115e1c425b3785e88d39d8e52f2075,SR 99
0950233b219f1cd20c6f7b633cac40b4,SR 99
4b0b3ae713aaa7273529ec36ecae5119,SR 99
59391865b8f067edfa0248463b6396cc,SR 99
608e12976b1e83ff71ee89e31d15203e,SR 99
64ea2b19635d7b3b08cbefaee843248c,SR 99
6d53b0d6cc3244f04770737c821b2a2c,SR 99
9009e52edb747cd6f075e20bb0544caa,SR 99
93ff044993c5f071db3fa85551301b4e,SR 99
c76cb4eb8d132f4c76f01b097305568c,SR 99
cc25ed7dbefb50820dcabc7600c2bed7,SR 99
0bfe4cf8f81e05778910a43b37d76fc5,SR 99
0fe7d507c30259af3dcbf120acf24795,SR 99
206afec78eec605f350279b6a1b08dd1,SR 99
29dfef79fbfa9cc922639323e66763b6,SR 99
33116fc3edbde41248f7fb845d64df81,SR 99
487807a842faed5d97caee971258ec56,SR 99
55ad4eb68f536f332295909a2579f686,SR 99
6275404cd61fedf9d763153438e29378,SR 99
8eded3c611d2afd199675f8f2f8bb139,SR 99
fc4c0ee035537616f66fea6dc957bd77,SR 99
2c108d8f17ca4311ba0ebae8f5a95b48,SR 99
b76b07dc3cbf33b9aadf7acbf646e2ba,SR 99
b79cdf972430eacf24d609630bf222d2,SR 99
060a2694ef16636d4fd646a81c469329,SR 99
1af838c8d4ffc36ad0eef0be85371f7e,SR 99
45643cfccc71e2ef6da38ed4bfd13622,SR 99
565947e5a8664b5fbd4229351aa621b4,SR 99
62b3d7de652e5a1ec0fa49bbaa9a3d53,SR 99
7daa71785251a9d21d0ba3d43e133de5,SR 99
860d0155a4b3df8857435453a77c4734,SR 99
945b3f42ace2dda92d0a044ebe6d852f,SR 99
991cd95622f6f10f0fd6e742a3a3f18c,SR 99
ade35517df1d6c3d74fdf2ecbd9027de,SR 99
cd62b3b07f39580f0f5528c9f4a9a4fb,SR 99
ef3fbb44fb80cc899591a830d0408c37,SR 99
fe6d326c277b380caf6bbc5b7bbdf00d,SR 99
2afb9db522829369b1e3fc2a23396ed6,SR 99
528a5e86975311286549191c55f21ac9,SR 99
6b67a98f11a104cd6437d5bfffa13542,SR 99
a42aace99cd2987f2cbdccc65a8071d4,SR 99
affe9fb14116dd591ca9e94744e144d8,SR 99
f5ef055494f2053964de8770d99ffa93,SR 99
08c230280db46aec11ff3147d9d14455,SR 99
23f49a3fb9cb115892311da4fe5b7386,SR 99
306413d9db130393a126a30ac6889d31,SR 99
3609b511b4ba14a7375bfb130e28d59f,SR 99
42197cea71eb6c2204d150d03d3c1b59,SR 99
614abf0fdaff013863ba9761726ebd68,SR 99
69aad632e19bc091426678caf66e2a4a,SR 99
a74151adb56ec4c5debb24cbd8a1a5e0,SR 99
d47effa0122ea289ebecd46e3df1fbba,SR 99
dd6c55fc4b86db7956cc2a02a307791b,SR 99
19232425bf50bcf7677c056abd2b44c9,SR 99
68bde31321276d5a0c1e8396c099125f,SR 99
7862c3f7882541feb9cb11cfb50c3754,SR 99
d607842ab20f504416fae90254183f14,SR 99
ed40dff594610c56b66ca75f0e363e2e,SR 99
ee195f575a90859f6ecc787b9c503488,SR 99
f19496cea09cdb227cf347e69880f700,SR 99
f8fe5cc4bd711cb2a77ba26f6b62c4d8,SR 99
1fc62cc1d306956c93ebe9c9103e12fb,SR 99
d4a6a1ce8366cdb9a8c399650e3bdb1e,SR 99
e52e6857d6c6b65c84b1bfb1d58ab720,SR 99
0cc0b79f5518a624a487e894bba37127,SR 99
11f4221406b97f4deee9be5bba5012b7,SR 99
2940fc7e3970d7aa821e2d314ec73103,SR 99
509c06bee7f79f5c74b35211af14418f,SR 99
5aa263d3793e1c9ab43336607ae23d4a,SR 99
627cb5e7123559f8ec1fd565e97f96c4,SR 99
b0a75df2bf605dbaac14d6625ca55821,SR 99
dd03f74c78fd9d3db0b9fbfcfc5e23d5,SR 99
1aa14a9479159ff96d7e6c4ab2ff9130,SR 99
2c97ebe9ff34ec2cb7f4cd32cc6e031e,SR 99
42f3eb6621cdb0cc01cbc8133d2cb0fe,SR 99
4808a75cd1ece33d6784923607a4c4b6,SR 99
542c56f10e4a5b9d1eaa1268393516ee,SR 99
7e6900a9c5bdce4f394ab0719dcd6d8a,SR 99
a3c4bb3b7994fbeccc1c454fe6cb28fc,SR 99
c501785950f12211f2df88fd19975d34,SR 99
150a3c8fd03a6e8bfa9573d819be95c3,SR 99
336338ea39a219de65d5470db7221252,SR 99
3ac1de2c0304a306dc6a67f1f8bdd0bf,SR 99
83b56e5736d08d1ef34c43979db56152,SR 99
a484af4cc521de40b5e9ff5ce98e2568,SR 99
d29cdd89cc8f1b2b27a77eee0d073eaa,SR 99
d5fecd5db74af8dc7722a66d9b33f548,SR 99
fbaae86f774def126c35a6b8eb0efd01,SR 99
fea83bf99099f0a35a33d55dc15c5c34,SR 99
ff26eb5b2261e81fe37d756d0f3bfcb0,SR 99
096ac8481982131cb9f343f289854481,SR 99
2a4462b361588606ff503f99100478bb,SR 99
4a925ef20fdd551b81d632c0e4a90e4e,SR 99
601c06eb9f9dc3e720dfa0844eec196d,SR 99
859720d7e02710d4d517779f72a27ebe,SR 99
8e0ca4e89e1d71f0f066879de2a56174,SR 99
918669a5f80408c668dc49cb68dec407,SR 99
a564357728487fab7ff0d02c709229dd,SR 99
ced8185bbf58948b0d42a1fe970736e2,SR 99
d71cf992a92631bf363dc0eef189acd7,SR 99
e0167d1b9cda7d3f72344999947647d6,SR 99
0828d3a96686b5ab160b4e1eb17be186,SR 99
2527d6a90f5d26489e6bd18fea963f6a,SR 99
2ec612e8fb211f532dfb21a19d2b0296,SR 99
33aa5de5f33605fc1019033170bca4c5,SR 99
3b71c2f38583c5bd42a513577cdf4153,SR 99
3c75fdfa83b13f81cd4d7ca22436ab47,SR 99
584778de48e5f56212a89b36e377f7aa,SR 99
6ada574deea77758ee32c715be459734,SR 99
70cd0469da708decfc50cdb2cf8392ef,SR 99
919f7de939b1f81d84e18fb73fbd291c,SR 99
aacfd480974c55bde7f181944223ed57,SR 99
b51a3aa185bc2de80a17b0bdd8828e84,SR 99
bfb3e01f8623c97e8c922d669f4dd896,SR 99
d8d91a4bdc4d57a653313553b0c4580c,SR 99
0363c579f3b9033b548126b086c21be4,SR 99
204d5477630358e89ea919a325144e4e,SR 99
404e0bc6a8cf092564c9a5aae5b7a7a5,SR 99
4128e2eec3d73a13ef0b72a3e6cc684e,SR 99
64b6c51f44cd12f8b1b576415e7ca254,SR 99
af09ea75cc860eed3c8c9c4e103427ac,SR 99
b863dd47cfd264639ad8f0759a6ca150,SR 99
bc842b10e1906e4dcb22fb26d0889493,SR 99
c1839fed58438eb57669b961a31375a1,SR 99
dfc982c02dbf873cb9dffbce4b6f6f5f,SR 99
f03d71698e08e72711430199c64cd246,SR 99
2d542b6fd4b27f98ac107f31d8131c7f,SR 99
2fef2ff714d3e44d0b17226b83dc15a9,SR 99
645aa9961b43d66bf296896648b20d9d,SR 99
6ac30e4c0ed93bb566641c3a466937c6,SR 99
6fbfce4a3810f48ad563fb3db5e0e17d,SR 99
805d07482fe083e13f0af7ad75632f36,SR 99
a1d6c563311fd521355298b90939a1ee,SR 99
d48362f00925b8122b2f4cb6014e145d,SR 99
e2926dcfb9a496fd1fe55d374a19054f,SR 99
f144bebb3a51f816bb68eb1568d844ef,SR 99
f8422a81677985ee6937119fd9162321,SR 99
224db8de810762949581bfb3baaa83f1,SR 99
8df7dbe97c5bcaa574e89c987220e5b8,SR 99
e388eccb72a4f0f0c65297f950449222,SR 99
f11fda8a8f8e48749f046b67dbf54d0f,SR 99
f5311a01ed14f9a461bd9f070849b748,SR 99
ff00bc486ccab208b6368d35d84d7125,SR 99
0f347ef6d60b250fb62740a13f3f51df,SR 99
b3c9f1f6f868700a18c39e33ef79ea1f,SR 99
daf4f2bd53a9d72fce6a8c7334968803,SR 99
e8f97b5f05de8dbbfda78aba7bf703bc,SR 99
f8165adf37274c6b4017f81297fb31b3,SR 99
1d4153c26b3405863c5f80749dc00481,SR 99
31b530356a4b9ba28d865a5a70e1a340,SR 99
4cce472f5f7e0413098879641838719d,SR 99
58209da49ee2b98aebcdd6653693e2f6,SR 99
82f8e193d87cdf1a69af0dc71d3f4a66,SR 99
b4a6d0d5fe9da7c43f1854db5f1a48c9,SR 99
d7fd52bb3ff20d6ba47d7fc7e8ca3ef7,SR 99
e1eae0626893d78f492d2ad3d6b79360,SR 99
f0a51ae1770753adc7478b6a887b4cee,SR 99
f212cd2810084e27075758200894799f,SR 99
f56309ce545551582df58773b93f3e16,SR 99
05f2d2f9c22e0b34fbe965bd19166a44,SR 99
07d3cfc282af2db97543355de88a8769,SR 99
11b6f5aa3a53d72d92b9f18e862085e6,SR 99
259025b701471f28837e86ded67d2871,SR 99
70ee5a4d1b67aed4b98eee4ca0f9638d,SR 99
7b62f729750878cf3b6b35392d4cfec9,SR 99
85efa92a9643cc16da3b2788f6f02e3a,SR 99
906a138e6f52e482a7b113265557537a,SR 99
a1206ee43d6f7aa4d31feae3945cea72,SR 99
aa3fb644a4dae0b4975055cb3cf147aa,SR 99
aebc54a0b9ada9adca51f9b553e82508,SR 99
d85c71b705e916a78dd518b036733931,SR 99
efa15ff7a41d24f40ec851fd3aa17b9d,SR 99
f5b82fc5502f6e38a0795f22df98db7c,SR 99
faaea1a0266e45da34941f567eff66b8,SR 99
fd1bc49183389f04a02cd772dae06636,SR 99
004cfcfff38b2de072f9fbec9e92a619,SR 99
0ff243df453d1467c654b1b45cc1bc24,SR 99
327b6a934ad650eb16d9f99b14f8128f,SR 99
3e75dee3b4af1b6df70e1f3b0c7a856f,SR 99
52a6d68ecf8f27d374fab886703b7ddc,SR 99
aa9eb72214a0d967f2619334be583789,SR 99
b9d9802ab91d2c005983d32433d5c4cc,SR 99
ce4dbdb288b57b44b9d85453a161d14e,SR 99
eca38e8351e4ec8346e4d3f82e2ce2d6,SR 99
f55f1172bef52bed39096eb86abedfe5,SR 99
0569327fc09a63f4e50a71d2ca0abad8,SR 99
2d8bb3e4ae713346ae38407274d0a818,SR 99
3a1757fb1974ba9c3218607b8f8d64ef,SR 99
5a971d7e8420ee1b403c265652a0cc08,SR 99
849df2b88cb1619b276cfe9225cfcf86,SR 99
a2ccaf22318925e1c6c705ba4218e7bd,SR 99
b03bcc6221483bd04183049c2233fd15,SR 99
ca9d3de6d2d7e653d5b4eb173f779d72,SR 99
ec2c299533201b73dfd994400e12bfba,SR 99
f6037a04cd9bb1d7a32ace8f2b781ca6,SR 99
1e84cc82c9a9137c9f8ef4fecb74b517,SR 99
39db1c2f5c53ac3c7852050d56cd4898,SR 99
683375af64265e40e58535982cf58085,SR 99
84cdc336ca1b0482c5ada2641743c280,SR 99
97bd58b02a700f2c00d82c377c44b147,SR 99
9ef3b578a4038bf9d478f4945967e2cd,SR 99
cfc56eb5a822d5ec62713c51090db7fe,SR 99
e9f01c7f26972bcae2c33dd070529f22,SR 99
f6c4ff836d42f854c15426c57159ff12,SR 99
1b3dd35f956b65ef6f7d2315b0541179,SR 99
25b838064ecbf7d10dc113a4d188a949,SR 99
75158790b0f72626f651e3dc05472151,SR 99
876bb1babd1fd1e8edc67d8e73a615d4,SR 99
8807558b3e0d4e6d9e6a6f6407afc247,SR 99
88e5b096a4fd3c33d817f972e5ce8621,SR 99
89614922672a795abae20f31268a508a,SR 99
91524a3092fa71f72eba3536eb4a954d,SR 99
a792796578a85081a33480a635fecf03,SR 99
c46dba32e4537441462c7b53d449c280,SR 99
5f58c45d0e7d8329d76a0f5329aa5d35,SR 99
a9791ebbf4736f0875564611d0fd174e,SR 99
456973e31fffae246a2ab295559803c6,SR 99
4bf852d5a0765c73521dd186323a4243,SR 99
50c98747148992a71ced3c1dc62e4def,SR 99
a13276b48dd2419088586e925c18194d,SR 99
a637f1396194dbb3f9879a680a878e17,SR 99
bbf13a7cf083cb5759f504f76264f4a5,SR 99
d61c8f7b190e3c21f9e9529c749d6081,SR 99
dac49ffcbf6cee9cb1699cafaabb492e,SR 99
1331a5720d76ce4c5dda4ec9134d6fc8,SR 99
138d000fe57a3276bd25b119425af4ed,SR 99
2c14b956654d1b541373ee49b209896a,SR 99
34960633c513ad31746a99ed50a9e500,SR 99
aa76e7b5bb0503edaadc8efc140c5800,SR 99
c79ac1334494a1e6a58a8e442d03aec1,SR 99
e371729ac41510cfb92160c8e428745a,SR 99
24a6823c3db805563dd4e9752cdcd48c,SR 99
4938116116390371044f371871000f4e,SR 99
64e86ec3af8626f721f25ea551bf4d4e,SR 99
b0a84fa98e367f97d75a7d58583c541c,SR 99
d16cee550788f5ad6dfb983d5b81d006,SR 99
ef38c698c66fc0faa0822369ed683b92,SR 99
f8a3765be126949a4c2830edfeaeb0d1,SR 99
12814f3104b4eda40023f0851abc47c3,SR 99
572469f536f1c334eb3fcfe257544a9b,SR 99
cb356a16f9028f1ac6bda5d63e3bcdc0,SR 99
e5fe413310e907ee6ffa2de594725096,SR 99
ed1a2f9ff76a54d372fd16b3945708e9,SR 99
10b9c332807550f7e62f8bb1b6a59125,SR 99
398f193717f83a46b664be67bc4761d1,SR 99
5326b1e85dd1ec1672088be0f49dcaf5,SR 99
a53f82985e18f037a8ad77386f34022f,SR 99
d26e6e684d6e560ec78ac109563e8171,SR 99
d2c96d2deb040b3ff960b5c6ac83500a,SR 99
f2b5a7365619cac06c120a04b04df21d,SR 99
0fb6864896fe28dc297427d791677d8d,SR 99
16a6d7268489706ff5f81292b3276e6d,SR 99
370e27da015b4ce074ea5aff3941ab4e,SR 99
374163a2a847e0f4954dad937dfa0d61,SR 99
425ae62ac379c6abbaf3140cd2f7eb47,SR 99
6006cf3088993eb2b1c6f6703303cb08,SR 99
a8de42f4d700777ad57d72fa2ad27636,SR 99
24b564128484a955e7dfa99beeb15e41,SR 99
834f2730faad3bf17389b216d3769979,SR 99
88929dacbc96c7634f5cb5661110b5e5,SR 99
b66056bd82220879eefa8824c97cf82f,SR 99
fb0c03e95cda5098f7c1b374f5106f81,SR 99
266c6ac66c88ff60d31019281b17e964,SR 99
3b7665aa9be64e43a5710dddabfc1f10,SR 99
3cd7282d3f78bba59fc3e6edc8e90605,SR 99
3e6540db017ef08722b1b7bdbb60c8a6,SR 99
72e9dc028708efeb9f8b03ccfcf63c35,SR 99
77dc68a3c6885c7b5f4484289565f712,SR 99
7df034f14bd4a6f4a3afb0a234e9e0e9,SR 99
ab8140f4ad14b4f54dd12a1f3d18cbfc,SR 99
b33b3d98119b8d388de57b09a0cc1c30,SR 99
1d1d34876ff568b6f0df80dcd70a581c,SR 99
229c6c04745e04c1c3f8de483a198180,SR 99
11257f9c832029030e56d9a33795e88c,SR 99
16dda497278d97471ac2bf1a326404a1,SR 99
25995342acb5a2a9fa317ef9e8353108,SR 99
2ad7270a7157d217497dbd1b7d1dafcc,SR 99
8447031e7e1081a0bd065b0aa79c5ff9,SR 99
b2b0c4aed2bf15c070a98b81aeec1213,SR 99
c6dc04a217d684caba9adb3a71a3d29b,SR 99
caee02f67820332b8618a73469bd10a0,SR 99
ddddfd71c0620877abf9342d80cba930,SR 99
e5257c294495d51f1abaec8ed9cd5585,SR 99
e5773cdb29274cede9c6550ea81f89c6,SR 99
f83fcfe1cb51ed15af7ce59d1f420015,SR 99
1c5cbe9baab822507b1d41be096eadc0,SR 99
3086a855c294d3dd1b366183e02fc4c2,SR 99
30ed789cc0e395953220b14dc420da27,SR 99
85ee35eb4394bb2a978fa4763334f6fe,SR 99
c05b5429473567a4c937a92efa0e2f3e,SR 99
d0cc656ad37e2c9b107fc88cb1bab7b2,SR 99
fad6ae6e27f23faa8c8c0f58047dd650,SR 99
0fde9b780ab7092d78b32db04fa336dc,SR 99
132ed47996551591076bcfb3be77267f,SR 99
150039d3b14896140f6c71f33267f237,SR 99
1df95d599f1f2532b2efd0825edffb5e,SR 99
2423d8098ac9d8f61995b68a2703f094,SR 99
44026cf0d02ff778a5ff3f807704346f,SR 99
4619dfef2dd4011e15a883299662ebe4,SR 99
555a5e5e87ffd6ccb59f8271b2618f66,SR 99
6d28728745501157aa8fae23815cbaa3,SR 99
75eeb2eda2c41857550086228707e575,SR 99
8fb9f3e7081baf7839aeaac76d9371c9,SR 99
932e4674fe26ff5bfd3f678ab94446dc,SR 99
19a43e037612044d45705a6e26484c71,SR 99
3afb6483f6521a50d4a2e9965a4d3c90,SR 99
4adce05effc37073c6376514c35bccd5,SR 99
632ccd58735b437f48ee7f652ce3aa4b,SR 99
fe73a2657335ab5053f523d95f404a6d,SR 99
21b01696b27cbbfd027421961247c143,SR 99
4bbc4bba4b45745f4b24579719cbd926,SR 99
8e40afe2bc1b0726a4c76f326b93dc20,SR 99
964e28e84191b53c4d1e40781be629f7,SR 99
d686ff8989bb79f95d9551de19cf1c65,SR 99
d8b7e8fe2252063b8fa7ac202f84bc70,SR 99
f657094841100e8a443f924100a63720,SR 99
f8cb8db3528636c7acb317f09cc7244b,SR 99
01d15dbe54029505ec148cbdfc5a55eb,SR 99
130f998197bc07245599f7db899e83d8,SR 99
13c7c334ff33a276352ae4778dd350a0,SR 99
7610e05ed75bf6a26dc60a51d5ceec69,SR 99
83251d3d5b30fe7e435e635871847e64,SR 99
8ee4eac64f43144c33e1abe85c4b5046,SR 99
94814f7778fa84f9dcf3eb42030450ff,SR 99
9638795f2a7fa10f882b2637bbc705f3,SR 99
cf8333333906a508cd4c4e2ff9ec01ab,SR 99
d22d2fd61f752432aa09c7d5bc81729b,SR 99
d617c3bad4fc28845f10ebc0bf3b727f,SR 99
e1b68c6934a9f69dd89f26f6ff7ee30d,SR 99
f3b2649023c3ee0c9d23c5dfb6bf9d1c,SR 99
011c07f3b835ed6240c8fca3743f85df,SR 99
12fd892f7d818e42592de453c93e8aac,SR 99
b09504794a99f8e059be72f1a1fb81cb,SR 99
c76e355c463f5c10d07e9beb0b4b2be4,SR 99
e61c7825b9f32358f77cc9146a580cea,SR 99
ebedac614c44577ea0d87772950b6818,SR 99
ed15884707eec5048a372290cb881149,SR 99
f0fa680a9ece65ba8a7b8a7bebfe1353,SR 99
f190a507c528dcb1c9a39c7aebd6454a,SR 99
21ca089558c761b2fca0830ce40b2432,SR 99
45fc3d5b433871515bd36e068f5a8476,SR 99
78822a705fd5636c28e6a170bbaff928,SR 99
9e40d4bf4616eb483b59e2251e881121,SR 99
aaaba88ac25c9fc62d9bb887a09e6eb7,SR 99
c10d526fdb181b11cd49d8066850c521,SR 99
c2564f7dfd862ebb81ec7cf7e83fc532,SR 99
d66fd5b78e0f4a98aee192fb5177da71,SR 99
f5eccd2961f73b1403396cb6c3b8e3f0,SR 99
03dae608e67a6634cb08ad34e96ea724,SR 99
05df3c88b315e9d46a388a2c4ff95ef0,SR 99
21e4f9f1d4d9ab5abc899423cdff566c,SR 99
43d91bfe6e9ccc660f88735b9262e87f,SR 99
4debbdb1b3fee4bca3d0b94b53e743dc,SR 99
53ef639edec7d6b6ba45737cf6748f60,SR 99
a7098bc02f7052313cb95d22c3c7def8,SR 99
1b7c37741c41f0183cc6401f0534c97d,SR 99
4a0374ceb30f9e25b5969e899cd664d8,SR 99
63056295627d81fd9caa86d79ea4fedf,SR 99
68f04eaa1c90a45737157401c835419e,SR 99
71b9407ea3d406b696c172e29fbec13f,SR 99
c52976ee1afca91fad88d12650b9b9e4,SR 99
1e232f0d13eb74adbb736e6b414c8610,SR 99
65d34487f3c5c17933a528cd9245a554,SR 99
e56212a9e1e8cdf5a6a730e096f98e70,SR 99
ef46a785698d8747ea75b148cab6a7fd,SR 99
48271208a10f0dee1c5314b4efe64c79,SR 99
6565c064629bcc51b910e7c29c6fab35,SR 99
a19f7272c14260a01dd0567fc69d128e,SR 99
ecead6b24c15f19156d8bbf153cd34a9,SR 99
f863a658fcc0973abebc85a80163c210,SR 99
03d344726ad69e1e229b97d40d647a1a,SR 99
0cbb71597c8fc6318c7f39a7f5d1b618,SR 99
19894c33894b7b93ea8c8f85d4fda750,SR 99
2c7e60ec747ca2a02414667417f332de,SR 99
5e9fd981666576fc5b20f31af48c7ee5,SR 99
5ed47a9e5482ea95c0539097f323f2d0,SR 99
799cbbc9c93971d3e1f96755c0907878,SR 99
aafbc5adaf4eb7b60298c136a01a61d9,SR 99
f15ef1e1d87efa782b6a7a62106da900,SR 99
fdabd3fabcb72d0b6091c0476e45a982,SR 99
14f6fbfbf56a627869e92d210ceb8827,SR 99
1ef16dc9de7b55e35a4877c2beb687b1,SR 99
334721cf01c433b7eddb532af0cb9cd0,SR 99
3bdc483c82b8fe2d5b5ecfac8d97cf7a,SR 99
40c4144df530eac895cdaae507f366c2,SR 99
8bc731063d709aba7cd2157397332247,SR 99
a82441b7b1802894d0e2502a69e4fffb,SR 99
b1fbab8743fa0f32e6bb453944dfceb6,SR 99
17ad2b1e47ec16d1532262fd393a6504,SR 99
2623fc8a250f874df02353e76f11cb91,SR 99
62c2ef49ea9784bf5cd16cd8b6d7f4f1,SR 99
65030d27d2afd195b39a78dbdff8aec7,SR 99
68dc78375c3716ecf7d4a984964139bf,SR 99
80538bfa1ece0c0a6906bbcaa9e62f89,SR 99
82bd0af0b5c07334fa672570778c09b9,SR 99
8b4d0914610cc703086d2878d1db1dd2,SR 99
9a848ecd61738acb5e8a96def53d9cbb,SR 99
cacd51fb0b09f05a8dcbadf780f951bc,SR 99
ef9d7e099c7cdf08cbb9b6d8926bfab1,SR 99
0a9812ffa4db7ddfc2ca73e89eb75ece,SR 99
64859a4823f8afcd97d432db5404e2b1,SR 99
ecafb0342d63e365427617390ed78c3a,SR 99
0a2ca399964fd7d1c7357c43ccb70ca5,SR 99
1d6cc24025d807bfdf814a62e93bb88a,SR 99
8076d1a744e35491192a427a6a8548c6,SR 99
8134398eeb41ab30e9b36c767c01097d,SR 99
8799215b43b13271cdd9f8513a122ab2,SR 99
be9cc26788a1ecdd4b3e853bb6b4e7c2,SR 99
e0bfb5f02034b0180714490830a02ce8,SR 99
fb98e6b5ced9967fb1b62da34c97645f,SR 99
141ba1816566a8f5361bfad5a006d128,SR 99
493755eb5476f65c2088e3a96eec60b7,SR 99
4a8c67b4734a2c67adcd7401b31362f9,SR 99
54a65cc478d8e2292136feff995f38cf,SR 99
89eed2a03bee77eefd309d1d5cd0f1ef,SR 99
4e448c5919620192d6e3b111c835d23e,SR 99
7c50447357e6d37db51fea2674db0ad6,SR 99
890765fedea20442cc6886563b4638c2,SR 99
9a1e8d0170879ef01f1948079e17a616,SR 99
adf6f33c35220d78836d11f5c72f8eef,SR 99
b697d9cf19164de4f8d7bdd29255dffb,SR 99
bdcc18514a255a8a4f73890870b73db0,SR 99
e15c92ff2eb959ca73f3f99b27248bdc,SR 99
fae4b40f32e548e246543d230196dc12,SR 99
0cd584996dfb7c5a5c261c502b949f81,SR 99
11a4d22663dd479b4ed9cdeae2afd3e9,SR 99
60d34c78fa60b67f1ccda56690c2d8e5,SR 99
71056d036346035f2b612e281361caf8,SR 99
f8f7a1ad74217df8d2b2846d4e18fd8e,SR 99
f99fdf290dea61b0f567bf20de5ecaa8,SR 99
fa9574d6791eba6a314f7aebed3fe307,SR 99
0fd52d4b00bcd2464b32dcc2c65204f9,SR 99
33934500707105e3b63a6843a484da97,SR 99
4db7bdb3e4ec8a4148837da05a461587,SR 99
54a3319f33cd7c3362ccbe84e0426c6b,SR 99
64bddcf42a5e5445628a8038ccf1e984,SR 99
82ad562284a5a2bd62ffeaf53b7fd5ee,SR 99
9d2188bf4a8db25b0a14e2b934a8b1d6,SR 99
cab4c4ecc0f22c68a124b56d077be193,SR 99
e5da255f2ae18d5b27af0d53d8d7e078,SR 99
08476ac578453b5cffe4ff6116b2d1f5,SR 99
2ce1aa90fcd9ffff9d0ce79b195e3300,SR 99
2e9b20e7033267fde3b49d8e61d8a0ce,SR 99
33747d130f0d090428fb93b9b16a115c,SR 99
381ac46d553a5e37a1f313ec4e62df43,SR 99
611f7e2e3f4290a2c0c49d9b3d48f61c,SR 99
be44ebc7b2654e6bacec172271ea5c1b,SR 99
d411cfd12d92dacb202acb15385e3500,SR 99
035146d080673db62815505b34f65c7b,SR 99
0c5df67a8c9d08e9ec83405fb889560c,SR 99
13e39704da1d2a59f8b35cb4d01a2810,SR 99
7f14bb0c018b47de0e5a6079c08ee8d9,SR 99
8603283161e0c5b4b49b0159adf936d1,SR 99
8d7f19a533dfc471c169276d4c2c3bf6,SR 99
94441239e730c183599884efb85ee7fb,SR 99
966fdfee23356e37ec690a6a8ab1ba5c,SR 99
acb0b3c78ec289d1099b6b4f652f9622,SR 99
04eb7b3e046647104998cf7393bbd542,SR 99
1e76a7930d2377cdcc597494fb99025e,SR 99
259dc917b8d89cca806d44ceaeb53269,SR 99
282ded8982840678f44e86da05021243,SR 99
3c4fa64de5624bf2b5bcdc4c3f9d0fe5,SR 99
42a87a2f54022e9d120a22aee459d827,SR 99
45e3a5e9527bc3a5ba2f2bda1126dd22,SR 99
7ab767f71c72756ab8e021ee4956289f,SR 99
8b7acee981dffac142eb989da86fb7c5,SR 99
908bb3893ebfadee3fc0e62d54197184,SR 99
b6bf725d1f24b947a7623080bb6304b3,SR 99
b9d208b1d1ecff244da8ea8808a00972,SR 99
f23defad36416506bbad844aadd64d14,SR 99
0278319932ab5242ff8671c50557baa9,SR 99
16ae44f6d5e9d0bd25edbf40f7da248f,SR 99
40ff8cc7327cdfcbda5bee872539e121,SR 99
5392abdf4b5634587f300427ce03512a,SR 99
8fdd0ab20799cee46bd277e2641cafef,SR 99
95ef620ba8a30157b0c4c0d3b81813aa,SR 99
a4d95b038736f798f59b7b5c681720f3,SR 99
ba808be8c7117b6262207bf1cdfaa09f,SR 99
00dcac4b225c57264f4baec7c648ee48,SR 99
10ae94da62ccbd7908d1cf53b1f80cdc,SR 99
1aba85eb1ed756b1581ef0bab8a0aeee,SR 99
1ee8e11434661ccd688a140ea480797f,SR 99
6817e6227097ff93718f8c8fb2639087,SR 99
709835248baf0225e26e86ab88fbb9c6,SR 99
7629f19587e60f43eb06eb46e8b869bf,SR 99
7e7d42e37a42016c1eceaddc0f6f43b0,SR 99
8bbe62be400874cbc9e649db678c3b73,SR 99
ada3b980a1e4d89ec6ef045af22cbe57,SR 99
b7ce5f95bf934f4f47b51d7b23edeb73,SR 99
db1edd8015c4afbb25944a4de2dde15e,SR 99
e7df8751067b7d6f3ab37716b17c85e1,SR 99
eb652f52fec23a83aa7f7b13a8d0fbb6,SR 99
72f48b62f82248a387e33077eaba64ab,SR 99
80d4663e5c71eb6227d1ab9d360b1705,SR 99
971988e5c60c467ae7774b96398e7702,SR 99
c415ce26b93385b74d54545461a0b42a,SR 99
ed82fbe38a02c211a2f2f9254771edde,SR 99
ee813c3b8be30ce183b2b34c31ce6db0,SR 99
f227e0944a0ee2cb6b0893fd56c34aab,SR 99
f8f874b8b627b075151c81053961afaa,SR 99
310c38a5e57b39ff402036cc1a2e1e61,SR 99
5149f692ffde0fbf7cf6d4e9dd9c3755,SR 99
582c5602630315d9619630e7ccfc63ca,SR 99
8d1e039611c8c47aa4f79c0998ee134b,SR 99
902c1a8979c72b48f08a3f878683a8ae,SR 99
ba77b23606836a99405a9c336aeab5f2,SR 99
bf935e9ab7595722234651d3eea94645,SR 99
004b4b9df8329ee36f48f0a7015b5c52,SR 99
2a785d9913f822fba09841764f64f147,SR 99
3b143c1d47d9bc5a822715699fddf179,SR 99
57d00087e9bd7daab776c1d124b73dae,SR 99
62e127310e857aecfc3c37d6c7d5f4c3,SR 99
87118518b84d40092a24f1bf7bc1026c,SR 99
8a7d277fb414bb741b1f9f09dcb3109f,SR 99
8f36878f2d8eff8e76706d9af58a53b6,SR 99
93ccff5a39af202c40657348f96ed078,SR 99
93e7b6dc1dcfd0caf7c948875fdbf13c,SR 99
961515306e3a9f2ee22dfc9dd9bfca59,SR 99
9fa6a5e05373f36652cae61bbdc2e7f7,SR 99
ecb1880562b10f955053d61129caec4c,SR 99
0a3b5959610735f9b402d6b8144eefd3,SR 99
570d6fe5a92bd556c90de31342de688e,SR 99
5d7a54ff9051a6995720fdf86d8c4243,SR 99
640f1c3adf6ee08711c0fcafe52c34d6,SR 99
899f021f614e330d3a2ff5fba029f53f,SR 99
cf0510e07cb1b265283a45fd2aeb2991,SR 99
f242608719b2732c42ab47ef1bf30a42,SR 99
fd685d1dd426e739b5132b38cb2a4644,SR 99
111693523b9ed97ac27edec4a9196869,SR 99
744e8d646d539615e18e1766eddefc01,SR 99
7698c7dd1b72e4c7338deead7264b1fb,SR 99
94fb4511f52fcfd40547f360cbb5f2fe,SR 99
a026ee1c731170b2457cedc5eef5b929,SR 99
b21d01baeb50eaa6a370bcb91a69ea6b,SR 99
e1b04253c734021f593ac996baeaec84,SR 99
f6dfd5c2d121a1ac3e3d9684b0180aca,SR 99
0314873f04cec95be265066f4a1fee53,SR 99
04d8c7376a5d10649b0d1e26173f7187,SR 99
381ef6c208b81db38e9612aba127f285,SR 99
397531306375fd862b1961b33a28ee7b,SR 99
47df01780df296b07ddaf46fa8ae246b,SR 99
4b20f7f99a6c70b65c60cca0f9ce57b6,SR 99
6661626b6b5bbb6f3eeae0a2f8495c34,SR 99
6ed5734e047518747f37de0d87376494,SR 99
716acb1a2cd7785aa3bb93b997c25596,SR 99
8c81635c317f601b3703cda0afccc254,SR 99
a3e2ff3d4ee522f9558c282137df31cb,SR 99
b36bd6d04973a3639b2dba0f882fd2de,SR 99
d5a8cb018c8e3f9d48af824109f6c0a7,SR 99
7d807c8574eb69723d31649d5c17211c,SR 99
8b80810a78e47580d82fe3a318ca6eab,SR 99
ae8d56c51618abc746e89b27d2d1f60b,SR 99
fda5da8b0d594e7b679d024d0a109ee9,SR 99
16b8a37d343c5f051f11ae718c6eb344,SR 99
24df9b848f192b779f6b2bd079a97feb,SR 99
3d968ffe2a78b6a6cda08d1132d65c2c,SR 99
585aa4cd92d9c703ed9c7fe4cfbc7acd,SR 99
628329ed13fc5edf9bedb9fd301f5c7c,SR 99
8390cb346c1a21343e8ca1ae195b3d11,SR 99
a8ecbad59c33d36c0cbabbcd4b2fc907,SR 99
c0830f54702d508dea4b25783d871437,SR 99
d715c128d895e25a3fa20158d23359a0,SR 99
3e16f5928ea4171a29c2217d662cc07d,SR 99
6265636245d4e8fe24854aba2e9da697,SR 99
6d046d16b04e098de67b52a24d588dcf,SR 99
e1e55f69cd95d5f4aa74ab5c9dbdba87,SR 99
1be2721822ccc41bcd2658565ac5b2b9,SR 99
3d22e6353f12ee1ed8196785da1034e1,SR 99
47af2f119da3e61c24c2eb82de9632f6,SR 99
55a6a938c9c644f52e6fc629b99308e2,SR 99
e1114bb54c9f439f9937940e0de8106f,SR 99
e1bf8190d71033beb2fec51658b041fe,SR 99
f251e2311c21667cb8fbd0990598be2f,SR 99
f35e3cc60e2640b02e3b4065df171ce8,SR 99
fc10ffca75d64c41fac435be33ac36f1,SR 99
211162da9b47505f1877741992c7a0c1,SR 99
2f3f96b7b83e994e4ca4dc3e3f72e14a,SR 99
480e197383f2a6d84ab0cf6301fa6d83,SR 99
4fed9036fc850c888ec51f77c7f00ac9,SR 99
5764f4283bc0e0514a0c28836deba7fc,SR 99
7c0689596a9c6a059eb8028093fea891,SR 99
8f85a288440dbdad52890c56dfcf6179,SR 99
8ff1f1009a41c974c3589ef4017c12cf,SR 99
aa068ae9d442a07b5d46fcb3b5f822d1,SR 99
b16e5231b914208cfebd58f667565ffc,SR 99
0de155217c71d824c0baa36cf5a39c65,SR 99
25aeab63fc1b2f7e8edec7e9ff96af8e,SR 99
27375ef5f2a5b0f0dfbfbcf5a33507a3,SR 99
3a7db686bb6a28a6aff5e589e217515d,SR 99
4db2d7a0ccab7ccf6b1cb9c72cbd6795,SR 99
54afaf7c15be92544f2611a8d0722de0,SR 99
554885d17c7774c10186353a727499fb,SR 99
5725e4f0c6c7d047502700e29f8c172f,SR 99
5cae92f66622c5aa33c6beb483b59c95,SR 99
b7322a80a3509ee636cf774c307d8715,SR 99
b8b2da11d766ed6e4dace1bc00607e1a,SR 99
db4bd8785e178ed6c199c31716bf65a5,SR 99
e671e38d5868f3bc1d091f3dc0981d6b,SR 99
efbc671fc396ca4bf28364804e324969,SR 99
f7d07858b63218e2c1e1593d095f079d,SR 99
08e9129317f2434671cd69915d7f3544,SR 99
175ddc39d1ef5a84a2bd3d6b9a1cd64a,SR 99
231cab0ba36031c39614f1e372f795eb,SR 99
51f02dab5ce349270ec6288975355603,SR 99
a692dc8d6ae38f05b84cfb685e2c82f3,SR 99
acf57d329550533c0fa76b8f2b504cf0,SR 99
b5891d9532f89da924dfa5062851b921,SR 99
b5ae99e81e45cebc7d0b408c43fe2fdd,SR 99
bf58d050e638af471f197f355f648dc4,SR 99
f67f67537cc1a3a5cef257fb6635b9c9,SR 99
1583ff2569ccbf84358bd086743aa56b,SR 99
768171f81286a34a1f941e5e9cebc1c6,SR 99
b19fd31f4b49f172d916f12bc3b26937,SR 99
b44b03f69e39f51115cc24382dce492c,SR 99
bc43ea966ae416647a389c0d2e23d6f9,SR 99
c3767e9c66edbfb392480fefd3f840d5,SR 99
ea85744fb90c21f534738c6b625a1b87,SR 99
ec408053d25e6eb70e42db2be15055a6,SR 99
f8112a786c23f65701eb8e06cf22ac5d,SR 99
fc92b25d58914d29e98eab0a7b7942a0,SR 99
29381dd3ed44baed16b466f4633af897,SR 99
65cee3b2cdf5ea12bac21c108b282255,SR 99
710eabeda9f328aa1657cfd914757554,SR 99
7bead5f38544f44ec8dc4a6ce69b720e,SR 99
811d9edcf9045892a2ceaa66a3c98aa9,SR 99
c211fbd479600f86f619419641c58dee,SR 99
d8c097f538f6c745ea23cdcd83b6f582,SR 99
ea56a334e9362353e55a16b221d20263,SR 99
d67297a231eb7322012536250f9393ac,SR 99
e2aac594480cb7359e8d143fca8a1791,SR 99
e7d48dee970da9a3956e7a2f5617e4da,SR 99
20b4715784b2f07e8633a7563439267c,SR 99
571a999e06dfb72bad1ab448fe2391e1,SR 99
63b2bc70e87ea27f4b5df1950137a128,SR 99
72bfdfa730b299592511f1d20fae58a4,SR 99
74cb9a79250652e5d33f782786590f5e,SR 99
81d5dc5ea13d383dbadc304a7fe8f1e7,SR 99
add8c02c921815b03a1701559238ded0,SR 99
b3e184d622f3674a2bb85904655250d1,SR 99
b522a6a9fb326f1c6b245d277427c6f2,SR 99
cf824d92d0cab136147e3d13fc4c7e3c,SR 99
d63120f1e8603b95da7dd65c3594ba7d,SR 99
03f6350bb86c485c734b81ff1f49cb4a,SR 99
47c9dab07e91ebff491c3948d7a62499,SR 99
8f4128c01004aeb00f8d37beea2274e7,SR 99
a2d2d26ff0d34b5d447ae5ed553d8016,SR 99
d42b3e1c4026af78076713e0f497eb0b,SR 99
d48e91e127b4b9113348d1d2304ae254,SR 99
fb97d8cfa558a447ac7c55cf58e5dfd0,SR 99
1e763d19983c78ced4e202cb4dcbf438,SR 99
2b6ce1326a024768e2a8a38afe84cf26,SR 99
5f05a6629922bed96e2598a8b93ada5a,SR 99
5f29be1ceef47ca113b2a4884a31dc2d,SR 99
6c0894ef722fe4eb7fb726560a95cff9,SR 99
6c1f060d79353dc17eb60164c2e81e5e,SR 99
897d0b67449a9e25771780be86736df3,SR 99
a9955f8bdf61bc92f881acce909eb603,SR 99
b52930e85d61746b15ce58a0d33c72c3,SR 99
c4277a438381444bb45dfee0b484b1bc,SR 99
c6ffd0d880ce8012e3a32955e439963d,SR 99
ce567b2c621c4eb2f21d8bd8d5a89029,SR 99
e061714ffbdaab833d61ed04611391c6,SR 99
f1953d5a73126c84d472869cf4e91863,SR 99
2daa769f9a590cdeaff70ae45e1ec79c,SR 99
54d7c4727fc2d4976ab1a7e5ff66a00c,SR 99
5a9da440a7a302d4753e194a17d53ad9,SR 99
5b842c49f3aaa228c447c59872ffbc2f,SR 99
5c57f6ac7e8de5de4eecd636964280fe,SR 99
6dd7bc58e5ed6dd7c42a0fcc38609441,SR 99
8c927979cf0f429b0318b9c9fb133b76,SR 99
ab5bd418128ed87ba17dcc94ff15c530,SR 99
75cb2241751a1d37a2677c0010340359,SR 99
773bf8401ad01c4c302fde1d21eaeb91,SR 99
9aad10f8cf86ee2f35d5bcae4eb48a3a,SR 99
084d38500b1663ff3c95e2706e023679,SR 99
35be44b787298e7955448fb8aa57e494,SR 99
fb7ccbdd74de5f7f2abd187583bb9ed7,SR 99
45bf9e01e8faa839a023c3bf520f77c9,SR 99
5b3cd4bc0268bfc90cd184787f1e5356,SR 99
77f75f7d623d8f1cea76acb30c95222f,SR 99
85af519f0c74c537489e22d1ccefab64,SR 99
98c2f083aee67ef808809f1a39c2cbfe,SR 99
be171f096891fa86eb90fa7b5aa0baed,SR 99
cc026ca67ffff33a792a14ded2ce18c7,SR 99
ee3b1bdd5eb498003ad15f3ccb6c3212,SR 99
1101e6cad71c2abf6f964f11f496f2a0,SR 99
33eb0c7d392e3e7cc3455ee31f606937,SR 99
5530a39f65befd8ddeedebf9ce09da14,SR 99
7856bde21b6d5f34de6f97232129bc2d,SR 99
80f87402dee66909b6abb77bdb13ed6e,SR 99
897a614987a209d47704f746f0d9dc71,SR 99
97a88dc606a01ad14cdd8251afbe2744,SR 99
a3f57a40224b34604bdd8b9f2f81820a,SR 99
c0b34dfc704ee834481ff61ead7525d3,SR 99
c5ae1dff3ccd5aae9eb17d0bf571287a,SR 99
c6a64c7226f4b59a80aa6ee945a10cbd,SR 99
e7b8981f87225ffde5d08bb4910a21ed,SR 99
093072856d63b05f4684ef0c8750f6a2,SR 99
34048e3cb8e60aca575da5fa637279cf,SR 99
51957aed616c2f4c4ac731d21adc42cc,SR 99
6a974d7b2860b99e423f6f3399db438a,SR 99
9a809f2657613c2533f020f6c3cf17be,SR 99
a535f7cd89e85e8ccfbd353c519206de,SR 99
f0fc16a81f8c2da16ab7a8c29d0435b0,SR 99
21532e91c8437351434275b988e822d2,SR 99
29b395104b01bdf56d73575bdfe8e4b6,SR 99
2d9acfa483c43bfa53b6ab44dbb3ef9f,SR 99
3e174952b9f4a81f3e65b9b9e1898d47,SR 99
6ed9bd345fc06888f2d99c86a0558781,SR 99
78e309ac6aa2755f4e799e6277bb1051,SR 99
a9c849b13e4f48b5837864e29e5ec26b,SR 99
afa282670609c538291864e05fffa29f,SR 99
f7c6dbb136261ef32945a33cabcb696e,SR 99
11444aba75f1c58e80c9c1ea52e6f190,SR 99
1b6d8ddd0b714cb73b70fbc6171a95ad,SR 99
1cca21c95aa3cda3daadee512f6b05ab,SR 99
2323287970b030b3bf19570d2bf0916f,SR 99
3201301040810926c87ddf44aed413be,SR 99
437a938994ed3ef533332a25cb0fe58a,SR 99
446566df0e333935e1e3e2b42beb889a,SR 99
5cb1b7139bb700a48c5cd439c9d7db0d,SR 99
6e89d9d0c56bdcb01a795da71da81e98,SR 99
6eb70fb048ee8d5bb0dfbd10d113175c,SR 99
993d688b559fa13b65714affbfef2919,SR 99
99bf039cd1a1b38dc138ed0ccb294321,SR 99
9d0e6c509216c227ed0afbc5aaa2a803,SR 99
e31dc1ee9d1ba1db9c4b4349805ce91c,SR 99
ef0fe2ec349d905027f4a30947685966,SR 99
f1c1e1149dd91408521c61b2be8eb44a,SR 99
0034bb356c30043bca4802b4ae41c5f4,SR 99
00c9696f80237cb1cca9f9f4cd116936,SR 99
23b972a0d68ca0082ba61f2c954e4381,SR 99
6a6c7914fa6c33ab60fb4d66e3b41065,SR 99
94e1897d267fbbf214056eda2f992ea1,SR 99
be4a9abf94cc99fac39f6962976c2bbe,SR 99
ff63b715391ac10eca464fa5e4fbc06a,SR 99
007a526456058e43c36058f7f2ec7382,SR 99
07559b94fa78d6f5a49eadfdc6ac28c8,SR 99
282452261867e788fd0d9ef5d11a0a60,SR 99
41321ac6888e2956bfaf23a688a19546,SR 99
41ac48a282f720ee2988d016dbb7831a,SR 99
43a117ebaa011ca0c2a6513119337a1c,SR 99
4ed24ed185dfe4d9f63b58868dc45902,SR 99
6c73bf47953fc611000f03b7798bf181,SR 99
a59270c3989637d04a6aaec9df0be7cc,SR 99
0a33e84ce7cf379452ed0282226f6f4a,SR 99
56ba19e84b8f78490a5c51a4bfcc5c83,SR 99
834d040b37edb65f23c19109acdc2dd5,SR 99
b524e05d7a5eb3112855549ecd2954fa,SR 99
c46ab346e4848b27b3e9a9ab4ae87bf3,SR 99
c5b2b2808316a55d89d678b36960166a,SR 99
d5cb6a332d886ac845317c9ef9e39310,SR 99
fd4d982f1ed85312e7afd326a77ebdaf,SR 99
03d6a7ca64519f3e83c415f8584dc9a9,SR 99
0f2e28e09c29e77ae58e2a0156a7c8a9,SR 99
5caa4623128aff2500e66933047d80f3,SR 99
813a766f7fbdda51c0191394b0a7d08c,SR 99
b204897965d855cdffdc30565e65603b,SR 99
b7ca6cbca8a31d03072edcab37c3f110,SR 99
d70e4b1e4fc86089fb4f8e86573fe5f6,SR 99
0600775a7c36ab783d79c24694ab5b6b,SR 99
172aa060fb2349cb185a815838d0a6c9,SR 99
2ee4f8faa2902f6188713d2d1eda138e,SR 99
71669f3874ba9583f73d75f7ffbca235,SR 99
8fd3ea7ccaff7029bddb9b0c2050df48,SR 99
98997fde288405f2cca11d5737862ab4,SR 99
a59ca0db768f7f32e9800fb61363b836,SR 99
c7bd2d174962f67df41903f46c3663f5,SR 99
ca7486e572ff0fbe24e54105d1a521ef,SR 99
d0624b712bae2c6156e575bcd1f7b5ae,SR 99
e6cdad67cfbe51dd764f8e7146fdb5eb,SR 99
039cd7b6604468acba51c710c193f7eb,SR 99
3893ffe0432d275caa222c7952c4f4b5,SR 99
6a1cb680321beab260e39b4c184b02b8,SR 99
7a35e16e6031719511a20de62a79f657,SR 99
7bd8b0db98f2bd09b510433ebe182ce6,SR 99
b381e67f7d1a51f4220f348508daaa03,SR 99
bb23647d7b395dd51f1fc1bcab3cd329,SR 99
39e51116f0d64b5433301e16692a7bc8,SR 99
4ef460af62a56004014b1114cd5113fe,SR 99
90af442aee49214d3a86dcb9248bd065,SR 99
b5ab0623b56125734611daa70f83b998,SR 99
d4caac3be0652f5b67843b5daefda4ba,SR 99
dd828848e608c6acfcf8cac7acd6d412,SR 99
079e30448acf058a857f2b1de36b9df7,SR 99
189946c806cab336b95a6bba534c7d6e,SR 99
25bf5f6070edd4cfdec55e0bbb2ffef1,SR 99
2ee6394d314e397218371da59094a2f2,SR 99
395474e2abe5a94c5a36a471033dcb53,SR 99
3bd9e1fd61d6cb5576de294eb83695f9,SR 99
43e9786fe6467f66721d372bfc4ad0f1,SR 99
48508a0a8101a8306d127c6261c9faca,SR 99
6329a6c22c9b18f28ecca75ee73adcf3,SR 99
70b18d75695d7b3b630982cf35d1312c,SR 99
8e1e69f3a0aef46039cf8ef31ee802d3,SR 99
95571db534a43353c61896f6514c5ef1,SR 99
9b6e6d0f0de44c631f07dbde53f7d672,SR 99
a83d05cae1d477f20a49f01df5beaab8,SR 99
ab9213148020713d50bee71a1fb9d217,SR 99
5d562dc92eec5fdeecc3f84a6a1cdde9,SR 99
88f0c1d402264c864d55744dbcebc68d,SR 99
926a96769c704dd33949033dd1cfeb03,SR 99
d6e5003c19554e699392aac727735e26,SR 99
84d792ec76dec1a072b894aa3ec2df10,SR 99
ada85a839576b322c7f50673d9997b47,SR 99
c7ef5d506194f1874c792fa6933b51a3,SR 99
d59b21a89b496099ff00a05a52f1456e,SR 99
f4175f6059ca54229a1730bfb7b0b705,SR 99
08d3b4a92213ed27646b22f56e6d8283,SR 99
168ab97d47c56a3f7bec05ae14755b8b,SR 99
5ae2e0e1742b39671c9eb87c0353e5a7,SR 99
8d3d4f9ae02b07979109d21889d3f60d,SR 99
97230fcc7b7f4cd553fa0b5173cb489b,SR 99
98eeacdfc87a76c253aa405a21c3180a,SR 99
b1bc6648be58672f9b94d85ee1ac52c0,SR 99
c179584f480e0af1f40ea2b28325746a,SR 99
