,model,split,feature_selection,scoring_method,train_score,eval_score
0,arima,119,none,mse,1785.0,4830.0
1,dtree,"(0, 112, 119, 149)",lasso,mean_squared_error,110.43276998299322,2797.2413793103447
2,dtree,"(0, 112, 119, 149)",tree,mean_squared_error,873.5614965986395,3944.8990734224694
3,dtree,"(0, 112, 119, 149)",rf,mean_squared_error,0.0,7052.6551724137935
4,gru1k.16,"(0, 112, 119, 149)",lasso,mean_squared_error,820.177981488862,3274.464926178222
5,gru1k.16,"(0, 112, 119, 149)",tree,mean_squared_error,1301.064964517847,3832.6752279498455
6,gru1k.16,"(0, 112, 119, 149)",rf,mean_squared_error,253.92456457558728,6165.782957671668
7,gru1k.64,"(0, 112, 119, 149)",lasso,mean_squared_error,781.5558951325573,2629.482257864671
8,gru1k.64,"(0, 112, 119, 149)",rf,mean_squared_error,352.49119754204213,6895.76509211662
9,gru1k.64,"(0, 112, 119, 149)",tree,mean_squared_error,1117.5084136028806,8974.16543027566
10,gru200.32,"(0, 112, 119, 149)",lasso,mean_squared_error,1103.066615426493,5667.452759183036
11,gru200.32,"(0, 112, 119, 149)",tree,mean_squared_error,1659.8151852598073,6805.212318285585
12,gru200.32,"(0, 112, 119, 149)",rf,mean_squared_error,972.5605813923238,10093.441299957063
13,lm,"(0, 112, 119, 149)",lasso,mean_squared_error,1046.319911896777,4758.596298596191
14,lm,"(0, 112, 119, 149)",tree,mean_squared_error,1267.1753839001105,9121.340041863017
15,lm,"(0, 112, 119, 149)",rf,mean_squared_error,512.2687727113055,100408.17555529713
16,lstm1k.16,"(0, 112, 119, 149)",lasso,mean_squared_error,954.7579045406643,3463.929880445478
17,lstm1k.16,"(0, 112, 119, 149)",tree,mean_squared_error,1141.3922016193162,5097.02767379553
18,lstm1k.16,"(0, 112, 119, 149)",rf,mean_squared_error,153.71327406888096,6610.216193997205
19,lstm1k.64,"(0, 112, 119, 149)",lasso,mean_squared_error,923.8633249894962,3953.450616177372
20,lstm1k.64,"(0, 112, 119, 149)",tree,mean_squared_error,1092.8792168734528,7430.32380217134
21,lstm1k.64,"(0, 112, 119, 149)",rf,mean_squared_error,113.27508799891595,8277.75193562052
22,lstm200.32,"(0, 112, 119, 149)",tree,mean_squared_error,1445.915807074094,3279.013864799579
23,lstm200.32,"(0, 112, 119, 149)",lasso,mean_squared_error,1094.7572863857288,5023.666863876315
24,lstm200.32,"(0, 112, 119, 149)",rf,mean_squared_error,987.6761257713141,9512.904455211366
25,rf,"(0, 112, 119, 149)",lasso,mean_squared_error,749.1893873727485,2271.4371480560035
26,rf,"(0, 112, 119, 149)",tree,mean_squared_error,856.1672838368135,3067.550139735428
27,rf,"(0, 112, 119, 149)",rf,mean_squared_error,659.2583264842779,3404.609052715162
28,arima,119,none,mse,1785.0,4830.0
29,dtree,"(0, 107, 119, 149)",tree,mean_squared_error,883.3044916028388,3904.3847374464144
30,dtree,"(0, 107, 119, 149)",lasso,mean_squared_error,97.2808188696039,3938.590038314177
31,dtree,"(0, 107, 119, 149)",rf,mean_squared_error,0.0,6973.620689655172
32,gru1k.16,"(0, 107, 119, 149)",lasso,mean_squared_error,843.7466943393435,2945.5273154150004
33,gru1k.16,"(0, 107, 119, 149)",tree,mean_squared_error,1318.3140805279465,3536.1956182474205
34,gru1k.16,"(0, 107, 119, 149)",rf,mean_squared_error,196.8885682841641,9140.238949257311
35,gru1k.64,"(0, 107, 119, 149)",lasso,mean_squared_error,788.9007061346125,2919.1976845968707
36,gru1k.64,"(0, 107, 119, 149)",tree,mean_squared_error,1160.3708775887944,5526.555625563198
37,gru1k.64,"(0, 107, 119, 149)",rf,mean_squared_error,94.27917252781705,9437.220841239754
38,gru200.32,"(0, 107, 119, 149)",lasso,mean_squared_error,1082.9033308849196,5857.015333083418
39,gru200.32,"(0, 107, 119, 149)",tree,mean_squared_error,1569.259775037701,7549.503646409781
40,gru200.32,"(0, 107, 119, 149)",rf,mean_squared_error,963.0902718053478,10671.195436768876
41,lm,"(0, 107, 119, 149)",lasso,mean_squared_error,1046.7876641183288,3147.6586025498573
42,lm,"(0, 107, 119, 149)",tree,mean_squared_error,1299.461244248882,7054.6349257207585
43,lm,"(0, 107, 119, 149)",rf,mean_squared_error,515.8805933525688,97633.95835857844
44,lstm1k.16,"(0, 107, 119, 149)",lasso,mean_squared_error,947.2920202520876,3733.1802832849467
45,lstm1k.16,"(0, 107, 119, 149)",tree,mean_squared_error,1164.560813207025,3961.0032298260303
46,lstm1k.16,"(0, 107, 119, 149)",rf,mean_squared_error,108.42709089184581,7899.076691712879
47,lstm1k.64,"(0, 107, 119, 149)",tree,mean_squared_error,1094.2641143736073,3912.512645257894
48,lstm1k.64,"(0, 107, 119, 149)",lasso,mean_squared_error,921.2881449146053,4460.942956776102
49,lstm1k.64,"(0, 107, 119, 149)",rf,mean_squared_error,98.13903663933024,8692.073346475316
50,lstm200.32,"(0, 107, 119, 149)",tree,mean_squared_error,1413.7518151194863,3529.0020200314307
51,lstm200.32,"(0, 107, 119, 149)",lasso,mean_squared_error,1084.0733018803332,5244.986095685407
52,lstm200.32,"(0, 107, 119, 149)",rf,mean_squared_error,1004.0385587488031,10232.521724740365
53,rf,"(0, 107, 119, 149)",lasso,mean_squared_error,729.5897496890699,2263.097545099432
54,rf,"(0, 107, 119, 149)",tree,mean_squared_error,819.8493380426323,2566.579479423821
55,rf,"(0, 107, 119, 149)",rf,mean_squared_error,637.0224227112036,3734.1061964998194
56,arima,119,none,mse,1785.0,4830.0
57,dtree,"(0, 102, 119, 149)",tree,mean_squared_error,818.047340409848,3905.114337568058
58,dtree,"(0, 102, 119, 149)",lasso,mean_squared_error,89.86321195144724,4412.3448275862065
59,dtree,"(0, 102, 119, 149)",rf,mean_squared_error,0.0,8387.862068965518
60,gru1k.16,"(0, 102, 119, 149)",tree,mean_squared_error,1203.8012513044728,3628.198441782613
61,gru1k.16,"(0, 102, 119, 149)",lasso,mean_squared_error,777.3371138401494,4731.792077585316
62,gru1k.16,"(0, 102, 119, 149)",rf,mean_squared_error,155.13416995884,10061.31436649003
63,gru1k.64,"(0, 102, 119, 149)",lasso,mean_squared_error,709.5541778160145,4937.896668626325
64,gru1k.64,"(0, 102, 119, 149)",tree,mean_squared_error,1028.443054927965,5007.648335328173
65,gru1k.64,"(0, 102, 119, 149)",rf,mean_squared_error,132.89959934919014,9009.523260119966
66,gru200.32,"(0, 102, 119, 149)",lasso,mean_squared_error,982.1414818352148,6112.334540361474
67,gru200.32,"(0, 102, 119, 149)",tree,mean_squared_error,1441.1152792059834,7805.147707672661
68,gru200.32,"(0, 102, 119, 149)",rf,mean_squared_error,896.9277933383995,11214.939250587326
69,lm,"(0, 102, 119, 149)",lasso,mean_squared_error,947.1119340814306,2744.0062313966955
70,lm,"(0, 102, 119, 149)",tree,mean_squared_error,1188.092227295543,7328.618401674747
71,lm,"(0, 102, 119, 149)",rf,mean_squared_error,449.62136213679315,116610.19170112889
72,lstm1k.16,"(0, 102, 119, 149)",tree,mean_squared_error,1040.3666676226912,3860.7691485474993
73,lstm1k.16,"(0, 102, 119, 149)",lasso,mean_squared_error,832.5809626464147,4230.880046177968
74,lstm1k.16,"(0, 102, 119, 149)",rf,mean_squared_error,107.59191583206092,10223.320584397787
75,lstm1k.64,"(0, 102, 119, 149)",tree,mean_squared_error,968.6546544070931,3287.5667156800305
76,lstm1k.64,"(0, 102, 119, 149)",lasso,mean_squared_error,801.7436438035083,7789.679035069397
77,lstm1k.64,"(0, 102, 119, 149)",rf,mean_squared_error,113.63967624316494,7797.389480244488
78,lstm200.32,"(0, 102, 119, 149)",tree,mean_squared_error,1296.1590032670235,3609.043585307374
79,lstm200.32,"(0, 102, 119, 149)",lasso,mean_squared_error,982.453890592645,5465.5740939885345
80,lstm200.32,"(0, 102, 119, 149)",rf,mean_squared_error,973.5432213440437,9242.760830231364
81,rf,"(0, 102, 119, 149)",lasso,mean_squared_error,693.4945595075972,2291.247626499597
82,rf,"(0, 102, 119, 149)",tree,mean_squared_error,739.3308978423133,2320.000436368414
83,rf,"(0, 102, 119, 149)",rf,mean_squared_error,560.449288994498,3635.594442808643
84,arima,119,none,mse,1785.0,4830.0
85,dtree,"(0, 97, 119, 149)",tree,mean_squared_error,817.1741180469016,2362.4480718220766
86,dtree,"(0, 97, 119, 149)",lasso,mean_squared_error,94.49533627884142,4415.103448275862
87,dtree,"(0, 97, 119, 149)",rf,mean_squared_error,0.0,7893.793103448276
88,gru1k.16,"(0, 97, 119, 149)",lasso,mean_squared_error,725.2734285885535,3602.5304080343662
89,gru1k.16,"(0, 97, 119, 149)",tree,mean_squared_error,1214.0586958602382,3899.2309764847078
90,gru1k.16,"(0, 97, 119, 149)",rf,mean_squared_error,116.2390441649603,12071.65873356264
91,gru1k.64,"(0, 97, 119, 149)",lasso,mean_squared_error,670.230573468796,3883.5140287238173
92,gru1k.64,"(0, 97, 119, 149)",tree,mean_squared_error,1030.3089107460962,4301.23446597574
93,gru1k.64,"(0, 97, 119, 149)",rf,mean_squared_error,108.4428740485845,11578.554701911758
94,gru200.32,"(0, 97, 119, 149)",lasso,mean_squared_error,963.2074999016105,5829.448142633886
95,gru200.32,"(0, 97, 119, 149)",tree,mean_squared_error,1428.7359700594193,8221.24848726921
96,gru200.32,"(0, 97, 119, 149)",rf,mean_squared_error,897.3711915879855,11243.1871132288
97,lm,"(0, 97, 119, 149)",lasso,mean_squared_error,939.5032791299088,2776.6820446323322
98,lm,"(0, 97, 119, 149)",tree,mean_squared_error,1203.8037995767497,7289.90127952185
99,lm,"(0, 97, 119, 149)",rf,mean_squared_error,438.53954320105225,142884.0566935235
100,lstm1k.16,"(0, 97, 119, 149)",tree,mean_squared_error,1035.4134885463768,3531.755872214478
101,lstm1k.16,"(0, 97, 119, 149)",lasso,mean_squared_error,811.4646796582833,4036.805157703211
102,lstm1k.16,"(0, 97, 119, 149)",rf,mean_squared_error,101.51186499401409,13159.03652981818
103,lstm1k.64,"(0, 97, 119, 149)",tree,mean_squared_error,980.8780407576639,3106.882811812973
104,lstm1k.64,"(0, 97, 119, 149)",rf,mean_squared_error,85.0608701147283,8082.766632010686
105,lstm1k.64,"(0, 97, 119, 149)",lasso,mean_squared_error,781.9676518052668,12653.154685092515
106,lstm200.32,"(0, 97, 119, 149)",tree,mean_squared_error,1298.6847076935253,3748.3670755167377
107,lstm200.32,"(0, 97, 119, 149)",lasso,mean_squared_error,957.8063905760646,5216.006239302633
108,lstm200.32,"(0, 97, 119, 149)",rf,mean_squared_error,934.1838543059463,9729.789894209276
109,rf,"(0, 97, 119, 149)",lasso,mean_squared_error,643.1761135730869,2253.3954194029475
110,rf,"(0, 97, 119, 149)",tree,mean_squared_error,732.7740574542794,2392.0778503202837
111,rf,"(0, 97, 119, 149)",rf,mean_squared_error,531.8795864974275,4072.4796999971268
112,arima,119,none,mse,1785.0,4830.0
113,dtree,"(0, 92, 119, 149)",tree,mean_squared_error,766.7627476508999,2362.4480718220766
114,dtree,"(0, 92, 119, 149)",lasso,mean_squared_error,45.67898550724638,4415.103448275862
115,dtree,"(0, 92, 119, 149)",rf,mean_squared_error,0.0,18328.896551724138
116,gru1k.16,"(0, 92, 119, 149)",lasso,mean_squared_error,656.0690491377811,3179.6400839774788
117,gru1k.16,"(0, 92, 119, 149)",tree,mean_squared_error,1222.0367815066256,3803.331112749995
118,gru1k.16,"(0, 92, 119, 149)",rf,mean_squared_error,122.4487491470215,16108.405781138832
119,gru1k.64,"(0, 92, 119, 149)",lasso,mean_squared_error,519.779526556799,3862.892096613622
120,gru1k.64,"(0, 92, 119, 149)",tree,mean_squared_error,1000.6932841953392,5354.584315856822
121,gru1k.64,"(0, 92, 119, 149)",rf,mean_squared_error,104.55838512384292,12917.305879029278
122,gru200.32,"(0, 92, 119, 149)",lasso,mean_squared_error,959.0710732498884,5556.547281355163
123,gru200.32,"(0, 92, 119, 149)",tree,mean_squared_error,1455.8182558008627,8270.504901294124
124,gru200.32,"(0, 92, 119, 149)",rf,mean_squared_error,844.6735855333416,11476.079079938634
125,lm,"(0, 92, 119, 149)",lasso,mean_squared_error,936.0158243503304,2869.838021083153
126,lm,"(0, 92, 119, 149)",tree,mean_squared_error,1212.6483951727948,7977.172507878959
127,lm,"(0, 92, 119, 149)",rf,mean_squared_error,343.98132982107927,160114.7934654607
128,lstm1k.16,"(0, 92, 119, 149)",lasso,mean_squared_error,763.216554653102,3523.1165844269963
129,lstm1k.16,"(0, 92, 119, 149)",tree,mean_squared_error,1047.6534994324143,3803.637004582059
130,lstm1k.16,"(0, 92, 119, 149)",rf,mean_squared_error,64.38549177221316,12521.133459516408
131,lstm1k.64,"(0, 92, 119, 149)",tree,mean_squared_error,936.0200780363774,3374.171122143278
132,lstm1k.64,"(0, 92, 119, 149)",lasso,mean_squared_error,569.7828386958319,4327.97521082682
133,lstm1k.64,"(0, 92, 119, 149)",rf,mean_squared_error,56.14372583152979,10561.385195269555
134,lstm200.32,"(0, 92, 119, 149)",tree,mean_squared_error,1319.0988408359092,3746.4961776668847
135,lstm200.32,"(0, 92, 119, 149)",lasso,mean_squared_error,953.3459156772562,5007.604998168817
136,lstm200.32,"(0, 92, 119, 149)",rf,mean_squared_error,855.8196647087588,10442.667273849185
137,rf,"(0, 92, 119, 149)",lasso,mean_squared_error,586.99204928533,2313.2167069385514
138,rf,"(0, 92, 119, 149)",tree,mean_squared_error,688.9927889921786,2540.2744265181896
139,rf,"(0, 92, 119, 149)",rf,mean_squared_error,501.7275358209167,5114.62540844901
140,arima,119,none,mse,1785.0,4830.0
141,dtree,"(0, 87, 119, 149)",tree,mean_squared_error,643.580115593219,2362.4480718220766
142,dtree,"(0, 87, 119, 149)",lasso,mean_squared_error,13.031522117729015,4415.103448275862
143,dtree,"(0, 87, 119, 149)",rf,mean_squared_error,0.0,7028.103448275862
144,gru1k.16,"(0, 87, 119, 149)",lasso,mean_squared_error,633.7698728847719,3388.0984015120835
145,gru1k.16,"(0, 87, 119, 149)",tree,mean_squared_error,1087.5264605584089,3573.070500390837
146,gru1k.16,"(0, 87, 119, 149)",rf,mean_squared_error,110.10889064395619,10701.837160293559
147,gru1k.64,"(0, 87, 119, 149)",lasso,mean_squared_error,494.027753545801,3558.4334537350524
148,gru1k.64,"(0, 87, 119, 149)",rf,mean_squared_error,83.786820574594,9205.17476597169
149,gru1k.64,"(0, 87, 119, 149)",tree,mean_squared_error,864.9719506579762,9906.317178986003
150,gru200.32,"(0, 87, 119, 149)",lasso,mean_squared_error,901.8021462788249,5399.235636938877
151,gru200.32,"(0, 87, 119, 149)",tree,mean_squared_error,1355.5599805166003,8395.27968326068
152,gru200.32,"(0, 87, 119, 149)",rf,mean_squared_error,755.9300520929197,10612.690837665687
153,lm,"(0, 87, 119, 149)",lasso,mean_squared_error,867.5320650792847,4028.7782352913573
154,lm,"(0, 87, 119, 149)",tree,mean_squared_error,1048.958897588852,10264.707433573314
155,lm,"(0, 87, 119, 149)",rf,mean_squared_error,261.3685233982997,166599.62128971078
156,lstm1k.16,"(0, 87, 119, 149)",lasso,mean_squared_error,710.8494253694776,3359.7719445794355
157,lstm1k.16,"(0, 87, 119, 149)",tree,mean_squared_error,915.700694487778,4360.245313118638
158,lstm1k.16,"(0, 87, 119, 149)",rf,mean_squared_error,77.19908815862118,10141.873880809037
159,lstm1k.64,"(0, 87, 119, 149)",lasso,mean_squared_error,715.2725939289586,3538.0823805284494
160,lstm1k.64,"(0, 87, 119, 149)",tree,mean_squared_error,832.6292425911209,6617.00105328206
161,lstm1k.64,"(0, 87, 119, 149)",rf,mean_squared_error,49.16522401951028,10527.686776331386
162,lstm200.32,"(0, 87, 119, 149)",tree,mean_squared_error,1201.416839602414,3742.9526179293975
163,lstm200.32,"(0, 87, 119, 149)",lasso,mean_squared_error,892.2353682808134,4837.634735984294
164,lstm200.32,"(0, 87, 119, 149)",rf,mean_squared_error,748.8115891172181,9695.953026669422
165,rf,"(0, 87, 119, 149)",lasso,mean_squared_error,526.665293696225,2459.809040454846
166,rf,"(0, 87, 119, 149)",tree,mean_squared_error,603.9255934166907,2516.546382208019
167,rf,"(0, 87, 119, 149)",rf,mean_squared_error,418.64339213737605,3936.086963930746
168,arima,119,none,mse,1785.0,4830.0
169,dtree,"(0, 82, 119, 149)",tree,mean_squared_error,633.8127168766192,2362.4480718220766
170,dtree,"(0, 82, 119, 149)",lasso,mean_squared_error,7.052409988385598,4415.103448275862
171,dtree,"(0, 82, 119, 149)",rf,mean_squared_error,0.0,9756.896551724138
172,gru1k.16,"(0, 82, 119, 149)",tree,mean_squared_error,1091.6978899414378,3585.5631546442205
173,gru1k.16,"(0, 82, 119, 149)",lasso,mean_squared_error,603.9382215639201,4134.573446452072
174,gru1k.16,"(0, 82, 119, 149)",rf,mean_squared_error,73.71194514010114,12284.51674128062
175,gru1k.64,"(0, 82, 119, 149)",lasso,mean_squared_error,471.42001335244487,3702.815584053101
176,gru1k.64,"(0, 82, 119, 149)",rf,mean_squared_error,79.34395500301474,6923.991590259171
177,gru1k.64,"(0, 82, 119, 149)",tree,mean_squared_error,849.9808917676422,11084.664947561438
178,gru200.32,"(0, 82, 119, 149)",lasso,mean_squared_error,896.2569159131792,4537.770934267684
179,gru200.32,"(0, 82, 119, 149)",tree,mean_squared_error,1370.2868603887348,8514.779627263033
180,gru200.32,"(0, 82, 119, 149)",rf,mean_squared_error,736.5925722292699,11389.002528191993
181,lm,"(0, 82, 119, 149)",lasso,mean_squared_error,854.1969545396975,6812.991923274903
182,lm,"(0, 82, 119, 149)",tree,mean_squared_error,1051.4866208583696,11016.16554156243
183,lm,"(0, 82, 119, 149)",rf,mean_squared_error,203.92141766741653,314782.1365707275
184,lstm1k.16,"(0, 82, 119, 149)",lasso,mean_squared_error,637.5985959809552,3553.6017090457426
185,lstm1k.16,"(0, 82, 119, 149)",tree,mean_squared_error,919.2893484353355,4239.8460779961615
186,lstm1k.16,"(0, 82, 119, 149)",rf,mean_squared_error,59.4061733168158,11389.593561795644
187,lstm1k.64,"(0, 82, 119, 149)",lasso,mean_squared_error,601.3032248078636,3849.408081030682
188,lstm1k.64,"(0, 82, 119, 149)",rf,mean_squared_error,46.81556171063538,6044.102148405935
189,lstm1k.64,"(0, 82, 119, 149)",tree,mean_squared_error,816.4152771298228,7822.2996049413205
190,lstm200.32,"(0, 82, 119, 149)",tree,mean_squared_error,1215.0288384662651,3773.936365481249
191,lstm200.32,"(0, 82, 119, 149)",lasso,mean_squared_error,888.5781030673988,4185.936367722509
192,lstm200.32,"(0, 82, 119, 149)",rf,mean_squared_error,714.0916911283048,10192.91675430533
193,rf,"(0, 82, 119, 149)",lasso,mean_squared_error,506.25809372002055,2474.5911521597654
194,rf,"(0, 82, 119, 149)",tree,mean_squared_error,593.4242200905222,2546.0645925742433
195,rf,"(0, 82, 119, 149)",rf,mean_squared_error,390.11492201683126,3825.04201606091
196,arima,119,none,mse,1785.0,4830.0
197,dtree,"(0, 77, 119, 149)",tree,mean_squared_error,603.3864352098118,2362.4480718220766
198,dtree,"(0, 77, 119, 149)",lasso,mean_squared_error,15.775613275613278,4457.586206896552
199,dtree,"(0, 77, 119, 149)",rf,mean_squared_error,0.0,7088.275862068966
200,gru1k.16,"(0, 77, 119, 149)",lasso,mean_squared_error,569.7533314756372,2713.275561779633
201,gru1k.16,"(0, 77, 119, 149)",tree,mean_squared_error,1091.8997473404893,3704.30196777618
202,gru1k.16,"(0, 77, 119, 149)",rf,mean_squared_error,73.54940732332044,8387.674933195547
203,gru1k.64,"(0, 77, 119, 149)",rf,mean_squared_error,22.362198692392678,6420.692060899672
204,gru1k.64,"(0, 77, 119, 149)",lasso,mean_squared_error,379.21413898662445,7808.683446575028
205,gru1k.64,"(0, 77, 119, 149)",tree,mean_squared_error,829.4911801778143,15719.811298485107
206,gru200.32,"(0, 77, 119, 149)",lasso,mean_squared_error,901.4394528273275,6194.66651831165
207,gru200.32,"(0, 77, 119, 149)",rf,mean_squared_error,699.9444488208354,9362.930078480618
208,gru200.32,"(0, 77, 119, 149)",tree,mean_squared_error,1320.414355810901,9394.728451618419
209,lm,"(0, 77, 119, 149)",lasso,mean_squared_error,868.6438305052012,3366.5935912521854
210,lm,"(0, 77, 119, 149)",tree,mean_squared_error,1027.5248398381805,9361.201715448837
211,lm,"(0, 77, 119, 149)",rf,mean_squared_error,186.59432071603854,191684.40080897076
212,lstm1k.16,"(0, 77, 119, 149)",lasso,mean_squared_error,594.8838284385977,3420.7720356449677
213,lstm1k.16,"(0, 77, 119, 149)",tree,mean_squared_error,917.3597347148265,4425.333051516265
214,lstm1k.16,"(0, 77, 119, 149)",rf,mean_squared_error,62.45894176141032,8806.503794880657
215,lstm1k.64,"(0, 77, 119, 149)",lasso,mean_squared_error,545.7029761386183,3257.0722540786232
216,lstm1k.64,"(0, 77, 119, 149)",tree,mean_squared_error,751.3647913189043,3300.5426858867486
217,lstm1k.64,"(0, 77, 119, 149)",rf,mean_squared_error,48.17314340642278,7862.770201459246
218,lstm200.32,"(0, 77, 119, 149)",tree,mean_squared_error,1181.4876694590362,4079.926697830485
219,lstm200.32,"(0, 77, 119, 149)",lasso,mean_squared_error,893.6537635640525,5556.267447578801
220,lstm200.32,"(0, 77, 119, 149)",rf,mean_squared_error,691.0690075866122,9207.75566393031
221,rf,"(0, 77, 119, 149)",tree,mean_squared_error,565.924230697393,2493.6307080251736
222,rf,"(0, 77, 119, 149)",lasso,mean_squared_error,472.85413842853876,2591.479205702627
223,rf,"(0, 77, 119, 149)",rf,mean_squared_error,339.7953989348967,3610.3051913180775
224,arima,119,none,mse,1785.0,4830.0
225,dtree,"(0, 72, 119, 149)",tree,mean_squared_error,578.7067053317054,2362.4480718220766
226,dtree,"(0, 72, 119, 149)",rf,mean_squared_error,0.0,3698.5862068965516
227,dtree,"(0, 72, 119, 149)",lasso,mean_squared_error,7.701388888888889,4457.586206896552
228,gru1k.16,"(0, 72, 119, 149)",lasso,mean_squared_error,502.92184442776164,2977.88211954251
229,gru1k.16,"(0, 72, 119, 149)",tree,mean_squared_error,971.9659318850026,5829.292839122093
230,gru1k.16,"(0, 72, 119, 149)",rf,mean_squared_error,96.13103024389582,7555.687568184108
231,gru1k.64,"(0, 72, 119, 149)",lasso,mean_squared_error,304.05942350817105,3822.4040137551374
232,gru1k.64,"(0, 72, 119, 149)",tree,mean_squared_error,844.8866014763997,4908.246178662083
233,gru1k.64,"(0, 72, 119, 149)",rf,mean_squared_error,109.02946564553875,5962.843387628094
234,gru200.32,"(0, 72, 119, 149)",lasso,mean_squared_error,843.3067983138187,6224.507772640245
235,gru200.32,"(0, 72, 119, 149)",rf,mean_squared_error,673.3737406592279,8121.674800548606
236,gru200.32,"(0, 72, 119, 149)",tree,mean_squared_error,1090.2942404833545,11019.480379300176
237,lm,"(0, 72, 119, 149)",lasso,mean_squared_error,832.4123391709301,2986.3478741491067
238,lm,"(0, 72, 119, 149)",tree,mean_squared_error,930.8119324294172,4061.465281951853
239,lm,"(0, 72, 119, 149)",rf,mean_squared_error,167.67256099518772,94241.46821492791
240,lstm1k.16,"(0, 72, 119, 149)",tree,mean_squared_error,855.6667552940424,3144.8636204321983
241,lstm1k.16,"(0, 72, 119, 149)",lasso,mean_squared_error,565.5565398816123,3717.9505526667604
242,lstm1k.16,"(0, 72, 119, 149)",rf,mean_squared_error,64.80758946801264,7900.09613243305
243,lstm1k.64,"(0, 72, 119, 149)",tree,mean_squared_error,797.9904678614758,3048.0462736077607
244,lstm1k.64,"(0, 72, 119, 149)",lasso,mean_squared_error,450.10360403534855,3381.8723351330623
245,lstm1k.64,"(0, 72, 119, 149)",rf,mean_squared_error,26.426224065003527,8723.63929163008
246,lstm200.32,"(0, 72, 119, 149)",tree,mean_squared_error,997.0404024950533,5085.467669003081
247,lstm200.32,"(0, 72, 119, 149)",lasso,mean_squared_error,852.9174313405949,5429.785015185588
248,lstm200.32,"(0, 72, 119, 149)",rf,mean_squared_error,648.1499669327168,8102.943716552494
249,rf,"(0, 72, 119, 149)",tree,mean_squared_error,538.6123098577502,2087.8559662644575
250,rf,"(0, 72, 119, 149)",lasso,mean_squared_error,444.9917543600554,2559.234012328417
251,rf,"(0, 72, 119, 149)",rf,mean_squared_error,328.5174242668506,3091.6878260524395
252,arima,119,none,mse,1785.0,4830.0
253,dtree,"(0, 67, 119, 149)",tree,mean_squared_error,554.6475042370564,2362.4480718220766
254,dtree,"(0, 67, 119, 149)",rf,mean_squared_error,0.0,4217.724137931034
255,dtree,"(0, 67, 119, 149)",lasso,mean_squared_error,8.325870646766168,4457.586206896552
256,gru1k.16,"(0, 67, 119, 149)",lasso,mean_squared_error,408.73813077932874,3350.230361982385
257,gru1k.16,"(0, 67, 119, 149)",rf,mean_squared_error,99.03831177471734,7898.169269807211
258,gru1k.16,"(0, 67, 119, 149)",tree,mean_squared_error,893.2148836803511,9226.88236385527
259,gru1k.64,"(0, 67, 119, 149)",tree,mean_squared_error,829.3027391764266,3138.156890540111
260,gru1k.64,"(0, 67, 119, 149)",lasso,mean_squared_error,459.413376977622,3187.585345366488
261,gru1k.64,"(0, 67, 119, 149)",rf,mean_squared_error,45.717960693498156,6269.698406337648
262,gru200.32,"(0, 67, 119, 149)",lasso,mean_squared_error,789.8654601742799,6457.887406643729
263,gru200.32,"(0, 67, 119, 149)",rf,mean_squared_error,635.3796803011775,7179.052289775123
264,gru200.32,"(0, 67, 119, 149)",tree,mean_squared_error,979.5231628123281,12904.337380506387
265,lm,"(0, 67, 119, 149)",lasso,mean_squared_error,806.3097646443044,2724.13068795188
266,lm,"(0, 67, 119, 149)",tree,mean_squared_error,876.57320866427,3388.0848906618567
267,lm,"(0, 67, 119, 149)",rf,mean_squared_error,153.75516213348874,79387.49239798452
268,lstm1k.16,"(0, 67, 119, 149)",tree,mean_squared_error,818.9161998672973,3319.004957311514
269,lstm1k.16,"(0, 67, 119, 149)",lasso,mean_squared_error,557.1615620016211,4503.8025419333035
270,lstm1k.16,"(0, 67, 119, 149)",rf,mean_squared_error,38.454609826818775,8962.115836092175
271,lstm1k.64,"(0, 67, 119, 149)",tree,mean_squared_error,809.0446509074892,2917.023262461495
272,lstm1k.64,"(0, 67, 119, 149)",lasso,mean_squared_error,582.4840890310579,5080.046736762955
273,lstm1k.64,"(0, 67, 119, 149)",rf,mean_squared_error,26.296436107001586,7006.24367600864
274,lstm200.32,"(0, 67, 119, 149)",lasso,mean_squared_error,794.7432871531806,5565.4176064078165
275,lstm200.32,"(0, 67, 119, 149)",tree,mean_squared_error,894.9101459074786,6386.102440262374
276,lstm200.32,"(0, 67, 119, 149)",rf,mean_squared_error,554.7506159692377,7079.8644790714925
277,rf,"(0, 67, 119, 149)",tree,mean_squared_error,530.5756537492873,2362.414696253035
278,rf,"(0, 67, 119, 149)",lasso,mean_squared_error,398.6108639302826,2715.2274728783395
279,rf,"(0, 67, 119, 149)",rf,mean_squared_error,295.44539197908443,2820.335568611905
280,arima,119,none,mse,1785.0,4830.0
281,dtree,"(0, 62, 119, 149)",tree,mean_squared_error,532.5763352239159,2362.4480718220766
282,dtree,"(0, 62, 119, 149)",lasso,mean_squared_error,0.7715053763440861,4457.586206896552
283,dtree,"(0, 62, 119, 149)",rf,mean_squared_error,0.0,9088.0
284,gru1k.16,"(0, 62, 119, 149)",lasso,mean_squared_error,356.3186913989785,2826.6965973261294
285,gru1k.16,"(0, 62, 119, 149)",rf,mean_squared_error,75.02311866517525,9642.554783312002
286,gru1k.16,"(0, 62, 119, 149)",tree,mean_squared_error,855.9867269931503,11409.097664231178
287,gru1k.64,"(0, 62, 119, 149)",lasso,mean_squared_error,347.41086859191813,2880.9994019682135
288,gru1k.64,"(0, 62, 119, 149)",tree,mean_squared_error,796.662631305543,3133.5634996812823
289,gru1k.64,"(0, 62, 119, 149)",rf,mean_squared_error,43.6308690993258,7100.490031355237
290,gru200.32,"(0, 62, 119, 149)",lasso,mean_squared_error,776.773578385462,6178.385693095087
291,gru200.32,"(0, 62, 119, 149)",rf,mean_squared_error,562.6227420097097,8004.27964737732
292,gru200.32,"(0, 62, 119, 149)",tree,mean_squared_error,942.7484921915457,13560.949638191241
293,lm,"(0, 62, 119, 149)",tree,mean_squared_error,849.2052528861409,3982.2068284283064
294,lm,"(0, 62, 119, 149)",lasso,mean_squared_error,762.121020560374,6006.145334598553
295,lm,"(0, 62, 119, 149)",rf,mean_squared_error,145.94621167022848,100763.41015235706
296,lstm1k.16,"(0, 62, 119, 149)",tree,mean_squared_error,793.4322086582523,3748.8485423287634
297,lstm1k.16,"(0, 62, 119, 149)",lasso,mean_squared_error,492.6053243766674,4336.002503098719
298,lstm1k.16,"(0, 62, 119, 149)",rf,mean_squared_error,28.932552420526683,9499.45896097084
299,lstm1k.64,"(0, 62, 119, 149)",tree,mean_squared_error,789.2177119397205,2965.398778695525
300,lstm1k.64,"(0, 62, 119, 149)",lasso,mean_squared_error,381.7637568509146,3976.173865960349
301,lstm1k.64,"(0, 62, 119, 149)",rf,mean_squared_error,14.86083774412081,11180.562131737046
302,lstm200.32,"(0, 62, 119, 149)",lasso,mean_squared_error,785.9212154415324,5477.24308317369
303,lstm200.32,"(0, 62, 119, 149)",tree,mean_squared_error,857.9900289366187,6804.926304228998
304,lstm200.32,"(0, 62, 119, 149)",rf,mean_squared_error,505.1732929900754,8563.39306086395
305,rf,"(0, 62, 119, 149)",rf,mean_squared_error,272.4739855667131,2619.1511311055656
306,rf,"(0, 62, 119, 149)",lasso,mean_squared_error,377.95339953203035,2721.1369135820128
307,rf,"(0, 62, 119, 149)",tree,mean_squared_error,480.91489449047015,3448.387219954546
308,arima,119,none,mse,1785.0,4830.0
309,dtree,"(0, 57, 119, 149)",lasso,mean_squared_error,0.3274853801169591,2779.0344827586205
310,dtree,"(0, 57, 119, 149)",rf,mean_squared_error,0.0,4434.068965517241
311,dtree,"(0, 57, 119, 149)",tree,mean_squared_error,594.2574352548037,7065.808275862068
312,gru1k.16,"(0, 57, 119, 149)",lasso,mean_squared_error,347.4868513537538,3120.3049406830687
313,gru1k.16,"(0, 57, 119, 149)",rf,mean_squared_error,55.614144682692235,5712.820722889516
314,gru1k.16,"(0, 57, 119, 149)",tree,mean_squared_error,906.8370132169915,11191.819035065762
315,gru1k.64,"(0, 57, 119, 149)",lasso,mean_squared_error,309.472560209312,2433.145110771622
316,gru1k.64,"(0, 57, 119, 149)",tree,mean_squared_error,837.7051007940328,3101.1809834869705
317,gru1k.64,"(0, 57, 119, 149)",rf,mean_squared_error,48.318671417855576,12239.116181629292
318,gru200.32,"(0, 57, 119, 149)",rf,mean_squared_error,518.2674766163497,4298.781461421465
319,gru200.32,"(0, 57, 119, 149)",lasso,mean_squared_error,791.3775272555037,6036.6813694319435
320,gru200.32,"(0, 57, 119, 149)",tree,mean_squared_error,997.9226197923387,13786.022392885601
321,lm,"(0, 57, 119, 149)",tree,mean_squared_error,893.5408595652801,3456.9027819141334
322,lm,"(0, 57, 119, 149)",lasso,mean_squared_error,788.5523996201343,7139.892498614382
323,lm,"(0, 57, 119, 149)",rf,mean_squared_error,133.15980680832024,958414.1243275953
324,lstm1k.16,"(0, 57, 119, 149)",tree,mean_squared_error,833.8958331819281,3200.2197761875977
325,lstm1k.16,"(0, 57, 119, 149)",lasso,mean_squared_error,502.0735282614427,4144.725037453495
326,lstm1k.16,"(0, 57, 119, 149)",rf,mean_squared_error,22.32604311046746,16685.04406944168
327,lstm1k.64,"(0, 57, 119, 149)",tree,mean_squared_error,833.7086423816886,3145.825754895646
328,lstm1k.64,"(0, 57, 119, 149)",lasso,mean_squared_error,347.41370468439635,3850.287192546313
329,lstm1k.64,"(0, 57, 119, 149)",rf,mean_squared_error,22.056024036680657,6171.819850933906
330,lstm200.32,"(0, 57, 119, 149)",rf,mean_squared_error,500.0922278270142,3928.9000320669006
331,lstm200.32,"(0, 57, 119, 149)",lasso,mean_squared_error,821.3948108694116,5392.483762847605
332,lstm200.32,"(0, 57, 119, 149)",tree,mean_squared_error,903.7006205809711,6980.046365057913
333,rf,"(0, 57, 119, 149)",rf,mean_squared_error,260.2245460744279,2151.0383931430424
334,rf,"(0, 57, 119, 149)",lasso,mean_squared_error,367.950780717238,2580.7003125887586
335,rf,"(0, 57, 119, 149)",tree,mean_squared_error,527.7669195212436,3533.9118576180226
336,arima,119,none,mse,1785.0,4830.0
337,dtree,"(0, 52, 119, 149)",tree,mean_squared_error,286.2341117216117,1967.678706896552
338,dtree,"(0, 52, 119, 149)",lasso,mean_squared_error,0.358974358974359,2203.0
339,dtree,"(0, 52, 119, 149)",rf,mean_squared_error,0.0,8762.586206896553
340,gru1k.16,"(0, 52, 119, 149)",lasso,mean_squared_error,319.4009986545828,4904.316358872834
341,gru1k.16,"(0, 52, 119, 149)",tree,mean_squared_error,765.2062899423181,9873.083957756291
342,gru1k.16,"(0, 52, 119, 149)",rf,mean_squared_error,52.20014190372491,10362.39438313786
343,gru1k.64,"(0, 52, 119, 149)",lasso,mean_squared_error,407.71282759100166,2801.0417064053954
344,gru1k.64,"(0, 52, 119, 149)",tree,mean_squared_error,667.3075617095097,4583.359662505863
345,gru1k.64,"(0, 52, 119, 149)",rf,mean_squared_error,33.93035747324421,18991.24070265363
346,gru200.32,"(0, 52, 119, 149)",lasso,mean_squared_error,667.7036362932189,6199.185293069503
347,gru200.32,"(0, 52, 119, 149)",rf,mean_squared_error,474.1407513835405,11415.63304732817
348,gru200.32,"(0, 52, 119, 149)",tree,mean_squared_error,848.4332461769003,13738.148477957136
349,lm,"(0, 52, 119, 149)",tree,mean_squared_error,755.6378425198974,3199.306606611145
350,lm,"(0, 52, 119, 149)",lasso,mean_squared_error,650.0717873191863,10801.776788533489
351,lm,"(0, 52, 119, 149)",rf,mean_squared_error,58.14718428671368,1205152.3270101026
352,lstm1k.16,"(0, 52, 119, 149)",tree,mean_squared_error,654.8653291264066,3093.584460158142
353,lstm1k.16,"(0, 52, 119, 149)",lasso,mean_squared_error,440.9168281037262,4375.927049565201
354,lstm1k.16,"(0, 52, 119, 149)",rf,mean_squared_error,19.89234854165429,16744.024236046356
355,lstm1k.64,"(0, 52, 119, 149)",lasso,mean_squared_error,360.75524472347195,4551.560635517536
356,lstm1k.64,"(0, 52, 119, 149)",tree,mean_squared_error,656.2403819586168,4633.211779504211
357,lstm1k.64,"(0, 52, 119, 149)",rf,mean_squared_error,2.790414354316174,13349.233140816687
358,lstm200.32,"(0, 52, 119, 149)",lasso,mean_squared_error,662.2216364082415,5397.163240581984
359,lstm200.32,"(0, 52, 119, 149)",tree,mean_squared_error,744.7205274819682,6880.382845751828
360,lstm200.32,"(0, 52, 119, 149)",rf,mean_squared_error,442.6712644667848,10240.383650542204
361,rf,"(0, 52, 119, 149)",rf,mean_squared_error,173.28635496398718,2534.1716952785055
362,rf,"(0, 52, 119, 149)",lasso,mean_squared_error,280.86782919953384,2592.095459062475
363,rf,"(0, 52, 119, 149)",tree,mean_squared_error,318.9610240979516,3385.544190169495
364,arima,119,none,mse,1785.0,4830.0
365,dtree,"(0, 47, 119, 149)",rf,mean_squared_error,0.0,2130.5862068965516
366,dtree,"(0, 47, 119, 149)",lasso,mean_squared_error,0.3971631205673759,3808.5172413793102
367,dtree,"(0, 47, 119, 149)",tree,mean_squared_error,338.00862884160756,7065.808275862068
368,gru1k.16,"(0, 47, 119, 149)",lasso,mean_squared_error,259.5672078035286,6264.213139506273
369,gru1k.16,"(0, 47, 119, 149)",rf,mean_squared_error,21.341012878655555,9064.64828419422
370,gru1k.16,"(0, 47, 119, 149)",tree,mean_squared_error,782.648720912462,9961.02606597123
371,gru1k.64,"(0, 47, 119, 149)",lasso,mean_squared_error,389.12120661584345,2823.185788909415
372,gru1k.64,"(0, 47, 119, 149)",tree,mean_squared_error,677.9319682579508,5177.004998842391
373,gru1k.64,"(0, 47, 119, 149)",rf,mean_squared_error,2.8846180754357036,13834.83680426294
374,gru200.32,"(0, 47, 119, 149)",lasso,mean_squared_error,685.1733012826113,6157.540924354962
375,gru200.32,"(0, 47, 119, 149)",rf,mean_squared_error,431.5360677195317,10727.899224893576
376,gru200.32,"(0, 47, 119, 149)",tree,mean_squared_error,883.8326769147534,14187.004131833084
377,lm,"(0, 47, 119, 149)",tree,mean_squared_error,766.273363669321,3044.8934239755604
378,lm,"(0, 47, 119, 149)",lasso,mean_squared_error,669.6736380520797,12405.236260460502
379,lm,"(0, 47, 119, 149)",rf,mean_squared_error,4.906916241769643e-26,2474025.450785935
380,lstm1k.16,"(0, 47, 119, 149)",tree,mean_squared_error,669.1533372360183,3535.3579394383564
381,lstm1k.16,"(0, 47, 119, 149)",lasso,mean_squared_error,448.4964808325303,4499.977529431284
382,lstm1k.16,"(0, 47, 119, 149)",rf,mean_squared_error,4.010846483218979,19829.96304802892
383,lstm1k.64,"(0, 47, 119, 149)",lasso,mean_squared_error,359.7408089471753,4803.270944422617
384,lstm1k.64,"(0, 47, 119, 149)",tree,mean_squared_error,671.6032266982613,4951.518344188374
385,lstm1k.64,"(0, 47, 119, 149)",rf,mean_squared_error,1.702855532548014,16327.797777705344
386,lstm200.32,"(0, 47, 119, 149)",lasso,mean_squared_error,667.9726091070754,5318.887091890515
387,lstm200.32,"(0, 47, 119, 149)",tree,mean_squared_error,761.9825222895065,7024.160931876861
388,lstm200.32,"(0, 47, 119, 149)",rf,mean_squared_error,432.53608104162055,7981.809793694266
389,rf,"(0, 47, 119, 149)",rf,mean_squared_error,168.6145922592178,2022.1935548610397
390,rf,"(0, 47, 119, 149)",lasso,mean_squared_error,275.2173287187736,2880.7132680842333
391,rf,"(0, 47, 119, 149)",tree,mean_squared_error,342.5965254803412,3484.538901012478
392,arima,119,none,mse,1785.0,4830.0
393,dtree,"(0, 42, 119, 149)",rf,mean_squared_error,0.0,2753.7241379310344
394,dtree,"(0, 42, 119, 149)",lasso,mean_squared_error,0.10714285714285714,3715.344827586207
395,dtree,"(0, 42, 119, 149)",tree,mean_squared_error,266.59444444444443,7065.808275862068
396,gru1k.16,"(0, 42, 119, 149)",rf,mean_squared_error,10.557045688813863,6278.187958257634
397,gru1k.16,"(0, 42, 119, 149)",lasso,mean_squared_error,240.94006573913308,9475.424978759565
398,gru1k.16,"(0, 42, 119, 149)",tree,mean_squared_error,712.3238722612483,9880.865136884924
399,gru1k.64,"(0, 42, 119, 149)",rf,mean_squared_error,13.90069269707116,5389.3796791926125
400,gru1k.64,"(0, 42, 119, 149)",lasso,mean_squared_error,256.03120410167946,6087.850618615088
401,gru1k.64,"(0, 42, 119, 149)",tree,mean_squared_error,528.8451177279321,23319.20745609524
402,gru200.32,"(0, 42, 119, 149)",rf,mean_squared_error,292.6823488414576,3697.044362834494
403,gru200.32,"(0, 42, 119, 149)",lasso,mean_squared_error,578.3854577583427,6531.124452753578
404,gru200.32,"(0, 42, 119, 149)",tree,mean_squared_error,850.387474646315,15583.923160278464
405,lm,"(0, 42, 119, 149)",tree,mean_squared_error,674.2781607783265,3140.027959496298
406,lm,"(0, 42, 119, 149)",lasso,mean_squared_error,594.084120573933,6974.15573944453
407,lm,"(0, 42, 119, 149)",rf,mean_squared_error,2.5733995061289784e-26,533352.7408581234
408,lstm1k.16,"(0, 42, 119, 149)",lasso,mean_squared_error,361.8180433702267,5656.35852612258
409,lstm1k.16,"(0, 42, 119, 149)",tree,mean_squared_error,563.6241431633964,5965.293182837584
410,lstm1k.16,"(0, 42, 119, 149)",rf,mean_squared_error,3.8706547522618036,11726.21908558616
411,lstm1k.64,"(0, 42, 119, 149)",lasso,mean_squared_error,272.5200878743725,7411.687463278874
412,lstm1k.64,"(0, 42, 119, 149)",tree,mean_squared_error,556.385764965976,10572.796916665702
413,lstm1k.64,"(0, 42, 119, 149)",rf,mean_squared_error,22.366834619088053,15889.00486316182
414,lstm200.32,"(0, 42, 119, 149)",rf,mean_squared_error,397.6698091442287,3592.8878892420566
415,lstm200.32,"(0, 42, 119, 149)",lasso,mean_squared_error,587.3226270220088,5716.080867216256
416,lstm200.32,"(0, 42, 119, 149)",tree,mean_squared_error,711.0100419951847,7513.999678168735
417,rf,"(0, 42, 119, 149)",rf,mean_squared_error,105.41228071153111,2265.2919086522065
418,rf,"(0, 42, 119, 149)",lasso,mean_squared_error,226.7053709688876,3293.8576163400253
419,rf,"(0, 42, 119, 149)",tree,mean_squared_error,302.64355870117,3913.859781494581
420,arima,119,none,mse,1785.0,4830.0
421,dtree,"(0, 37, 119, 149)",rf,mean_squared_error,0.0,2042.4827586206898
422,dtree,"(0, 37, 119, 149)",lasso,mean_squared_error,0.12162162162162163,3641.551724137931
423,dtree,"(0, 37, 119, 149)",tree,mean_squared_error,212.97387387387386,7065.808275862068
424,gru1k.16,"(0, 37, 119, 149)",lasso,mean_squared_error,409.8624810894851,4735.302559664626
425,gru1k.16,"(0, 37, 119, 149)",rf,mean_squared_error,7.916121588327695,16001.057626708764
426,gru1k.16,"(0, 37, 119, 149)",tree,mean_squared_error,463.75883109676903,16805.36051822707
427,gru1k.64,"(0, 37, 119, 149)",lasso,mean_squared_error,226.08713494156285,7323.062471042555
428,gru1k.64,"(0, 37, 119, 149)",tree,mean_squared_error,447.18343646008196,9619.306519729831
429,gru1k.64,"(0, 37, 119, 149)",rf,mean_squared_error,2.2765978152448363,14091.817029553904
430,gru200.32,"(0, 37, 119, 149)",rf,mean_squared_error,244.35785368847584,2606.291764247472
431,gru200.32,"(0, 37, 119, 149)",lasso,mean_squared_error,513.5212109996875,6959.443054227536
432,gru200.32,"(0, 37, 119, 149)",tree,mean_squared_error,533.4790310596519,18099.390819537053
433,lm,"(0, 37, 119, 149)",lasso,mean_squared_error,490.45733016989715,6666.250845310444
434,lm,"(0, 37, 119, 149)",tree,mean_squared_error,461.96419464865374,10640.859900665951
435,lm,"(0, 37, 119, 149)",rf,mean_squared_error,6.0475356228143126e-27,279619.31541504787
436,lstm1k.16,"(0, 37, 119, 149)",lasso,mean_squared_error,354.7021055223949,7256.6953414770505
437,lstm1k.16,"(0, 37, 119, 149)",tree,mean_squared_error,434.69951353710445,7395.63717087526
438,lstm1k.16,"(0, 37, 119, 149)",rf,mean_squared_error,3.3989618200922034,8038.952826702566
439,lstm1k.64,"(0, 37, 119, 149)",rf,mean_squared_error,3.9710561276564524,2698.7753847643153
440,lstm1k.64,"(0, 37, 119, 149)",tree,mean_squared_error,437.0044477821982,5331.416781414854
441,lstm1k.64,"(0, 37, 119, 149)",lasso,mean_squared_error,305.9340697479988,8839.281028041174
442,lstm200.32,"(0, 37, 119, 149)",rf,mean_squared_error,304.689988359488,2374.225270011077
443,lstm200.32,"(0, 37, 119, 149)",lasso,mean_squared_error,518.3757633958578,6674.270436605952
444,lstm200.32,"(0, 37, 119, 149)",tree,mean_squared_error,471.0415551931774,9470.215122261157
445,rf,"(0, 37, 119, 149)",rf,mean_squared_error,81.15793968022324,3164.3297414742083
446,rf,"(0, 37, 119, 149)",lasso,mean_squared_error,189.21892407033118,4773.52614161259
447,rf,"(0, 37, 119, 149)",tree,mean_squared_error,234.72427830876796,5414.430010651179
448,arima,119,none,mse,1785.0,4830.0
449,dtree,"(0, 32, 119, 149)",rf,mean_squared_error,0.0,1844.9310344827586
450,dtree,"(0, 32, 119, 149)",lasso,mean_squared_error,0.0,7035.068965517241
451,dtree,"(0, 32, 119, 149)",tree,mean_squared_error,220.9125,7065.808275862068
452,gru1k.16,"(0, 32, 119, 149)",lasso,mean_squared_error,374.70984729530755,5154.107159274662
453,gru1k.16,"(0, 32, 119, 149)",rf,mean_squared_error,0.6921372585275094,11936.532074756245
454,gru1k.16,"(0, 32, 119, 149)",tree,mean_squared_error,459.2961835737151,20162.14600304966
455,gru1k.64,"(0, 32, 119, 149)",rf,mean_squared_error,0.9232736302656122,4196.675503289423
456,gru1k.64,"(0, 32, 119, 149)",lasso,mean_squared_error,147.14814281703002,8751.178538510785
457,gru1k.64,"(0, 32, 119, 149)",tree,mean_squared_error,449.5174990284286,14308.866116578947
458,gru200.32,"(0, 32, 119, 149)",rf,mean_squared_error,236.8281835304515,2595.662960011793
459,gru200.32,"(0, 32, 119, 149)",lasso,mean_squared_error,539.6133372658951,7319.368953634832
460,gru200.32,"(0, 32, 119, 149)",tree,mean_squared_error,533.2143043495016,18885.095867188717
461,lm,"(0, 32, 119, 149)",lasso,mean_squared_error,523.9429002334214,6661.17553440277
462,lm,"(0, 32, 119, 149)",tree,mean_squared_error,458.8322455060743,22573.014217452688
463,lm,"(0, 32, 119, 149)",rf,mean_squared_error,2.2996873109002936e-26,246783.85938923963
464,lstm1k.16,"(0, 32, 119, 149)",rf,mean_squared_error,0.7615874465845991,2375.674022134024
465,lstm1k.16,"(0, 32, 119, 149)",lasso,mean_squared_error,274.93190050208796,8600.423568992563
466,lstm1k.16,"(0, 32, 119, 149)",tree,mean_squared_error,441.81711521091347,10250.512063209128
467,lstm1k.64,"(0, 32, 119, 149)",rf,mean_squared_error,1.2317739308346063,4271.620180316374
468,lstm1k.64,"(0, 32, 119, 149)",tree,mean_squared_error,444.9353025536766,10227.588112741869
469,lstm1k.64,"(0, 32, 119, 149)",lasso,mean_squared_error,311.98200186598115,10362.065936892423
470,lstm200.32,"(0, 32, 119, 149)",rf,mean_squared_error,299.21362506216974,2427.2332529062405
471,lstm200.32,"(0, 32, 119, 149)",lasso,mean_squared_error,575.1016391787052,7072.60408178635
472,lstm200.32,"(0, 32, 119, 149)",tree,mean_squared_error,484.17147901529097,10015.496704520754
473,rf,"(0, 32, 119, 149)",rf,mean_squared_error,62.4239283129332,3905.865143471358
474,rf,"(0, 32, 119, 149)",tree,mean_squared_error,214.24337611309815,4896.567956540294
475,rf,"(0, 32, 119, 149)",lasso,mean_squared_error,149.41592414893964,5362.390154664104
476,arima,119,none,mse,1785.0,4830.0
477,dtree,"(0, 27, 119, 149)",rf,mean_squared_error,0.0,1937.6896551724137
478,dtree,"(0, 27, 119, 149)",tree,mean_squared_error,129.72654320987655,7065.808275862068
479,dtree,"(0, 27, 119, 149)",lasso,mean_squared_error,0.0,7801.241379310345
480,gru1k.16,"(0, 27, 119, 149)",lasso,mean_squared_error,347.5124519129491,4531.44062241765
481,gru1k.16,"(0, 27, 119, 149)",rf,mean_squared_error,0.1684685464931169,7924.652784879063
482,gru1k.16,"(0, 27, 119, 149)",tree,mean_squared_error,365.79304604530677,21602.020241191763
483,gru1k.64,"(0, 27, 119, 149)",lasso,mean_squared_error,105.92142806148708,7647.252091961487
484,gru1k.64,"(0, 27, 119, 149)",tree,mean_squared_error,340.63357518964307,16089.996193342786
485,gru1k.64,"(0, 27, 119, 149)",rf,mean_squared_error,2.285515263857734,33311.37220803735
486,gru200.32,"(0, 27, 119, 149)",rf,mean_squared_error,145.01579294552062,5283.919063083057
487,gru200.32,"(0, 27, 119, 149)",lasso,mean_squared_error,516.6212776442472,7373.949115645959
488,gru200.32,"(0, 27, 119, 149)",tree,mean_squared_error,451.32668138203144,19465.69202120479
489,lm,"(0, 27, 119, 149)",lasso,mean_squared_error,485.99267982447867,5629.99168041873
490,lm,"(0, 27, 119, 149)",tree,mean_squared_error,363.97734281163764,26426.103370166526
491,lm,"(0, 27, 119, 149)",rf,mean_squared_error,2.5819475862024843e-26,89414.11369997716
492,lstm1k.16,"(0, 27, 119, 149)",rf,mean_squared_error,0.3195953988642604,5338.998815847368
493,lstm1k.16,"(0, 27, 119, 149)",lasso,mean_squared_error,179.14711716791822,5948.519999243552
494,lstm1k.16,"(0, 27, 119, 149)",tree,mean_squared_error,347.31758923965714,10494.064300581484
495,lstm1k.64,"(0, 27, 119, 149)",lasso,mean_squared_error,155.0871447707975,6669.5614501641385
496,lstm1k.64,"(0, 27, 119, 149)",tree,mean_squared_error,344.59666196297405,10639.678321652491
497,lstm1k.64,"(0, 27, 119, 149)",rf,mean_squared_error,0.011984415050527011,19151.849528194085
498,lstm200.32,"(0, 27, 119, 149)",rf,mean_squared_error,186.63181691912555,2949.416788371922
499,lstm200.32,"(0, 27, 119, 149)",lasso,mean_squared_error,565.9535568677476,7327.012932258169
500,lstm200.32,"(0, 27, 119, 149)",tree,mean_squared_error,403.88285994477985,10428.937982723133
501,rf,"(0, 27, 119, 149)",rf,mean_squared_error,44.764596421488015,3043.355606202932
502,rf,"(0, 27, 119, 149)",lasso,mean_squared_error,106.1323089920201,4863.385178036072
503,rf,"(0, 27, 119, 149)",tree,mean_squared_error,145.46368318299346,5546.605183093932
504,arima,119,none,mse,1785.0,4830.0
505,dtree,"(0, 22, 119, 149)",lasso,mean_squared_error,0.0,2775.5862068965516
506,dtree,"(0, 22, 119, 149)",rf,mean_squared_error,0.0,3186.9655172413795
507,dtree,"(0, 22, 119, 149)",tree,mean_squared_error,148.48257575757575,7065.808275862068
508,gru1k.16,"(0, 22, 119, 149)",rf,mean_squared_error,0.021632058069702576,5968.047681943401
509,gru1k.16,"(0, 22, 119, 149)",lasso,mean_squared_error,302.7649908759631,8745.073123741027
510,gru1k.16,"(0, 22, 119, 149)",tree,mean_squared_error,314.614836679962,21762.89330001125
511,gru1k.64,"(0, 22, 119, 149)",lasso,mean_squared_error,109.91999084226237,9054.333600336679
512,gru1k.64,"(0, 22, 119, 149)",tree,mean_squared_error,310.5259544089415,19692.123661993843
513,gru1k.64,"(0, 22, 119, 149)",rf,mean_squared_error,0.00796879327390343,23582.338250053952
514,gru200.32,"(0, 22, 119, 149)",rf,mean_squared_error,116.16831391622227,3918.940180901117
515,gru200.32,"(0, 22, 119, 149)",lasso,mean_squared_error,383.8079936161468,11686.475934141998
516,gru200.32,"(0, 22, 119, 149)",tree,mean_squared_error,392.2344753392337,19695.777920744862
517,lm,"(0, 22, 119, 149)",lasso,mean_squared_error,326.97531639671803,4685.006768420892
518,lm,"(0, 22, 119, 149)",rf,mean_squared_error,7.343577881330146e-28,21975.284174284156
519,lm,"(0, 22, 119, 149)",tree,mean_squared_error,311.8437629008642,27913.304031066506
520,lstm1k.16,"(0, 22, 119, 149)",rf,mean_squared_error,4.0799406223761085,5286.596646443531
521,lstm1k.16,"(0, 22, 119, 149)",lasso,mean_squared_error,320.0038351778851,9674.99140880098
522,lstm1k.16,"(0, 22, 119, 149)",tree,mean_squared_error,296.61060461706734,13888.588461554224
523,lstm1k.64,"(0, 22, 119, 149)",rf,mean_squared_error,0.1955743988192725,8713.02460946137
524,lstm1k.64,"(0, 22, 119, 149)",lasso,mean_squared_error,337.3234706484205,10359.909767271958
525,lstm1k.64,"(0, 22, 119, 149)",tree,mean_squared_error,264.3369670913618,13671.7981408741
526,lstm200.32,"(0, 22, 119, 149)",rf,mean_squared_error,217.64231550411998,3057.688355766855
527,lstm200.32,"(0, 22, 119, 149)",tree,mean_squared_error,448.3502022864255,9964.340281559018
528,lstm200.32,"(0, 22, 119, 149)",lasso,mean_squared_error,432.0963653567332,10466.59349838763
529,rf,"(0, 22, 119, 149)",rf,mean_squared_error,51.535182627997955,4028.87420020605
530,rf,"(0, 22, 119, 149)",lasso,mean_squared_error,67.49288086889068,6375.14719452474
531,rf,"(0, 22, 119, 149)",tree,mean_squared_error,105.89322307154112,8013.774717573785
532,arima,119,none,mse,1785.0,4830.0
533,dtree,"(0, 17, 119, 149)",tree,mean_squared_error,67.89215686274508,9430.965517241379
534,dtree,"(0, 17, 119, 149)",lasso,mean_squared_error,0.0,10640.586206896553
535,dtree,"(0, 17, 119, 149)",rf,mean_squared_error,0.0,11286.965517241379
536,gru1k.16,"(0, 17, 119, 149)",lasso,mean_squared_error,70.54942585307393,12004.2123424727
537,gru1k.16,"(0, 17, 119, 149)",rf,mean_squared_error,0.0030352889888865106,16298.983400958421
538,gru1k.16,"(0, 17, 119, 149)",tree,mean_squared_error,213.07181429691778,17190.972733179133
539,gru1k.64,"(0, 17, 119, 149)",rf,mean_squared_error,0.014779775759533924,7876.050188855092
540,gru1k.64,"(0, 17, 119, 149)",lasso,mean_squared_error,60.38031128469362,9653.945324154723
541,gru1k.64,"(0, 17, 119, 149)",tree,mean_squared_error,210.43580015637804,11815.559842362823
542,gru200.32,"(0, 17, 119, 149)",lasso,mean_squared_error,157.33638493414037,15386.277179244584
543,gru200.32,"(0, 17, 119, 149)",rf,mean_squared_error,58.45752177980509,15890.288392844304
544,gru200.32,"(0, 17, 119, 149)",tree,mean_squared_error,225.30148830136065,20282.92494222515
545,lm,"(0, 17, 119, 149)",lasso,mean_squared_error,44.27507788379588,5250.633526718409
546,lm,"(0, 17, 119, 149)",tree,mean_squared_error,209.30379118437887,6302.142638747388
547,lm,"(0, 17, 119, 149)",rf,mean_squared_error,3.421243342360868e-27,6590.683059245362
548,lstm1k.16,"(0, 17, 119, 149)",rf,mean_squared_error,0.030204447766985085,5846.230713962762
549,lstm1k.16,"(0, 17, 119, 149)",tree,mean_squared_error,208.7644705080619,10447.467874553617
550,lstm1k.16,"(0, 17, 119, 149)",lasso,mean_squared_error,98.58830156799077,14651.229865735124
551,lstm1k.64,"(0, 17, 119, 149)",rf,mean_squared_error,0.08098993654472425,6137.124755161485
552,lstm1k.64,"(0, 17, 119, 149)",tree,mean_squared_error,209.58612598508924,9652.755778923261
553,lstm1k.64,"(0, 17, 119, 149)",lasso,mean_squared_error,121.52799964756431,16345.055102055603
554,lstm200.32,"(0, 17, 119, 149)",tree,mean_squared_error,232.93742631215548,10270.091904089746
555,lstm200.32,"(0, 17, 119, 149)",lasso,mean_squared_error,174.5805832574637,13019.209326214888
556,lstm200.32,"(0, 17, 119, 149)",rf,mean_squared_error,40.57313038432039,14918.391139071242
557,rf,"(0, 17, 119, 149)",lasso,mean_squared_error,41.55702071099951,9362.460235796589
558,rf,"(0, 17, 119, 149)",tree,mean_squared_error,50.700822876272284,9381.263452691664
559,rf,"(0, 17, 119, 149)",rf,mean_squared_error,11.761285991272999,10885.47020729454
