month,n,oil_raw,oil_lag1,oil_lag2,oil_lag3,oil_lag6,oil_lag12,ngf1_raw,ngf1_lag1,ngf1_lag2,ngf1_lag3,ngf1_lag6,ngf1_lag12,ngf2_raw,ngf2_lag1,ngf2_lag2,ngf2_lag3,ngf2_lag6,ngf2_lag12,bf90_raw,bf90_lag1,bf90_lag2,bf90_lag3,bf90_lag6,bf90_lag12,lhpi_raw,lhpi_lag1,lhpi_lag2,lhpi_lag3,lhpi_lag6,lhpi_lag12,shpi_raw,shpi_lag1,shpi_lag2,shpi_lag3,shpi_lag6,shpi_lag12,mfrm_raw,mfrm_lag1,mfrm_lag2,mfrm_lag3,mfrm_lag6,mfrm_lag12,lfrm_raw,lfrm_lag1,lfrm_lag2,lfrm_lag3,lfrm_lag6,lfrm_lag12,sfrm_raw,sfrm_lag1,sfrm_lag2,sfrm_lag3,sfrm_lag6,sfrm_lag12,unemployment_raw,unemployment_lag1,unemployment_lag2,unemployment_lag3,unemployment_lag6,unemployment_lag12,localrent_raw,localrent_lag1,localrent_lag2,localrent_lag3,localrent_lag6,localrent_lag12,durable_raw,durable_lag1,durable_lag2,durable_lag3,durable_lag6,durable_lag12,10yinf_raw,10yinf_lag1,10yinf_lag2,10yinf_lag3,10yinf_lag6,10yinf_lag12,kwhcost_raw,kwhcost_lag1,kwhcost_lag2,kwhcost_lag3,kwhcost_lag6,kwhcost_lag12,sentiment_raw,sentiment_lag1,sentiment_lag2,sentiment_lag3,sentiment_lag6,sentiment_lag12,new_units_raw,new_units_lag1,new_units_lag2,new_units_lag3,new_units_lag6,new_units_lag12,altsales_raw,altsales_lag1,altsales_lag2,altsales_lag3,altsales_lag6,altsales_lag12,totalsa_raw,totalsa_lag1,totalsa_lag2,totalsa_lag3,totalsa_lag6,totalsa_lag12,ltrucksa_raw,ltrucksa_lag1,ltrucksa_lag2,ltrucksa_lag3,ltrucksa_lag6,ltrucksa_lag12,miles_raw,miles_lag1,miles_lag2,miles_lag3,miles_lag6,miles_lag12,tmaturity_raw,tmaturity_lag1,tmaturity_lag2,tmaturity_lag3,tmaturity_lag6,tmaturity_lag12,carcpi_raw,carcpi_lag1,carcpi_lag2,carcpi_lag3,carcpi_lag6,carcpi_lag12,newhouses_raw,newhouses_lag1,newhouses_lag2,newhouses_lag3,newhouses_lag6,newhouses_lag12,GM_raw,GM_lag1,GM_lag2,GM_lag3,GM_lag6,GM_lag12,GM_v_raw,GM_v_lag1,GM_v_lag2,GM_v_lag3,GM_v_lag6,GM_v_lag12,FB_raw,FB_lag1,FB_lag2,FB_lag3,FB_lag6,FB_lag12,AN_raw,AN_lag1,AN_lag2,AN_lag3,AN_lag6,AN_lag12,AN_v_raw,AN_v_lag1,AN_v_lag2,AN_v_lag3,AN_v_lag6,AN_v_lag12,TSLA_raw,TSLA_lag1,TSLA_lag2,TSLA_lag3,TSLA_lag6,TSLA_lag12,TSLA_v_raw,TSLA_v_lag1,TSLA_v_lag2,TSLA_v_lag3,TSLA_v_lag6,TSLA_v_lag12,MZDAY_raw,MZDAY_lag1,MZDAY_lag2,MZDAY_lag3,MZDAY_lag6,MZDAY_lag12,MZDAY_v_raw,MZDAY_v_lag1,MZDAY_v_lag2,MZDAY_v_lag3,MZDAY_v_lag6,MZDAY_v_lag12,g_GM_raw,g_GM_lag1,g_GM_lag2,g_GM_lag3,g_GM_lag6,g_GM_lag12,g_car_raw,g_car_lag1,g_car_lag2,g_car_lag3,g_car_lag6,g_car_lag12,g_car_sales_near_me_raw,g_car_sales_near_me_lag1,g_car_sales_near_me_lag2,g_car_sales_near_me_lag3,g_car_sales_near_me_lag6,g_car_sales_near_me_lag12,g_best_new_cars_raw,g_best_new_cars_lag1,g_best_new_cars_lag2,g_best_new_cars_lag3,g_best_new_cars_lag6,g_best_new_cars_lag12
1,352,29.11,31.27,38.93,43.66,50.51,44.83,2.298,2.337,2.235,2.321,2.716,2.691,56,103,27,64,22,56,97.81,97.78,97.76,98.01,97.91,97.62,185.72183792,183.93869828,182.08619444,180.05793213,173.86241453,165.51601544,178.60739328,177.08619836,175.52822923,173.76230368,168.40848806,161.102642,3.07,3.24,3.18,2.98,3.17,2.98,3.79,4.01,3.95,3.76,3.98,3.66,2.9,3.08,3.01,2.89,2.95,2.86,4.8,5,5.1,5,5.2,5.7,319.199,317.693,316.409,315.144,308.817,303.499,226905,217474,223223,226032,230189,224061,1.42,1.51,1.57,1.5,1.82,1.61,0.103,0.102,0.102,0.102,0.102,0.096,92,92.6,91.3,90,93.1,98.1,3248.98473614892,2976.28324933963,3095.19258019914,2896.24524831461,3023.30036831614,3967.3307933376295,17.61,17.081,17.863,17.818,17.827,16.474,18.071,17.492,18.32,18.272,18.305,16.912,10.425,9.98,10.474,10.248,10.132,9.084,239679,259424,248843,268469,278372,233498,1.19,1.26,1.38,1.43,1.65,1.33,144.638,143.955,144.85,146.397,149.078,144.875,5.6,5.1,5.5,5.6,5.2,4.8,29.64,34.01,36.2,34.91,31.51,32.62,376807104,228926730,211953154,324318496,421897537,322791897,11.94,14.09,14.33,14.81,14.83,14.71,43.25,59.66,63.92,63.19,62.34,59.62,39619066,17266632,15208883,19192133,21259321,17281098,191.2,240.01,230.26,206.93,266.15,203.6,79247152,59852189,78487987,100854710,80060910,90121332,9.07,10.33,10.49,9.82,9.77,10.3,733038,2455531,528295,964573,991525,3553831,77,75,80,81,79,79,74,66,69,69,83,71,24,18,15,14,18,13,77,77,68,67,100,86
2,330,30.13,29.11,31.27,38.93,47.01,56.83,1.711,2.298,2.337,2.235,2.689,2.734,37,56,103,27,21,102,97.74,97.81,97.78,97.76,97.9,97.76,187.40812718,185.72183792,183.93869828,182.08619444,175.93857553,166.70448232,180.02937573,178.60739328,177.08619836,175.52822923,170.23675069,162.08776252,2.93,3.07,3.24,3.18,3.06,3.07,3.62,3.79,4.01,3.95,3.84,3.8,2.79,2.9,3.08,3.01,2.9,2.99,4.9,4.8,5,5.1,5.1,5.5,321.916,319.199,317.693,316.409,310.511,305.025,217371,226905,217474,223223,222647,218966,1.31,1.42,1.51,1.57,1.61,1.72,0.103,0.103,0.102,0.102,0.102,0.096,91.7,92,92.6,91.3,91.9,95.4,2923.24863313212,3248.98473614892,2976.28324933963,3095.19258019914,3604.50148695476,4624.848399903571,17.64,17.61,17.081,17.863,17.94,16.461,18.08,18.071,17.492,18.32,18.407,16.895,10.452,10.425,9.98,10.474,10.214,9.247,223011,239679,259424,248843,272209,217220,1.05,1.19,1.26,1.38,1.47,1.36,143.979,144.638,143.955,144.85,148.295,147.264,5.5,5.6,5.1,5.5,5,4.5,29.44,29.64,34.01,36.2,29.44,37.31,327501916,376807104,228926730,211953154,388156191,325763066,12.51,11.94,14.09,14.33,13.87,16.34,51.47,43.25,59.66,63.92,59.84,61.5,45371013,39619066,17266632,15208883,16721292,19888073,191.93,191.2,240.01,230.26,249.06,203.34,133705697,79247152,59852189,78487987,113858937,106717638,6.88,9.07,10.33,10.49,8.545,10.722,1159896,733038,2455531,528295,593595,703303,77,77,75,80,78,74,79,74,66,69,86,71,31,24,18,15,14,16,73,77,77,68,94,71
3,323,34.33,30.13,29.11,31.27,43.58,51.06,1.959,1.711,2.298,2.337,2.524,2.64,57,37,56,103,62,32,97.79,97.74,97.81,97.78,97.97,98.03,188.89622786,187.40812718,185.72183792,183.93869828,177.94589584,168.09946152,181.30546139,180.02937573,178.60739328,177.08619836,171.94330082,163.34638744,2.98,2.93,3.07,3.24,3.08,2.97,3.71,3.62,3.79,4.01,3.86,3.69,2.9,2.79,2.9,3.08,2.91,2.92,5,4.9,4.8,5,5,5.4,323.46,321.916,319.199,317.693,312.657,305.083,216899,217371,226905,217474,218738,227573,1.55,1.31,1.42,1.51,1.52,1.76,0.103,0.103,0.103,0.102,0.102,0.096,91,91.7,92,92.6,87.2,93,3511.37841536052,2923.24863313212,3248.98473614892,2976.28324933963,3352.75492292339,3249.00584664662,16.826,17.64,17.61,17.081,17.833,17.459,17.289,18.08,18.071,17.492,18.273,17.894,9.965,10.452,10.425,9.98,10.299,9.676,265147,223011,239679,259424,255090,258017,1.01,1.05,1.19,1.26,1.46,1.4,143.659,143.979,144.638,143.955,147.554,147.694,5.5,5.5,5.6,5.1,5.9,5.1,31.43,29.44,29.64,34.01,30.02,37.5,269313331,327501916,376807104,228926730,356102158,290497517,13.5,12.51,11.94,14.09,13.57,16.14,46.68,51.47,43.25,59.66,58.18,64.33,33490119,45371013,39619066,17266632,15890517,17527756,229.77,191.93,191.2,240.01,248.4,188.77,102729544,133705697,79247152,59852189,80218666,122990032,7.82,6.88,9.07,10.33,7.87,10.15,580369,1159896,733038,2455531,909760,1569940,79,77,77,75,82,75,82,79,74,66,73,72,30,31,24,18,16,11,76,73,77,77,74,78
4,369,42.7,34.33,30.13,29.11,43.66,62.21,2.178,1.959,1.711,2.298,2.321,2.751,82,57,37,56,64,185,97.91,97.79,97.74,97.81,98.01,97.86,190.46548833,188.89622786,187.40812718,185.72183792,180.05793213,169.46457778,182.64666364,181.30546139,180.02937573,178.60739328,173.76230368,164.54724352,2.89,2.98,2.93,3.07,2.98,2.94,3.66,3.71,3.62,3.79,3.76,3.68,2.86,2.9,2.79,2.9,2.89,2.85,5.1,5,4.9,4.8,5,5.4,323.89,323.46,321.916,319.199,315.144,304.919,228585,216899,217371,226905,226032,224339,1.62,1.55,1.31,1.42,1.5,1.86,0.106,0.103,0.103,0.103,0.102,0.098,89,91,91.7,92,90,95.9,3490.46704407018,3511.37841536052,2923.24863313212,3248.98473614892,2896.24524831461,2951.7205868247,17.247,16.826,17.64,17.61,17.818,17.249,17.665,17.289,18.08,18.071,18.272,17.689,10.408,9.965,10.452,10.425,10.248,9.733,269653,265147,223011,239679,268469,262817,1.04,1.01,1.05,1.19,1.43,1.4,145.475,143.659,143.979,144.638,146.397,148.404,5,5.5,5.5,5.6,5.6,4.9,31.8,31.43,29.44,29.64,34.91,35.06,249296092,269313331,327501916,376807104,324318496,397017858,13.56,13.5,12.51,11.94,14.81,15.8,50.65,46.68,51.47,43.25,63.19,61.55,40381923,33490119,45371013,39619066,19192133,16832592,240.76,229.77,191.93,191.2,206.93,226.05,135507264,102729544,133705697,79247152,100854710,98945034,7.85,7.82,6.88,9.07,9.82,9.75,17463390,580369,1159896,733038,964573,555937,73,79,77,77,81,75,76,82,79,74,69,71,27,30,31,24,14,10,75,76,73,77,67,90
5,392,45.15,42.7,34.33,30.13,38.93,60.47,2.288,2.178,1.959,1.711,2.235,2.642,180,82,57,37,27,88,98.01,97.91,97.79,97.74,97.76,97.87,192.32037012,190.46548833,188.89622786,187.40812718,182.08619444,170.71631874,184.28087151,182.64666364,181.30546139,180.02937573,175.52822923,165.64138613,2.89,2.89,2.98,2.93,3.18,3.11,3.64,3.66,3.71,3.62,3.95,3.87,2.87,2.86,2.9,2.79,3.01,2.9,4.8,5.1,5,4.9,5.1,5.6,325.611,323.89,323.46,321.916,316.409,306.838,221991,228585,216899,217371,223223,217332,1.6,1.62,1.55,1.31,1.57,1.87,0.108,0.106,0.103,0.103,0.102,0.098,94.7,89,91,91.7,91.3,90.7,3509.8090759362103,3490.46704407018,3511.37841536052,2923.24863313212,3095.19258019914,3100.10670655016,17.288,17.247,16.826,17.64,17.863,17.488,17.697,17.665,17.289,18.08,18.32,17.945,10.402,10.408,9.965,10.452,10.474,9.74,277972,269653,265147,223011,248843,270839,0.99,1.04,1.01,1.05,1.38,1.59,146.416,145.475,143.659,143.979,144.85,149.29,5.1,5,5.5,5.5,5.5,5,31.28,31.8,31.43,29.44,36.2,35.97,210036448,249296092,269313331,327501916,211953154,247974427,13.49,13.56,13.5,12.51,14.33,15.17,50.44,50.65,46.68,51.47,63.92,62.41,23858141,40381923,33490119,45371013,15208883,14719152,223.23,240.76,229.77,191.93,230.26,250.8,103313344,135507264,102729544,133705697,78487987,89127783,8.465,7.85,7.82,6.88,10.49,10.61,3889735,17463390,580369,1159896,528295,388306,77,73,79,77,80,74,83,76,82,79,69,76,33,27,30,31,15,10,72,75,76,73,68,79
6,329,46.27,45.15,42.7,34.33,31.27,58.79,2.924,2.288,2.178,1.959,2.337,2.832,30,180,82,57,103,72,98.12,98.01,97.91,97.79,97.78,97.89,194.04819307,192.32037012,190.46548833,188.89622786,183.93869828,172.08036301,185.79902259,184.28087151,182.64666364,181.30546139,177.08619836,166.83390844,2.78,2.89,2.89,2.98,3.24,3.21,3.48,3.64,3.66,3.71,4.01,4.02,2.7,2.87,2.86,2.9,3.08,2.98,4.9,4.8,5.1,5,5,5.3,327.301,325.611,323.89,323.46,317.693,308.007,209356,221991,228585,216899,217474,232766,1.47,1.6,1.62,1.55,1.51,1.86,0.108,0.108,0.106,0.103,0.102,0.102,93.5,94.7,89,91,92.6,96.1,4118.60126374791,3509.8090759362103,3490.46704407018,3511.37841536052,2976.28324933963,3336.71612057652,17.334,17.288,17.247,16.826,17.081,17.401,17.729,17.697,17.665,17.289,17.492,17.881,10.497,10.402,10.408,9.965,9.98,9.726,276991,277972,269653,265147,259424,270574,0.91,0.99,1.04,1.01,1.26,1.67,144.887,146.416,145.475,143.659,143.955,149.48,5.3,5.1,5,5.5,5.1,5.4,28.3,31.28,31.8,31.43,34.01,33.33,303545859,210036448,249296092,269313331,228926730,301968673,12.57,13.49,13.56,13.5,14.09,15.01,46.98,50.44,50.65,46.68,59.66,62.98,26540639,23858141,40381923,33490119,17266632,19762872,212.28,223.23,240.76,229.77,240.01,268.26,121687759,103313344,135507264,102729544,59852189,65473162,6.64,8.465,7.85,7.82,10.33,9.7,6558717,3889735,17463390,580369,2455531,255026,74,77,73,79,75,75,85,83,76,82,66,80,35,33,27,30,18,16,70,72,75,76,77,86
7,420,38.97,46.27,45.15,42.7,29.11,50.51,2.876,2.924,2.288,2.178,2.298,2.716,38,30,180,82,56,22,98.17,98.12,98.01,97.91,97.81,97.91,195.71031076,194.04819307,192.32037012,190.46548833,185.72183792,173.86241453,187.2566811,185.79902259,184.28087151,182.64666364,178.60739328,168.40848806,2.78,2.78,2.89,2.89,3.07,3.17,3.48,3.48,3.64,3.66,3.79,3.98,2.78,2.7,2.87,2.86,2.9,2.95,4.8,4.9,4.8,5.1,4.8,5.2,329.929,327.301,325.611,323.89,319.199,308.817,217997,209356,221991,228585,226905,230189,1.46,1.47,1.6,1.62,1.42,1.82,0.108,0.108,0.108,0.106,0.103,0.102,90,93.5,94.7,89,92,93.1,3423.3578243015995,4118.60126374791,3509.8090759362103,3490.46704407018,3248.98473614892,3023.30036831614,17.744,17.334,17.288,17.247,17.61,17.827,18.123,17.729,17.697,17.665,18.071,18.305,10.834,10.497,10.402,10.408,10.425,10.132,285160,276991,277972,269653,239679,278372,0.83,0.91,0.99,1.04,1.19,1.65,143.27,144.887,146.416,145.475,144.638,149.078,4.5,5.3,5.1,5,5.6,5.2,31.54,28.3,31.28,31.8,29.64,31.51,295967481,303545859,210036448,249296092,376807104,421897537,12.66,12.57,13.49,13.56,11.94,14.83,53.35,46.98,50.44,50.65,43.25,62.34,25137021,26540639,23858141,40381923,39619066,21259321,234.79,212.28,223.23,240.76,191.2,266.15,74068654,121687759,103313344,135507264,79247152,80060910,7.38,6.64,8.465,7.85,9.07,9.77,2954695,6558717,3889735,17463390,733038,991525,72,74,77,73,77,79,88,85,83,76,74,83,39,35,33,27,24,18,72,70,72,75,77,100
8,359,43.91,38.97,46.27,45.15,30.13,47.01,2.887,2.876,2.924,2.288,1.711,2.689,79,38,30,180,37,21,98.26,98.17,98.12,98.01,97.74,97.9,197.67419967,195.71031076,194.04819307,192.32037012,187.40812718,175.93857553,189.01483876,187.2566811,185.79902259,184.28087151,180.02937573,170.23675069,2.74,2.78,2.78,2.89,2.93,3.06,3.43,3.48,3.48,3.64,3.62,3.84,2.75,2.78,2.7,2.87,2.79,2.9,4.9,4.8,4.9,4.8,4.9,5.1,332.204,329.929,327.301,325.611,321.916,310.511,219140,217997,209356,221991,217371,222647,1.47,1.46,1.47,1.6,1.31,1.61,0.108,0.108,0.108,0.108,0.103,0.102,89.8,90,93.5,94.7,91.7,91.9,2476.00598329127,3423.3578243015995,4118.60126374791,3509.8090759362103,2923.24863313212,3604.50148695476,17.541,17.744,17.334,17.288,17.64,17.94,17.916,18.123,17.729,17.697,18.08,18.407,10.732,10.834,10.497,10.402,10.452,10.214,279213,285160,276991,277972,223011,272209,0.82,0.83,0.91,0.99,1.05,1.47,142.803,143.27,144.887,146.416,143.979,148.295,5,4.5,5.3,5.1,5.5,5,31.92,31.54,28.3,31.28,29.44,29.44,262301383,295967481,303545859,210036448,327501916,388156191,12.6,12.66,12.57,13.49,12.51,13.87,47.35,53.35,46.98,50.44,51.47,59.84,23977786,25137021,26540639,23858141,45371013,16721292,212.01,234.79,212.28,223.23,191.93,249.06,62291339,74068654,121687759,103313344,133705697,113858937,8.235,7.38,6.64,8.465,6.88,8.545,2007916,2954695,6558717,3889735,1159896,593595,70,72,74,77,77,78,83,88,85,83,79,86,33,39,35,33,31,14,72,72,70,72,73,94
9,368,44.63,43.91,38.97,46.27,34.33,43.58,2.906,2.887,2.876,2.924,1.959,2.524,75,79,38,30,57,62,98.29,98.26,98.17,98.12,97.79,97.97,199.62387442,197.67419967,195.71031076,194.04819307,188.89622786,177.94589584,190.74210874,189.01483876,187.2566811,185.79902259,181.30546139,171.94330082,2.72,2.74,2.78,2.78,2.98,3.08,3.42,3.43,3.48,3.48,3.71,3.86,2.81,2.75,2.78,2.7,2.9,2.91,5,4.9,4.8,4.9,5,5,333.947,332.204,329.929,327.301,323.46,312.657,216058,219140,217997,209356,216899,218738,1.51,1.47,1.46,1.47,1.55,1.52,0.108,0.108,0.108,0.108,0.103,0.102,91.2,89.8,90,93.5,91,87.2,4271.63993998293,2476.00598329127,3423.3578243015995,4118.60126374791,3511.37841536052,3352.75492292339,17.574,17.541,17.744,17.334,16.826,17.833,17.948,17.916,18.123,17.729,17.289,18.273,10.643,10.732,10.834,10.497,9.965,10.299,262039,279213,285160,276991,265147,255090,0.86,0.82,0.83,0.91,1.01,1.46,144.851,142.803,143.27,144.887,143.659,147.554,5.2,5,4.5,5.3,5.5,5.9,31.77,31.92,31.54,28.3,31.43,30.02,299326071,262301383,295967481,303545859,269313331,356102158,12.07,12.6,12.66,12.57,13.5,13.57,48.71,47.35,53.35,46.98,46.68,58.18,17778089,23977786,25137021,26540639,33490119,15890517,204.03,212.01,234.79,212.28,229.77,248.4,70644512,62291339,74068654,121687759,102729544,80218666,7.62,8.235,7.38,6.64,7.82,7.87,1903656,2007916,2954695,6558717,580369,909760,73,70,72,74,79,82,81,83,88,85,82,73,42,33,39,35,30,16,77,72,72,70,76,74
10,367,45.83,44.63,43.91,38.97,42.7,43.66,3.026,2.906,2.887,2.876,2.178,2.321,84,75,79,38,82,64,98.24,98.29,98.26,98.17,97.91,98.01,201.36615693,199.62387442,197.67419967,195.71031076,190.46548833,180.05793213,192.27456282,190.74210874,189.01483876,187.2566811,182.64666364,173.76230368,2.78,2.72,2.74,2.78,2.89,2.98,3.47,3.42,3.43,3.48,3.66,3.76,2.84,2.81,2.75,2.78,2.86,2.89,4.9,5,4.9,4.8,5.1,5,336.559,333.947,332.204,329.929,323.89,315.144,234217,216058,219140,217997,228585,226032,1.66,1.51,1.47,1.46,1.62,1.5,0.105,0.108,0.108,0.108,0.106,0.102,87.2,91.2,89.8,90,89,90,3990.90035774819,4271.63993998293,2476.00598329127,3423.3578243015995,3490.46704407018,2896.24524831461,17.606,17.574,17.541,17.744,17.247,17.818,17.967,17.948,17.916,18.123,17.665,18.272,10.973,10.643,10.732,10.834,10.408,10.248,275610,262039,279213,285160,269653,268469,0.92,0.86,0.82,0.83,1.04,1.43,142.217,144.851,142.803,143.27,145.475,146.397,5.2,5.2,5,4.5,5,5.6,31.6,31.77,31.92,31.54,31.8,34.91,244459157,299326071,262301383,295967481,249296092,324318496,11.74,12.07,12.6,12.66,13.56,14.81,43.87,48.71,47.35,53.35,50.65,63.19,18464132,17778089,23977786,25137021,40381923,19192133,197.73,204.03,212.01,234.79,240.76,206.93,92133590,70644512,62291339,74068654,135507264,100854710,8.18,7.62,8.235,7.38,7.85,9.82,1548795,1903656,2007916,2954695,17463390,964573,69,73,70,72,73,81,75,81,83,88,76,69,33,42,33,39,27,14,69,77,72,72,75,67
11,350,44.8,45.83,44.63,43.91,45.15,38.93,3.352,3.026,2.906,2.887,2.288,2.235,28,84,75,79,180,27,98.22,98.24,98.29,98.26,98.01,97.76,203.11719409,201.36615693,199.62387442,197.67419967,192.32037012,182.08619444,193.82771495,192.27456282,190.74210874,189.01483876,184.28087151,175.52822923,3.25,2.78,2.72,2.74,2.89,3.18,4.03,3.47,3.42,3.43,3.64,3.95,3.12,2.84,2.81,2.75,2.87,3.01,4.7,4.9,5,4.9,4.8,5.1,337.715,336.559,333.947,332.204,325.611,316.409,216703,234217,216058,219140,221991,223223,1.82,1.66,1.51,1.47,1.6,1.57,0.105,0.105,0.108,0.108,0.108,0.102,93.8,87.2,91.2,89.8,94.7,91.3,3702.860262646721,3990.90035774819,4271.63993998293,2476.00598329127,3509.8090759362103,3095.19258019914,17.411,17.606,17.574,17.541,17.288,17.863,17.785,17.967,17.948,17.916,17.697,18.32,10.714,10.973,10.643,10.732,10.402,10.474,255154,275610,262039,279213,277972,248843,1.16,0.92,0.86,0.82,0.99,1.38,139.975,142.217,144.851,142.803,146.416,144.85,5.2,5.2,5.2,5,5.1,5.5,34.53,31.6,31.77,31.92,31.28,36.2,314360678,244459157,299326071,262301383,210036448,211953154,11.96,11.74,12.07,12.6,13.49,14.33,44.66,43.87,48.71,47.35,50.44,63.92,23079426,18464132,17778089,23977786,23858141,15208883,189.4,197.73,204.03,212.01,223.23,230.26,98886097,92133590,70644512,62291339,103313344,78487987,8.19,8.18,7.62,8.235,8.465,10.49,2442303,1548795,1903656,2007916,3889735,528295,67,69,73,70,77,80,73,75,81,83,83,69,32,33,42,33,33,15,72,69,77,72,72,68
12,414,53.3,44.8,45.83,44.63,46.27,31.27,3.724,3.352,3.026,2.906,2.924,2.337,193,28,84,75,30,103,98.17,98.22,98.24,98.29,98.12,97.78,205.42592851,203.11719409,201.36615693,199.62387442,194.04819307,183.93869828,195.80018464,193.82771495,192.27456282,190.74210874,185.79902259,177.08619836,3.55,3.25,2.78,2.72,2.78,3.24,4.32,4.03,3.47,3.42,3.48,4.01,3.3,3.12,2.84,2.81,2.7,3.08,4.7,4.7,4.9,5,4.9,5,340.166,337.715,336.559,333.947,327.301,317.693,218450,216703,234217,216058,209356,217474,1.93,1.82,1.66,1.51,1.47,1.51,0.104,0.105,0.105,0.108,0.108,0.102,98.2,93.8,87.2,91.2,93.5,92.6,4073.6951829794702,3702.860262646721,3990.90035774819,4271.63993998293,4118.60126374791,2976.28324933963,17.906,17.411,17.606,17.574,17.334,17.081,18.279,17.785,17.967,17.948,17.729,17.492,11.084,10.714,10.973,10.643,10.497,9.98,264778,255154,275610,262039,276991,259424,1.29,1.16,0.92,0.86,0.91,1.26,139.457,139.975,142.217,144.851,144.887,143.955,5.4,5.2,5.2,5.2,5.3,5.1,34.84,34.53,31.6,31.77,28.3,34.01,310498596,314360678,244459157,299326071,303545859,228926730,12.13,11.96,11.74,12.07,12.57,14.09,48.65,44.66,43.87,48.71,46.98,59.66,18497339,23079426,18464132,17778089,26540639,17266632,213.69,189.4,197.73,204.03,212.28,240.01,87993345,98886097,92133590,70644512,121687759,59852189,8.13,8.19,8.18,7.62,6.64,10.33,2032812,2442303,1548795,1903656,6558717,2455531,65,67,69,73,74,75,77,73,75,81,85,66,35,32,33,42,35,18,78,72,69,77,70,77
13,339,52.19,53.3,44.8,45.83,38.97,29.11,3.117,3.724,3.352,3.026,2.876,2.298,44,193,28,84,38,56,98.22,98.17,98.22,98.24,98.17,97.81,207.79546711,205.42592851,203.11719409,201.36615693,195.71031076,185.72183792,197.84808799,195.80018464,193.82771495,192.27456282,187.2566811,178.60739328,3.4,3.55,3.25,2.78,2.78,3.07,4.19,4.32,4.03,3.47,3.48,3.79,3.2,3.3,3.12,2.84,2.78,2.9,4.7,4.7,4.7,4.9,4.8,4.8,341.841,340.166,337.715,336.559,329.929,319.199,218011,218450,216703,234217,217997,226905,2.01,1.93,1.82,1.66,1.46,1.42,0.106,0.104,0.105,0.105,0.108,0.103,98.5,98.2,93.8,87.2,90,92,3479.7331390393,4073.6951829794702,3702.860262646721,3990.90035774819,3423.3578243015995,3248.98473614892,17.27,17.906,17.411,17.606,17.744,17.61,17.635,18.279,17.785,17.967,18.123,18.071,11.008,11.084,10.714,10.973,10.834,10.425,242600,264778,255154,275610,285160,239679,1.22,1.29,1.16,0.92,0.83,1.19,138.761,139.457,139.975,142.217,143.27,144.638,5.4,5.4,5.2,5.2,4.5,5.6,36.61,34.84,34.53,31.6,31.54,29.64,287447177,310498596,314360678,244459157,295967481,376807104,12.36,12.13,11.96,11.74,12.66,11.94,53.12,48.65,44.66,43.87,53.35,43.25,18467582,18497339,23079426,18464132,25137021,39619066,251.93,213.69,189.4,197.73,234.79,191.2,100683220,87993345,98886097,92133590,74068654,79247152,7.295,8.13,8.19,8.18,7.38,9.07,1794491,2032812,2442303,1548795,2954695,733038,70,65,67,69,72,77,80,77,73,75,88,74,38,35,32,33,39,24,75,78,72,69,72,77
14,347,53.4,52.19,53.3,44.8,43.91,30.13,2.774,3.117,3.724,3.352,2.887,1.711,263,44,193,28,79,37,98.22,98.22,98.17,98.22,98.26,97.74,210.11986739,207.79546711,205.42592851,203.11719409,197.67419967,187.40812718,199.7760782,197.84808799,195.80018464,193.82771495,189.01483876,180.02937573,3.37,3.4,3.55,3.25,2.74,2.93,4.16,4.19,4.32,4.03,3.43,3.62,3.16,3.2,3.3,3.12,2.75,2.79,4.6,4.7,4.7,4.7,4.9,4.9,342.428,341.841,340.166,337.715,332.204,321.916,221815,218011,218450,216703,219140,217371,2.02,2.01,1.93,1.82,1.47,1.31,0.106,0.106,0.104,0.105,0.108,0.103,96.3,98.5,98.2,93.8,89.8,91.7,3657.47804977865,3479.7331390393,4073.6951829794702,3702.860262646721,2476.00598329127,2923.24863313212,17.446,17.27,17.906,17.411,17.541,17.64,17.833,17.635,18.279,17.785,17.916,18.08,11.161,11.008,11.084,10.714,10.732,10.452,225644,242600,264778,255154,279213,223011,1.22,1.22,1.29,1.16,0.82,1.05,138.713,138.761,139.457,139.975,142.803,143.979,5.3,5.4,5.4,5.2,5,5.5,36.84,36.61,34.84,34.53,31.92,29.44,262935292,287447177,310498596,314360678,262301383,327501916,12.53,12.36,12.13,11.96,12.6,12.51,45.9,53.12,48.65,44.66,47.35,51.47,22825329,18467582,18497339,23079426,23977786,45371013,249.99,251.93,213.69,189.4,212.01,191.93,119540302,100683220,87993345,98886097,62291339,133705697,6.93,7.295,8.13,8.19,8.235,6.88,1995743,1794491,2032812,2442303,2007916,1159896,72,70,65,67,70,77,77,80,77,73,83,79,50,38,35,32,33,31,76,75,78,72,72,73
15,403,50.43,53.4,52.19,53.3,44.63,34.33,3.19,2.774,3.117,3.724,2.906,1.959,27,263,44,193,75,57,98.22,98.22,98.22,98.17,98.29,97.79,212.96668764,210.11986739,207.79546711,205.42592851,199.62387442,188.89622786,202.20038732,199.7760782,197.84808799,195.80018464,190.74210874,181.30546139,3.39,3.37,3.4,3.55,2.72,2.98,4.14,4.16,4.19,4.32,3.42,3.71,3.18,3.16,3.2,3.3,2.81,2.9,4.4,4.6,4.7,4.7,5,5,343.797,342.428,341.841,340.166,333.947,323.46,221965,221815,218011,218450,216058,216899,1.99,2.02,2.01,1.93,1.51,1.55,0.106,0.106,0.106,0.104,0.108,0.103,96.9,96.3,98.5,98.2,91.2,91,3200.26043827063,3657.47804977865,3479.7331390393,4073.6951829794702,4271.63993998293,3511.37841536052,16.604,17.446,17.27,17.906,17.574,16.826,16.995,17.833,17.635,18.279,17.948,17.289,10.514,11.161,11.008,11.084,10.643,9.965,268343,225644,242600,264778,262039,265147,1.17,1.22,1.22,1.29,0.86,1.01,139.232,138.713,138.761,139.457,144.851,143.659,5,5.3,5.4,5.4,5.2,5.5,35.36,36.84,36.61,34.84,31.77,31.43,397939019,262935292,287447177,310498596,299326071,269313331,11.64,12.53,12.36,12.13,12.07,13.5,42.29,45.9,53.12,48.65,48.71,46.68,23035879,22825329,18467582,18497339,17778089,33490119,278.3,249.99,251.93,213.69,204.03,229.77,107048530,119540302,100683220,87993345,70644512,102729544,7.18,6.93,7.295,8.13,7.62,7.82,2652600,1995743,1794491,2032812,1903656,580369,74,72,70,65,73,79,85,77,80,77,81,82,41,50,38,35,42,30,76,76,75,78,77,76
16,363,49.33,50.43,53.4,52.19,45.83,42.7,3.275,3.19,2.774,3.117,3.026,2.178,40,27,263,44,84,82,98.28,98.22,98.22,98.22,98.24,97.91,215.54238403,212.96668764,210.11986739,207.79546711,201.36615693,190.46548833,204.35460243,202.20038732,199.7760782,197.84808799,192.27456282,182.64666364,3.27,3.39,3.37,3.4,2.78,2.89,4.03,4.14,4.16,4.19,3.47,3.66,3.12,3.18,3.16,3.2,2.84,2.86,4.4,4.4,4.6,4.7,4.9,5.1,344.915,343.797,342.428,341.841,336.559,323.89,222025,221965,221815,218011,234217,228585,1.91,1.99,2.02,2.01,1.66,1.62,0.111,0.106,0.106,0.106,0.105,0.106,97,96.9,96.3,98.5,87.2,89,3632.58708793205,3200.26043827063,3657.47804977865,3479.7331390393,3990.90035774819,3490.46704407018,16.798,16.604,17.446,17.27,17.606,17.247,17.214,16.995,17.833,17.635,17.967,17.665,10.605,10.514,11.161,11.008,10.973,10.408,272864,268343,225644,242600,275610,269653,1.06,1.17,1.22,1.22,0.92,1.04,138.596,139.232,138.713,138.761,142.217,145.475,5.4,5,5.3,5.4,5.2,5,34.64,35.36,36.84,36.61,31.6,31.8,249119858,397939019,262935292,287447177,244459157,249296092,11.47,11.64,12.53,12.36,11.74,13.56,42,42.29,45.9,53.12,43.87,50.65,33487992,23035879,22825329,18467582,18464132,40381923,314.07,278.3,249.99,251.93,197.73,240.76,116249563,107048530,119540302,100683220,92133590,135507264,7.37,7.18,6.93,7.295,8.18,7.85,2716735,2652600,1995743,1794491,1548795,17463390,75,74,72,70,69,73,83,85,77,80,75,76,44,41,50,38,33,27,75,76,76,75,69,75
17,416,48.69,49.33,50.43,53.4,44.8,45.15,3.07,3.275,3.19,2.774,3.352,2.288,71,40,27,263,28,180,98.28,98.28,98.22,98.22,98.22,98.01,217.75694332,215.54238403,212.96668764,210.11986739,203.11719409,192.32037012,206.17839642,204.35460243,202.20038732,199.7760782,193.82771495,184.28087151,3.19,3.27,3.39,3.37,3.25,2.89,3.95,4.03,4.14,4.16,4.03,3.64,3.07,3.12,3.18,3.16,3.12,2.87,4.4,4.4,4.4,4.6,4.7,4.8,347.695,344.915,343.797,342.428,337.715,325.611,222398,222025,221965,221815,216703,221991,1.83,1.91,1.99,2.02,1.82,1.6,0.112,0.111,0.106,0.106,0.105,0.108,97.1,97,96.9,96.3,93.8,94.7,3763.2775248213793,3632.58708793205,3200.26043827063,3657.47804977865,3702.860262646721,3509.8090759362103,16.751,16.798,16.604,17.446,17.411,17.288,17.158,17.214,16.995,17.833,17.785,17.697,10.708,10.605,10.514,11.161,10.714,10.402,281264,272864,268343,225644,255154,277972,1,1.06,1.17,1.22,1.16,0.99,138.601,138.596,139.232,138.713,139.975,146.416,5.1,5.4,5,5.3,5.2,5.1,33.93,34.64,35.36,36.84,34.53,31.28,320716494,249119858,397939019,262935292,314360678,210036448,11.12,11.47,11.64,12.53,11.96,13.49,39.52,42,42.29,45.9,44.66,50.44,29009122,33487992,23035879,22825329,23079426,23858141,341.01,314.07,278.3,249.99,189.4,223.23,145440756,116249563,107048530,119540302,98886097,103313344,6.79,7.37,7.18,6.93,8.19,8.465,2313322,2716735,2652600,1995743,2442303,3889735,73,75,74,72,67,77,93,83,85,77,73,83,55,44,41,50,32,33,80,75,76,76,72,72
18,327,45.63,48.69,49.33,50.43,53.3,46.27,3.035,3.07,3.275,3.19,3.724,2.924,57,71,40,27,193,30,98.26,98.28,98.28,98.22,98.17,98.12,220.28635404,217.75694332,215.54238403,212.96668764,205.42592851,194.04819307,208.31137754,206.17839642,204.35460243,202.20038732,195.80018464,185.79902259,3.17,3.19,3.27,3.39,3.55,2.78,3.88,3.95,4.03,4.14,4.32,3.48,3.17,3.07,3.12,3.18,3.3,2.7,4.3,4.4,4.4,4.4,4.7,4.9,349.889,347.695,344.915,343.797,340.166,327.301,238347,222398,222025,221965,218450,209356,1.73,1.83,1.91,1.99,1.93,1.47,0.112,0.112,0.111,0.106,0.104,0.108,95,97.1,97,96.9,98.2,93.5,3627.3960679806105,3763.2775248213793,3632.58708793205,3200.26043827063,4073.6951829794702,4118.60126374791,16.816,16.751,16.798,16.604,17.906,17.334,17.236,17.158,17.214,16.995,18.279,17.729,10.935,10.708,10.605,10.514,11.084,10.497,280290,281264,272864,268343,264778,276991,0.85,1,1.06,1.17,1.29,0.91,137.691,138.601,138.596,139.232,139.457,144.887,5.3,5.1,5.4,5,5.4,5.3,34.93,33.93,34.64,35.36,34.84,28.3,258917993,320716494,249119858,397939019,310498596,303545859,11.19,11.12,11.47,11.64,12.13,12.57,42.16,39.52,42,42.29,48.65,46.98,28602201,29009122,33487992,23035879,18497339,26540639,361.61,341.01,314.07,278.3,213.69,212.28,183792656,145440756,116249563,107048530,87993345,121687759,6.97,6.79,7.37,7.18,8.13,6.64,3100272,2313322,2716735,2652600,2032812,6558717,70,73,75,74,65,74,94,93,83,85,77,85,51,55,44,41,35,35,79,80,75,76,78,70
19,380,49.97,45.63,48.69,49.33,52.19,38.97,2.794,3.035,3.07,3.275,3.117,2.876,79,57,71,40,44,38,98.29,98.26,98.28,98.28,98.22,98.17,222.5567783,220.28635404,217.75694332,215.54238403,207.79546711,195.71031076,210.23361428,208.31137754,206.17839642,204.35460243,197.84808799,187.2566811,3.2,3.17,3.19,3.27,3.4,2.78,3.92,3.88,3.95,4.03,4.19,3.48,3.18,3.17,3.07,3.12,3.2,2.78,4.3,4.3,4.4,4.4,4.7,4.8,352.595,349.889,347.695,344.915,341.841,329.929,218978,238347,222398,222025,218011,217997,1.77,1.73,1.83,1.91,2.01,1.46,0.112,0.112,0.112,0.111,0.106,0.108,93.4,95,97.1,97,98.5,90,3798.6684518897,3627.3960679806105,3763.2775248213793,3632.58708793205,3479.7331390393,3423.3578243015995,16.844,16.816,16.751,16.798,17.27,17.744,17.253,17.236,17.158,17.214,17.635,18.123,10.851,10.935,10.708,10.605,11.008,10.834,288566,280290,281264,272864,242600,285160,0.95,0.85,1,1.06,1.22,0.83,136.872,137.691,138.601,138.596,138.761,143.27,5.8,5.3,5.1,5.4,5.4,4.5,35.98,34.93,33.93,34.64,36.61,31.54,202440408,258917993,320716494,249119858,287447177,295967481,11.22,11.19,11.12,11.47,12.36,12.66,42.38,42.16,39.52,42,53.12,53.35,23402892,28602201,29009122,33487992,18467582,25137021,323.47,361.61,341.01,314.07,251.93,234.79,180152458,183792656,145440756,116249563,100683220,74068654,7.51,6.97,6.79,7.37,7.295,7.38,2094105,3100272,2313322,2716735,1794491,2954695,68,70,73,75,70,72,93,94,93,83,80,88,52,51,55,44,38,39,84,79,80,75,75,72
20,361,49.36,49.97,45.63,48.69,53.4,43.91,3.04,2.794,3.035,3.07,2.774,2.887,70,79,57,71,263,79,98.25,98.29,98.26,98.28,98.22,98.26,224.60748726,222.5567783,220.28635404,217.75694332,210.11986739,197.67419967,211.97127025,210.23361428,208.31137754,206.17839642,199.7760782,189.01483876,3.12,3.2,3.17,3.19,3.37,2.74,3.82,3.92,3.88,3.95,4.16,3.43,3.14,3.18,3.17,3.07,3.16,2.75,4.4,4.3,4.3,4.4,4.6,4.9,354.637,352.595,349.889,347.695,342.428,332.204,223602,218978,238347,222398,221815,219140,1.78,1.77,1.73,1.83,2.02,1.47,0.112,0.112,0.112,0.112,0.106,0.108,96.8,93.4,95,97.1,96.3,89.8,4066.45037015684,3798.6684518897,3627.3960679806105,3763.2775248213793,3657.47804977865,2476.00598329127,16.642,16.844,16.816,16.751,17.446,17.541,17.067,17.253,17.236,17.158,17.833,17.916,10.658,10.851,10.935,10.708,11.161,10.732,282558,288566,280290,281264,225644,279213,0.87,0.95,0.85,1,1.22,0.82,136.875,136.872,137.691,138.601,138.713,142.803,6.1,5.8,5.3,5.1,5.3,5,36.54,35.98,34.93,33.93,36.84,31.92,191774490,202440408,258917993,320716494,262935292,262301383,11.03,11.22,11.19,11.12,12.53,12.6,45.37,42.38,42.16,39.52,45.9,47.35,54917161,23402892,28602201,29009122,22825329,23977786,355.9,323.47,361.61,341.01,249.99,212.01,132609393,180152458,183792656,145440756,119540302,62291339,7.33,7.51,6.97,6.79,6.93,8.235,2189114,2094105,3100272,2313322,1995743,2007916,69,68,70,73,72,70,88,93,94,93,77,83,57,52,51,55,50,33,82,84,79,80,76,72
21,398,55.2,49.36,49.97,45.63,50.43,44.63,3.007,3.04,2.794,3.035,3.19,2.906,26,70,79,57,27,75,98.22,98.25,98.29,98.26,98.22,98.29,226.94846027,224.60748726,222.5567783,220.28635404,212.96668764,199.62387442,213.99153798,211.97127025,210.23361428,208.31137754,202.20038732,190.74210874,3.13,3.12,3.2,3.17,3.39,2.72,3.83,3.82,3.92,3.88,4.14,3.42,3.2,3.14,3.18,3.17,3.18,2.81,4.3,4.4,4.3,4.3,4.4,5,357.257,354.637,352.595,349.889,343.797,333.947,228198,223602,218978,238347,221965,216058,1.83,1.78,1.77,1.73,1.99,1.51,0.112,0.112,0.112,0.112,0.106,0.108,95.1,96.8,93.4,95,96.9,91.2,3317.5423454771803,4066.45037015684,3798.6684518897,3627.3960679806105,3200.26043827063,4271.63993998293,17.908,16.642,16.844,16.816,16.604,17.574,18.331,17.067,17.253,17.236,16.995,17.948,11.525,10.658,10.851,10.935,10.514,10.643,265212,282558,288566,280290,268343,262039,0.82,0.87,0.95,0.85,1.17,0.86,135.033,136.875,136.872,137.691,139.232,144.851,5.3,6.1,5.8,5.3,5,5.2,40.38,36.54,35.98,34.93,35.36,31.77,265249552,191774490,202440408,258917993,397939019,299326071,11.97,11.03,11.22,11.19,11.64,12.07,47.46,45.37,42.38,42.16,42.29,48.71,24658310,54917161,23402892,28602201,23035879,17778089,341.1,355.9,323.47,361.61,278.3,204.03,110620352,132609393,180152458,183792656,107048530,70644512,7.62,7.33,7.51,6.97,7.18,7.62,1545698,2189114,2094105,3100272,2652600,1903656,70,69,68,70,74,73,81,88,93,94,85,81,52,57,52,51,41,42,83,82,84,79,76,77
22,330,58.53,55.2,49.36,49.97,49.33,45.83,2.896,3.007,3.04,2.794,3.275,3.026,49,26,70,79,40,84,98.28,98.22,98.25,98.29,98.28,98.24,229.38930317,226.94846027,224.60748726,222.5567783,215.54238403,201.36615693,216.11858573,213.99153798,211.97127025,210.23361428,204.35460243,192.27456282,3.25,3.13,3.12,3.2,3.27,2.78,3.94,3.83,3.82,3.92,4.03,3.47,3.21,3.2,3.14,3.18,3.12,2.84,4.2,4.3,4.4,4.3,4.4,4.9,359.278,357.257,354.637,352.595,344.915,336.559,229757,228198,223602,218978,222025,234217,1.86,1.83,1.78,1.77,1.91,1.66,0.109,0.112,0.112,0.112,0.111,0.105,100.7,95.1,96.8,93.4,97,87.2,4352.7457098653,3317.5423454771803,4066.45037015684,3798.6684518897,3632.58708793205,3990.90035774819,17.909,17.908,16.642,16.844,16.798,17.606,18.334,18.331,17.067,17.253,17.214,17.967,11.71,11.525,10.658,10.851,10.605,10.973,278888,265212,282558,288566,272864,275610,0.81,0.82,0.87,0.95,1.06,0.92,137.803,135.033,136.875,136.872,138.596,142.217,5.5,5.3,6.1,5.8,5.4,5.2,42.98,40.38,36.54,35.98,34.64,31.6,350954575,265249552,191774490,202440408,249119858,244459157,12.27,11.97,11.03,11.22,11.47,11.74,47.4,47.46,45.37,42.38,42,43.87,18060828,24658310,54917161,23402892,33487992,18464132,331.53,341.1,355.9,323.47,314.07,197.73,121524280,110620352,132609393,180152458,116249563,92133590,7.16,7.62,7.33,7.51,7.37,8.18,28163046,1545698,2189114,2094105,2716735,1548795,74,70,69,68,75,69,82,81,88,93,83,75,56,52,57,52,44,33,80,83,82,84,75,69
23,413,61.06,58.53,55.2,49.36,48.69,44.8,3.025,2.896,3.007,3.04,3.07,3.352,147,49,26,70,71,28,98.25,98.28,98.22,98.25,98.28,98.22,231.91531984,229.38930317,226.94846027,224.60748726,217.75694332,203.11719409,218.38958888,216.11858573,213.99153798,211.97127025,206.17839642,193.82771495,3.3,3.25,3.13,3.12,3.19,3.25,3.9,3.94,3.83,3.82,3.95,4.03,3.32,3.21,3.2,3.14,3.07,3.12,4.2,4.2,4.3,4.4,4.4,4.7,363.236,359.278,357.257,354.637,347.695,337.715,229646,229757,228198,223602,222398,216703,1.85,1.86,1.83,1.78,1.83,1.82,0.109,0.109,0.112,0.112,0.112,0.105,98.5,100.7,95.1,96.8,97.1,93.8,4025.00510050758,4352.7457098653,3317.5423454771803,4066.45037015684,3763.2775248213793,3702.860262646721,17.47,17.909,17.908,16.642,16.751,17.411,17.914,18.334,18.331,17.067,17.158,17.785,11.456,11.71,11.525,10.658,10.708,10.714,258159,278888,265212,282558,281264,255154,0.65,0.81,0.82,0.87,1,1.16,138.261,137.803,135.033,136.875,138.601,139.975,4.8,5.5,5.3,6.1,5.1,5.2,43.09,42.98,40.38,36.54,33.93,34.53,261251249,350954575,265249552,191774490,320716494,314360678,12.52,12.27,11.97,11.03,11.12,11.96,55.37,47.4,47.46,45.37,39.52,44.66,25861482,18060828,24658310,54917161,29009122,23079426,308.85,331.53,341.1,355.9,341.01,189.4,146728325,121524280,110620352,132609393,145440756,98886097,6.688,7.16,7.62,7.33,6.79,8.19,1522030,28163046,1545698,2189114,2313322,2442303,64,74,70,69,73,67,80,82,81,88,93,73,50,56,52,57,55,32,78,80,83,82,80,72
24,466,64.47,61.06,58.53,55.2,45.63,53.3,2.953,3.025,2.896,3.007,3.035,3.724,214,147,49,26,57,193,98.22,98.25,98.28,98.22,98.26,98.17,234.28805191,231.91531984,229.38930317,226.94846027,220.28635404,205.42592851,220.52479346,218.38958888,216.11858573,213.99153798,208.31137754,195.80018464,3.44,3.3,3.25,3.13,3.17,3.55,3.99,3.9,3.94,3.83,3.88,4.32,3.47,3.32,3.21,3.2,3.17,3.3,4.1,4.2,4.2,4.3,4.3,4.7,365.801,363.236,359.278,357.257,349.889,340.166,239903,229646,229757,228198,238347,218450,1.9,1.85,1.86,1.83,1.73,1.93,0.109,0.109,0.109,0.112,0.112,0.104,95.9,98.5,100.7,95.1,95,98.2,3528.94117380089,4025.00510050758,4352.7457098653,3317.5423454771803,3627.3960679806105,4073.6951829794702,17.343,17.47,17.909,17.908,16.816,17.906,17.801,17.914,18.334,18.331,17.236,18.279,11.599,11.456,11.71,11.525,10.935,11.084,267958,258159,278888,265212,280290,264778,0.56,0.65,0.81,0.82,0.85,1.29,138.123,138.261,137.803,135.033,137.691,139.457,5.6,4.8,5.5,5.3,5.3,5.4,40.99,43.09,42.98,40.38,34.93,34.84,225927842,261251249,350954575,265249552,258917993,310498596,12.49,12.52,12.27,11.97,11.19,12.13,51.33,55.37,47.4,47.46,42.16,48.65,15622441,25861482,18060828,24658310,28602201,18497339,311.35,308.85,331.53,341.1,361.61,213.69,109078772,146728325,121524280,110620352,183792656,87993345,6.64,6.688,7.16,7.62,6.97,8.13,1104789,1522030,28163046,1545698,3100272,2032812,67,64,74,70,70,65,78,80,82,81,94,77,50,50,56,52,51,35,74,78,80,83,79,78
25,326,66.28,64.47,61.06,58.53,49.97,52.19,2.995,2.953,3.025,2.896,2.794,3.117,135,214,147,49,79,44,98.24,98.22,98.25,98.28,98.29,98.22,236.51026259,234.28805191,231.91531984,229.38930317,222.5567783,207.79546711,222.68046308,220.52479346,218.38958888,216.11858573,210.23361428,197.84808799,3.62,3.44,3.3,3.25,3.2,3.4,4.15,3.99,3.9,3.94,3.92,4.19,3.52,3.47,3.32,3.21,3.18,3.2,4,4.1,4.2,4.2,4.3,4.7,366.628,365.801,363.236,359.278,352.595,341.841,225906,239903,229646,229757,218978,218011,2.04,1.9,1.85,1.86,1.77,2.01,0.111,0.109,0.109,0.109,0.112,0.106,95.7,95.9,98.5,100.7,93.4,98.5,3486.67413709849,3528.94117380089,4025.00510050758,4352.7457098653,3798.6684518897,3479.7331390393,17.072,17.343,17.47,17.909,16.844,17.27,17.492,17.801,17.914,18.334,17.253,17.635,11.617,11.599,11.456,11.71,10.851,11.008,244736,267958,258159,278888,288566,242600,0.55,0.56,0.65,0.81,0.95,1.22,138.416,138.123,138.261,137.803,136.872,138.761,5.7,5.6,4.8,5.5,5.8,5.4,42.41,40.99,43.09,42.98,35.98,36.61,265777865,225927842,261251249,350954575,202440408,287447177,10.97,12.49,12.52,12.27,11.22,12.36,60.22,51.33,55.37,47.4,42.38,53.12,21265643,15622441,25861482,18060828,23402892,18467582,354.31,311.35,308.85,331.53,323.47,251.93,122930471,109078772,146728325,121524280,180152458,100683220,7.03,6.64,6.688,7.16,7.51,7.295,684087,1104789,1522030,28163046,2094105,1794491,74,67,64,74,68,70,83,78,80,82,93,80,58,50,50,56,52,38,74,74,78,80,84,75
26,338,63.97,66.28,64.47,61.06,49.36,53.4,2.667,2.995,2.953,3.025,3.04,2.774,60,135,214,147,70,263,98.19,98.24,98.22,98.25,98.25,98.22,238.8066202,236.51026259,234.28805191,231.91531984,224.60748726,210.11986739,224.87218609,222.68046308,220.52479346,218.38958888,211.97127025,199.7760782,3.85,3.62,3.44,3.3,3.12,3.37,4.4,4.15,3.99,3.9,3.82,4.16,3.65,3.52,3.47,3.32,3.14,3.16,4.1,4,4.1,4.2,4.4,4.6,368.177,366.628,365.801,363.236,354.637,342.428,234140,225906,239903,229646,223602,221815,2.1,2.04,1.9,1.85,1.78,2.02,0.111,0.111,0.109,0.109,0.112,0.106,99.7,95.7,95.9,98.5,96.8,96.3,3651.54017363224,3486.67413709849,3528.94117380089,4025.00510050758,4066.45037015684,3657.47804977865,17.16,17.072,17.343,17.47,16.642,17.446,17.637,17.492,17.801,17.914,17.067,17.833,11.638,11.617,11.599,11.456,10.658,11.161,227759,244736,267958,258159,282558,225644,0.68,0.55,0.56,0.65,0.87,1.22,137.953,138.416,138.123,138.261,136.875,138.713,5.7,5.7,5.6,4.8,6.1,5.3,39.35,42.41,40.99,43.09,36.54,36.84,263285557,265777865,225927842,261251249,191774490,262935292,10.61,10.97,12.49,12.52,11.03,12.53,50.21,60.22,51.33,55.37,45.37,45.9,21085233,21265643,15622441,25861482,54917161,22825329,343.06,354.31,311.35,308.85,355.9,249.99,106577192,122930471,109078772,146728325,132609393,119540302,6.92,7.03,6.64,6.688,7.33,6.93,713516,684087,1104789,1522030,2189114,1995743,72,74,67,64,69,72,84,83,78,80,88,77,74,58,50,50,57,50,81,74,74,78,82,76
27,417,65.87,63.97,66.28,64.47,55.2,50.43,2.733,2.667,2.995,2.953,3.007,3.19,49,60,135,214,26,27,98.11,98.19,98.24,98.22,98.22,98.22,240.59721545,238.8066202,236.51026259,234.28805191,226.94846027,212.96668764,226.72581699,224.87218609,222.68046308,220.52479346,213.99153798,202.20038732,3.9,3.85,3.62,3.44,3.13,3.39,4.44,4.4,4.15,3.99,3.83,4.14,3.66,3.65,3.52,3.47,3.2,3.18,4,4.1,4,4.1,4.3,4.4,368.755,368.177,366.628,365.801,357.257,343.797,242658,234140,225906,239903,228198,221965,2.09,2.1,2.04,1.9,1.83,1.99,0.111,0.111,0.111,0.109,0.112,0.106,101.4,99.7,95.7,95.9,95.1,96.9,4661.61500903365,3651.54017363224,3486.67413709849,3528.94117380089,3317.5423454771803,3200.26043827063,17.079,17.16,17.072,17.343,17.908,16.604,17.561,17.637,17.492,17.801,18.331,16.995,11.755,11.638,11.617,11.599,11.525,10.514,270705,227759,244736,267958,265212,268343,0.56,0.68,0.55,0.56,0.82,1.17,137.431,137.953,138.416,138.123,135.033,139.232,5.3,5.7,5.7,5.6,5.3,5,36.34,39.35,42.41,40.99,40.38,35.36,284538743,263285557,265777865,225927842,265249552,397939019,11.08,10.61,10.97,12.49,11.97,11.64,46.78,50.21,60.22,51.33,47.46,42.29,16043167,21085233,21265643,15622441,24658310,23035879,266.13,343.06,354.31,311.35,341.1,278.3,156356878,106577192,122930471,109078772,110620352,107048530,6.68,6.92,7.03,6.64,7.62,7.18,898956,713516,684087,1104789,1545698,2652600,75,72,74,67,70,74,88,84,83,78,81,85,62,74,58,50,52,41,77,81,74,74,83,76
28,373,71.02,65.87,63.97,66.28,58.53,49.33,2.763,2.733,2.667,2.995,2.896,3.275,34,49,60,135,49,40,98.03,98.11,98.19,98.24,98.28,98.28,241.60654385,240.59721545,238.8066202,236.51026259,229.38930317,215.54238403,227.91876311,226.72581699,224.87218609,222.68046308,216.11858573,204.35460243,4.02,3.9,3.85,3.62,3.25,3.27,4.58,4.44,4.4,4.15,3.94,4.03,3.74,3.66,3.65,3.52,3.21,3.12,4,4,4.1,4,4.2,4.4,370.807,368.755,368.177,366.628,359.278,344.915,239492,242658,234140,225906,229757,222025,2.13,2.09,2.1,2.04,1.86,1.91,0.114,0.111,0.111,0.111,0.109,0.111,98.8,101.4,99.7,95.7,100.7,97,3949.74256438885,4661.61500903365,3651.54017363224,3486.67413709849,4352.7457098653,3632.58708793205,17.211,17.079,17.16,17.072,17.909,16.798,17.673,17.561,17.637,17.492,18.334,17.214,11.924,11.755,11.638,11.617,11.71,10.605,275127,270705,227759,244736,278888,272864,0.49,0.56,0.68,0.55,0.81,1.06,137.273,137.431,137.953,138.416,137.803,138.596,5.5,5.3,5.7,5.7,5.5,5.4,36.74,36.34,39.35,42.41,42.98,34.64,221982348,284538743,263285557,265777865,350954575,249119858,11.24,11.08,10.61,10.97,12.27,11.47,46.19,46.78,50.21,60.22,47.4,42,16288763,16043167,21085233,21265643,18060828,33487992,293.9,266.13,343.06,354.31,331.53,314.07,190345295,156356878,106577192,122930471,121524280,116249563,6.745,6.68,6.92,7.03,7.16,7.37,797693,898956,713516,684087,28163046,2716735,71,75,72,74,74,75,86,88,84,83,82,83,50,62,74,58,56,44,73,77,81,74,80,75
29,351,75.18,71.02,65.87,63.97,61.06,48.69,2.952,2.763,2.733,2.667,3.025,3.07,83,34,49,60,147,71,98.03,98.03,98.11,98.19,98.25,98.28,242.12205413,241.60654385,240.59721545,238.8066202,231.91531984,217.75694332,228.74686434,227.91876311,226.72581699,224.87218609,218.38958888,206.17839642,4.06,4.02,3.9,3.85,3.3,3.19,4.56,4.58,4.44,4.4,3.9,3.95,3.8,3.74,3.66,3.65,3.32,3.07,3.8,4,4,4.1,4.2,4.4,372.487,370.807,368.755,368.177,363.236,347.695,240608,239492,242658,234140,229646,222398,2.14,2.13,2.09,2.1,1.85,1.83,0.111,0.114,0.111,0.111,0.109,0.112,98,98.8,101.4,99.7,98.5,97.1,3239.59731261281,3949.74256438885,4661.61500903365,3651.54017363224,4025.00510050758,3763.2775248213793,17.199,17.211,17.079,17.16,17.47,16.751,17.677,17.673,17.561,17.637,17.914,17.158,11.809,11.924,11.755,11.638,11.456,10.708,283713,275127,270705,227759,258159,281264,0.47,0.49,0.56,0.68,0.65,1,137.842,137.273,137.431,137.953,138.261,138.601,5.4,5.5,5.3,5.7,4.8,5.1,42.7,36.74,36.34,39.35,43.09,33.93,236116920,221982348,284538743,263285557,261251249,320716494,11.55,11.24,11.08,10.61,12.52,11.12,45.66,46.19,46.78,50.21,55.37,39.52,22319849,16288763,16043167,21085233,25861482,29009122,284.73,293.9,266.13,343.06,308.85,341.01,155577968,190345295,156356878,106577192,146728325,145440756,6.21,6.745,6.68,6.92,6.688,6.79,725138,797693,898956,713516,1522030,2313322,67,71,75,72,64,73,90,86,88,84,80,93,61,50,62,74,50,55,78,73,77,81,78,80
30,298,75.68,75.18,71.02,65.87,64.47,45.63,2.924,2.952,2.763,2.733,2.953,3.035,26,83,34,49,214,57,98,98.03,98.03,98.11,98.22,98.26,242.50200169,242.12205413,241.60654385,240.59721545,234.28805191,220.28635404,229.50420225,228.74686434,227.91876311,226.72581699,220.52479346,208.31137754,4.04,4.06,4.02,3.9,3.44,3.17,4.55,4.56,4.58,4.44,3.99,3.88,3.87,3.8,3.74,3.66,3.47,3.17,4,3.8,4,4,4.1,4.3,374.72,372.487,370.807,368.755,365.801,349.889,243274,240608,239492,242658,239903,238347,2.12,2.14,2.13,2.09,1.9,1.73,0.111,0.111,0.114,0.111,0.109,0.112,98.2,98,98.8,101.4,95.9,95,3948.55934391695,3239.59731261281,3949.74256438885,4661.61500903365,3528.94117380089,3627.3960679806105,17.234,17.199,17.211,17.079,17.343,16.816,17.735,17.677,17.673,17.561,17.801,17.236,11.974,11.809,11.924,11.755,11.599,10.935,282648,283713,275127,270705,267958,280290,0.38,0.47,0.49,0.56,0.56,0.85,137.618,137.842,137.273,137.431,138.123,137.691,5.9,5.4,5.5,5.3,5.6,5.3,39.4,42.7,36.74,36.34,40.99,34.93,279801349,236116920,221982348,284538743,225927842,258917993,11.07,11.55,11.24,11.08,12.49,11.19,48.58,45.66,46.19,46.78,51.33,42.16,17534980,22319849,16288763,16043167,15622441,28602201,342.95,284.73,293.9,266.13,311.35,361.61,213424960,155577968,190345295,156356878,109078772,183792656,6.075,6.21,6.745,6.68,6.64,6.97,1475628,725138,797693,898956,1104789,3100272,64,67,71,75,67,70,89,90,86,88,78,94,60,61,50,62,50,51,77,78,73,77,74,79
31,342,73.62,75.68,75.18,71.02,66.28,49.97,2.782,2.924,2.952,2.763,2.995,2.794,23,26,83,34,135,79,98.01,98,98.03,98.03,98.24,98.29,242.75958937,242.50200169,242.12205413,241.60654385,236.51026259,222.5567783,230.17744055,229.50420225,228.74686434,227.91876311,222.68046308,210.23361428,4.02,4.04,4.06,4.02,3.62,3.2,4.54,4.55,4.56,4.58,4.15,3.92,3.87,3.87,3.8,3.74,3.52,3.18,3.8,4,3.8,4,4,4.3,375.525,374.72,372.487,370.807,366.628,352.595,234585,243274,240608,239492,225906,218978,2.12,2.12,2.14,2.13,2.04,1.77,0.111,0.111,0.111,0.114,0.111,0.112,97.9,98.2,98,98.8,95.7,93.4,3165.82239094013,3948.55934391695,3239.59731261281,3949.74256438885,3486.67413709849,3798.6684518897,17.008,17.234,17.199,17.211,17.072,16.844,17.502,17.735,17.677,17.673,17.492,17.253,11.789,11.974,11.809,11.924,11.617,10.851,290989,282648,283713,275127,244736,288566,0.28,0.38,0.47,0.49,0.55,0.95,138.331,137.618,137.842,137.273,138.416,136.872,6.2,5.9,5.4,5.5,5.7,5.8,37.91,39.4,42.7,36.74,42.41,35.98,229710896,279801349,236116920,221982348,265777865,202440408,10.04,11.07,11.55,11.24,10.97,11.22,48.53,48.58,45.66,46.19,60.22,42.38,19907561,17534980,22319849,16288763,21265643,23402892,298.14,342.95,284.73,293.9,354.31,323.47,172357228,213424960,155577968,190345295,122930471,180152458,6.19,6.075,6.21,6.745,7.03,7.51,1920944,1475628,725138,797693,684087,2094105,71,64,67,71,74,68,99,89,90,86,83,93,69,60,61,50,58,52,84,77,78,73,74,84
32,390,75.74,73.62,75.68,75.18,63.97,49.36,2.916,2.782,2.924,2.952,2.667,3.04,16,23,26,83,60,70,98,98.01,98,98.03,98.19,98.25,242.91474712,242.75958937,242.50200169,242.12205413,238.8066202,224.60748726,230.80507609,230.17744055,229.50420225,228.74686434,224.87218609,211.97127025,3.97,4.02,4.04,4.06,3.85,3.12,4.52,4.54,4.55,4.56,4.4,3.82,3.85,3.87,3.87,3.8,3.65,3.14,3.8,3.8,4,3.8,4.1,4.4,377.446,375.525,374.72,372.487,368.177,354.637,244108,234585,243274,240608,234140,223602,2.1,2.12,2.12,2.14,2.1,1.78,0.111,0.111,0.111,0.111,0.111,0.112,96.2,97.9,98.2,98,99.7,96.8,3808.47747934522,3165.82239094013,3948.55934391695,3239.59731261281,3651.54017363224,4066.45037015684,16.89,17.008,17.234,17.199,17.16,16.642,17.393,17.502,17.735,17.677,17.637,17.067,11.794,11.789,11.974,11.809,11.638,10.658,284989,290989,282648,283713,227759,282558,0.25,0.28,0.38,0.47,0.68,0.87,139.086,138.331,137.618,137.842,137.953,136.875,6.5,6.2,5.9,5.4,5.7,6.1,36.05,37.91,39.4,42.7,39.35,36.54,226195368,229710896,279801349,236116920,263285557,191774490,9.48,10.04,11.07,11.55,10.61,11.03,45.35,48.53,48.58,45.66,50.21,45.37,15498920,19907561,17534980,22319849,21085233,54917161,301.66,298.14,342.95,284.73,343.06,355.9,277360157,172357228,213424960,155577968,106577192,132609393,5.735,6.19,6.075,6.21,6.92,7.33,1729857,1920944,1475628,725138,713516,2189114,69,71,64,67,72,69,91,99,89,90,84,88,72,69,60,61,74,57,82,84,77,78,81,82
33,316,81.48,75.74,73.62,75.68,65.87,55.2,3.008,2.916,2.782,2.924,2.733,3.007,59,16,23,26,49,26,98.07,98,98.01,98,98.11,98.22,242.990361,242.91474712,242.75958937,242.50200169,240.59721545,226.94846027,231.39233258,230.80507609,230.17744055,229.50420225,226.72581699,213.99153798,4.16,3.97,4.02,4.04,3.9,3.13,4.72,4.52,4.54,4.55,4.44,3.83,3.97,3.85,3.87,3.87,3.66,3.2,3.7,3.8,3.8,4,4,4.3,379.697,377.446,375.525,374.72,368.755,357.257,244834,244108,234585,243274,242658,228198,2.12,2.1,2.12,2.12,2.09,1.83,0.111,0.111,0.111,0.111,0.111,0.112,100.1,96.2,97.9,98.2,101.4,95.1,3345.93182090676,3808.47747934522,3165.82239094013,3948.55934391695,4661.61500903365,3317.5423454771803,17.3,16.89,17.008,17.234,17.079,17.908,17.811,17.393,17.502,17.735,17.561,18.331,12.067,11.794,11.789,11.974,11.755,11.525,267434,284989,290989,282648,270705,265212,0.23,0.25,0.28,0.38,0.56,0.82,137.544,139.086,138.331,137.618,137.431,135.033,6.6,6.5,6.2,5.9,5.3,5.3,33.67,36.05,37.91,39.4,36.34,40.38,241373894,226195368,229710896,279801349,284538743,265249552,9.25,9.48,10.04,11.07,11.08,11.97,41.55,45.35,48.53,48.58,46.78,47.46,12171373,15498920,19907561,17534980,16043167,24658310,264.77,301.66,298.14,342.95,266.13,341.1,196075479,277360157,172357228,213424960,156356878,110620352,5.96,5.735,6.19,6.075,6.68,7.62,1449159,1729857,1920944,1475628,898956,1545698,68,69,71,64,75,70,83,91,99,89,88,81,64,72,69,60,62,52,80,82,84,77,77,83
34,303,75.24,81.48,75.74,73.62,71.02,58.53,3.261,3.008,2.916,2.782,2.763,2.896,49,59,16,23,34,49,98.07,98.07,98,98.01,98.03,98.28,243.02723697,242.990361,242.91474712,242.75958937,241.60654385,229.38930317,231.96066324,231.39233258,230.80507609,230.17744055,227.91876311,216.11858573,4.29,4.16,3.97,4.02,4.02,3.25,4.86,4.72,4.52,4.54,4.58,3.94,4.14,3.97,3.85,3.87,3.74,3.21,3.8,3.7,3.8,3.8,4,4.2,380.244,379.697,377.446,375.525,370.807,359.278,239723,244834,244108,234585,239492,229757,2.11,2.12,2.1,2.12,2.13,1.86,0.108,0.111,0.111,0.111,0.114,0.109,98.6,100.1,96.2,97.9,98.8,100.7,3594.0624617719604,3345.93182090676,3808.47747934522,3165.82239094013,3949.74256438885,4352.7457098653,17.605,17.3,16.89,17.008,17.211,17.909,18.112,17.811,17.393,17.502,17.673,18.334,12.07,12.067,11.794,11.789,11.924,11.71,281382,267434,284989,290989,275127,278888,0.29,0.23,0.25,0.28,0.49,0.81,138.797,137.544,139.086,138.331,137.273,137.803,7,6.6,6.5,6.2,5.5,5.5,36.59,33.67,36.05,37.91,36.74,42.98,389485252,241373894,226195368,229710896,221982348,350954575,9.55,9.25,9.48,10.04,11.24,12.27,40.48,41.55,45.35,48.53,46.19,47.4,26780133,12171373,15498920,19907561,16288763,18060828,337.32,264.77,301.66,298.14,293.9,331.53,286360727,196075479,277360157,172357228,190345295,121524280,5.21,5.96,5.735,6.19,6.745,7.16,2052722,1449159,1729857,1920944,797693,28163046,69,68,69,71,71,74,79,83,91,99,86,82,58,64,72,69,50,56,76,80,82,84,73,80
35,327,58.33,75.24,81.48,75.74,75.18,61.06,4.612,3.261,3.008,2.916,2.952,3.025,154,49,59,16,83,147,98.04,98.07,98.07,98,98.03,98.25,242.76062212,243.02723697,242.990361,242.91474712,242.12205413,231.91531984,232.25815604,231.96066324,231.39233258,230.80507609,228.74686434,218.38958888,4.25,4.29,4.16,3.97,4.06,3.3,4.81,4.86,4.72,4.52,4.56,3.9,4.12,4.14,3.97,3.85,3.8,3.32,3.8,3.8,3.7,3.8,3.8,4.2,382.12,380.244,379.697,377.446,372.487,363.236,231653,239723,244834,244108,240608,229646,2.01,2.11,2.12,2.1,2.14,1.85,0.108,0.108,0.111,0.111,0.111,0.109,97.5,98.6,100.1,96.2,98,98.5,3701.79320513618,3594.0624617719604,3345.93182090676,3808.47747934522,3239.59731261281,4025.00510050758,17.441,17.605,17.3,16.89,17.199,17.47,17.939,18.112,17.811,17.393,17.677,17.914,12.22,12.07,12.067,11.794,11.809,11.456,260473,281382,267434,284989,283713,258159,0.26,0.29,0.23,0.25,0.47,0.65,140.295,138.797,137.544,139.086,137.842,138.261,6.7,7,6.6,6.5,5.4,4.8,37.95,36.59,33.67,36.05,42.7,43.09,266803639,389485252,241373894,226195368,236116920,261251249,9.41,9.55,9.25,9.48,11.55,12.52,37.13,40.48,41.55,45.35,45.66,55.37,14756425,26780133,12171373,15498920,22319849,25861482,350.48,337.32,264.77,301.66,284.73,308.85,133019067,286360727,196075479,277360157,155577968,146728325,5.27,5.21,5.96,5.735,6.21,6.688,2236444,2052722,1449159,1729857,725138,1522030,82,69,68,69,67,64,78,79,83,91,90,80,62,58,64,72,61,50,71,76,80,82,78,78
36,371,51.55,58.33,75.24,81.48,75.68,64.47,2.94,4.612,3.261,3.008,2.924,2.953,188,154,49,59,26,214,98.06,98.04,98.07,98.07,98,98.22,242.65791456,242.76062212,243.02723697,242.990361,242.50200169,234.28805191,232.66405424,232.25815604,231.96066324,231.39233258,229.50420225,220.52479346,4.01,4.25,4.29,4.16,4.04,3.44,4.55,4.81,4.86,4.72,4.55,3.99,4,4.12,4.14,3.97,3.87,3.47,3.9,3.8,3.8,3.7,4,4.1,383.156,382.12,380.244,379.697,374.72,365.801,238448,231653,239723,244834,243274,239903,1.81,2.01,2.11,2.12,2.12,1.9,0.108,0.108,0.108,0.111,0.111,0.109,98.3,97.5,98.6,100.1,98.2,95.9,3603.2672862118898,3701.79320513618,3594.0624617719604,3345.93182090676,3948.55934391695,3528.94117380089,17.501,17.441,17.605,17.3,17.234,17.343,18.006,17.939,18.112,17.811,17.735,17.801,12.319,12.22,12.07,12.067,11.974,11.599,270370,260473,281382,267434,282648,267958,0.15,0.26,0.29,0.23,0.38,0.56,140.068,140.295,138.797,137.544,137.618,138.123,7.5,6.7,7,6.6,5.9,5.6,33.45,37.95,36.59,33.67,39.4,40.99,227530304,266803639,389485252,241373894,279801349,225927842,7.65,9.41,9.55,9.25,11.07,12.49,35.7,37.13,40.48,41.55,48.58,51.33,13136273,14756425,26780133,12171373,17534980,15622441,332.8,350.48,337.32,264.77,342.95,311.35,146451183,133019067,286360727,196075479,213424960,109078772,5.09,5.27,5.21,5.96,6.075,6.64,2879939,2236444,2052722,1449159,1475628,1104789,68,82,69,68,64,67,79,78,79,83,89,78,58,62,58,64,60,50,73,71,76,80,77,74
37,278,61.19,51.55,58.33,75.24,73.62,66.28,2.814,2.94,4.612,3.261,2.782,2.995,59,188,154,49,23,135,98.01,98.06,98.04,98.07,98.01,98.24,242.8809972,242.65791456,242.76062212,243.02723697,242.75958937,236.51026259,233.45004022,232.66405424,232.25815604,231.96066324,230.17744055,222.68046308,3.89,4.01,4.25,4.29,4.02,3.62,4.46,4.55,4.81,4.86,4.54,4.15,3.96,4,4.12,4.14,3.87,3.52,4,3.9,3.8,3.8,3.8,4,382.939,383.156,382.12,380.244,375.525,366.628,229028,238448,231653,239723,234585,225906,1.79,1.81,2.01,2.11,2.12,2.04,0.11,0.108,0.108,0.108,0.111,0.111,91.2,98.3,97.5,98.6,97.9,95.7,3456.26143308222,3603.2672862118898,3701.79320513618,3594.0624617719604,3165.82239094013,3486.67413709849,16.744,17.501,17.441,17.605,17.008,17.072,17.265,18.006,17.939,18.112,17.502,17.492,11.503,12.319,12.22,12.07,11.789,11.617,248927,270370,260473,281382,290989,244736,0.17,0.15,0.26,0.29,0.28,0.55,140.706,140.068,140.295,138.797,138.331,138.416,6.9,7.5,6.7,7,6.2,5.7,39.02,33.45,37.95,36.59,37.91,42.41,245902532,227530304,266803639,389485252,229710896,265777865,8.8,7.65,9.41,9.55,10.04,10.97,38.75,35.7,37.13,40.48,48.53,60.22,14438788,13136273,14756425,26780133,19907561,21265643,307.02,332.8,350.48,337.32,298.14,354.31,175660650,146451183,133019067,286360727,172357228,122930471,5.49,5.09,5.27,5.21,6.19,7.03,1233755,2879939,2236444,2052722,1920944,684087,67,68,82,69,71,74,83,79,78,79,99,83,59,58,62,58,69,58,75,73,71,76,84,74
38,248,65.28,61.19,51.55,58.33,75.74,63.97,2.812,2.814,2.94,4.612,2.916,2.667,95,59,188,154,16,60,98.08,98.01,98.06,98.04,98,98.19,242.73697032,242.8809972,242.65791456,242.76062212,242.91474712,238.8066202,233.66556609,233.45004022,232.66405424,232.25815604,230.80507609,224.87218609,3.77,3.89,4.01,4.25,3.97,3.85,4.35,4.46,4.55,4.81,4.52,4.4,3.84,3.96,4,4.12,3.85,3.65,3.8,4,3.9,3.8,3.8,4.1,383.255,382.939,383.156,382.12,377.446,368.177,223455,229028,238448,231653,244108,234140,1.88,1.79,1.81,2.01,2.1,2.1,0.11,0.11,0.108,0.108,0.111,0.111,93.8,91.2,98.3,97.5,96.2,99.7,2646.3195664242003,3456.26143308222,3603.2672862118898,3701.79320513618,3808.47747934522,3651.54017363224,16.674,16.744,17.501,17.441,16.89,17.16,17.185,17.265,18.006,17.939,17.393,17.637,11.86,11.503,12.319,12.22,11.794,11.638,231791,248927,270370,260473,284989,227759,0.18,0.17,0.15,0.26,0.25,0.68,139.499,140.706,140.068,140.295,139.086,137.953,6.4,6.9,7.5,6.7,6.5,5.7,39.48,39.02,33.45,37.95,36.05,39.35,180097972,245902532,227530304,266803639,226195368,263285557,8.77,8.8,7.65,9.41,9.48,10.61,35.26,38.75,35.7,37.13,45.35,50.21,17615476,14438788,13136273,14756425,15498920,21085233,319.88,307.02,332.8,350.48,301.66,343.06,128550254,175660650,146451183,133019067,277360157,106577192,5.835,5.49,5.09,5.27,5.735,6.92,547951,1233755,2879939,2236444,1729857,713516,71,67,68,82,69,72,85,83,79,78,91,84,80,59,58,62,72,74,71,75,73,71,82,81
39,400,67.23,65.28,61.19,51.55,81.48,65.87,2.662,2.812,2.814,2.94,3.008,2.733,76,95,59,188,59,49,98.36,98.08,98.01,98.06,98.07,98.11,242.75885276,242.73697032,242.8809972,242.65791456,242.990361,240.59721545,234.10761735,233.66556609,233.45004022,232.66405424,231.39233258,226.72581699,3.57,3.77,3.89,4.01,4.16,3.9,4.06,4.35,4.46,4.55,4.72,4.44,3.75,3.84,3.96,4,3.97,3.66,3.8,3.8,4,3.9,3.7,4,384.579,383.255,382.939,383.156,379.697,368.755,233044,223455,229028,238448,244834,242658,1.91,1.88,1.79,1.81,2.12,2.09,0.11,0.11,0.11,0.108,0.111,0.111,98.4,93.8,91.2,98.3,100.1,101.4,3934.4209306106095,2646.3195664242003,3456.26143308222,3603.2672862118898,3345.93182090676,4661.61500903365,17.132,16.674,16.744,17.501,17.3,17.079,17.656,17.185,17.265,18.006,17.811,17.561,12.209,11.86,11.503,12.319,12.067,11.755,272379,231791,248927,270370,267434,270705,0.16,0.18,0.17,0.15,0.23,0.56,138.051,139.499,140.706,140.068,137.544,137.431,5.8,6.4,6.9,7.5,6.6,5.3,37.1,39.48,39.02,33.45,33.67,36.34,179460401,180097972,245902532,227530304,241373894,284538743,8.78,8.77,8.8,7.65,9.25,11.08,35.72,35.26,38.75,35.7,41.55,46.78,21250415,17615476,14438788,13136273,12171373,16043167,279.86,319.88,307.02,332.8,264.77,266.13,213793753,128550254,175660650,146451183,196075479,156356878,5.56,5.835,5.49,5.09,5.96,6.68,691901,547951,1233755,2879939,1449159,898956,64,71,67,68,68,75,90,85,83,79,83,88,83,80,59,58,64,62,70,71,75,73,80,77
40,279,71.91,67.23,65.28,61.19,75.24,71.02,2.575,2.662,2.812,2.814,3.261,2.763,59,76,95,59,49,34,98.51,98.36,98.08,98.01,98.07,98.03,243.55122258,242.75885276,242.73697032,242.8809972,243.02723697,241.60654385,235.24772851,234.10761735,233.66556609,233.45004022,231.96066324,227.91876311,3.64,3.57,3.77,3.89,4.29,4.02,4.2,4.06,4.35,4.46,4.86,4.58,3.77,3.75,3.84,3.96,4.14,3.74,3.6,3.8,3.8,4,3.8,4,387.464,384.579,383.255,382.939,380.244,370.807,223929,233044,223455,229028,239723,239492,1.94,1.91,1.88,1.79,2.11,2.13,0.112,0.11,0.11,0.11,0.108,0.114,97.2,98.4,93.8,91.2,98.6,98.8,4929.47376408573,3934.4209306106095,2646.3195664242003,3456.26143308222,3594.0624617719604,3949.74256438885,16.427,17.132,16.674,16.744,17.605,17.211,16.997,17.656,17.185,17.265,18.112,17.673,11.668,12.209,11.86,11.503,12.07,11.924,273413,272379,231791,248927,281382,275127,0.19,0.16,0.18,0.17,0.29,0.49,138.355,138.051,139.499,140.706,138.797,137.273,5.7,5.8,6.4,6.9,7,5.5,38.95,37.1,39.48,39.02,36.59,36.74,159364373,179460401,180097972,245902532,389485252,221982348,10.45,8.78,8.77,8.8,9.55,11.24,41.93,35.72,35.26,38.75,40.48,46.19,19511840,21250415,17615476,14438788,26780133,16288763,238.69,279.86,319.88,307.02,337.32,293.9,230757873,213793753,128550254,175660650,286360727,190345295,5.875,5.56,5.835,5.49,5.21,6.745,355298,691901,547951,1233755,2052722,797693,64,64,71,67,69,71,89,90,85,83,79,86,69,83,80,59,58,50,72,70,71,75,76,73
41,328,64.15,71.91,67.23,65.28,58.33,75.18,2.454,2.575,2.662,2.812,4.612,2.952,156,59,76,95,154,83,98.56,98.51,98.36,98.08,98.04,98.03,244.46520439,243.55122258,242.75885276,242.73697032,242.76062212,242.12205413,236.43797048,235.24772851,234.10761735,233.66556609,232.25815604,228.74686434,3.46,3.64,3.57,3.77,4.25,4.06,3.99,4.2,4.06,4.35,4.81,4.56,3.6,3.77,3.75,3.84,4.12,3.8,3.6,3.6,3.8,3.8,3.8,3.8,383.266,387.464,384.579,383.255,382.12,372.487,217479,223929,233044,223455,231653,240608,1.83,1.94,1.91,1.88,2.01,2.14,0.112,0.112,0.11,0.11,0.108,0.111,100,97.2,98.4,93.8,97.5,98,4363.23392458566,4929.47376408573,3934.4209306106095,2646.3195664242003,3701.79320513618,3239.59731261281,17.276,16.427,17.132,16.674,17.441,17.199,17.84,16.997,17.656,17.185,17.939,17.677,12.474,11.668,12.209,11.86,12.22,11.809,289711,273413,272379,231791,260473,283713,0.19,0.19,0.16,0.18,0.26,0.47,138.227,138.355,138.051,139.499,140.295,137.842,6.5,5.7,5.8,6.4,6.7,5.4,33.34,38.95,37.1,39.48,37.95,42.7,219725912,159364373,179460401,180097972,266803639,236116920,9.52,10.45,8.78,8.77,9.41,11.55,39.47,41.93,35.72,35.26,37.13,45.66,19588774,19511840,21250415,17615476,14756425,22319849,185.16,238.69,279.86,319.88,350.48,284.73,282598837,230757873,213793753,128550254,133019067,155577968,4.825,5.875,5.56,5.835,5.27,6.21,780839,355298,691901,547951,2236444,725138,65,64,64,71,82,67,86,89,90,85,78,90,90,69,83,80,62,61,78,72,70,71,71,78
42,311,65.6,64.15,71.91,67.23,51.55,75.68,2.308,2.454,2.575,2.662,2.94,2.924,92,156,59,76,188,26,98.9,98.56,98.51,98.36,98.06,98,245.26929133,244.46520439,243.55122258,242.75885276,242.65791456,242.50200169,237.47307056,236.43797048,235.24772851,234.10761735,232.66405424,229.50420225,3.16,3.46,3.64,3.57,4.01,4.04,3.73,3.99,4.2,4.06,4.55,4.55,3.39,3.6,3.77,3.75,4,3.87,3.6,3.6,3.6,3.8,3.9,4,384.479,383.266,387.464,384.579,383.156,374.72,219553,217479,223929,233044,238448,243274,1.7,1.83,1.94,1.91,1.81,2.12,0.112,0.112,0.112,0.11,0.108,0.111,98.2,100,97.2,98.4,98.3,98.2,3608.27404862726,4363.23392458566,4929.47376408573,3934.4209306106095,3603.2672862118898,3948.55934391695,17.282,17.276,16.427,17.132,17.501,17.234,17.832,17.84,16.997,17.656,18.006,17.735,12.38,12.474,11.668,12.209,12.319,11.974,281359,289711,273413,272379,270370,282648,0.26,0.19,0.19,0.16,0.15,0.38,139.334,138.227,138.355,138.051,140.068,137.618,5.3,6.5,5.7,5.8,7.5,5.9,38.53,33.34,38.95,37.1,33.45,39.4,175431010,219725912,159364373,179460401,227530304,279801349,10.23,9.52,10.45,8.78,7.65,11.07,41.94,39.47,41.93,35.72,35.7,48.58,12818304,19588774,19511840,21250415,13136273,17534980,223.46,185.16,238.69,279.86,332.8,342.95,214970558,282598837,230757873,213793753,146451183,213424960,5.155,4.825,5.875,5.56,5.09,6.075,1796332,780839,355298,691901,2879939,1475628,66,65,64,64,68,64,92,86,89,90,79,89,83,90,69,83,58,60,77,78,72,70,73,77
43,322,65.53,65.6,64.15,71.91,61.19,73.62,2.233,2.308,2.454,2.575,2.814,2.782,223,92,156,59,59,23,98.95,98.9,98.56,98.51,98.01,98.01,246.08286846,245.26929133,244.46520439,243.55122258,242.8809972,242.75958937,238.43786465,237.47307056,236.43797048,235.24772851,233.45004022,230.17744055,3.18,3.16,3.46,3.64,3.89,4.02,3.75,3.73,3.99,4.2,4.46,4.54,3.47,3.39,3.6,3.77,3.96,3.87,3.7,3.6,3.6,3.6,4,3.8,386.74,384.479,383.266,387.464,382.939,375.525,225239,219553,217479,223929,229028,234585,1.75,1.7,1.83,1.94,1.79,2.12,0.111,0.112,0.112,0.112,0.11,0.111,98.4,98.2,100,97.2,91.2,97.9,4596.21709629813,3608.27404862726,4363.23392458566,4929.47376408573,3456.26143308222,3165.82239094013,17.032,17.282,17.276,16.427,16.744,17.008,17.597,17.832,17.84,16.997,17.265,17.502,12.34,12.38,12.474,11.668,11.503,11.789,291520,281359,289711,273413,248927,290989,0.22,0.26,0.19,0.19,0.17,0.28,140.365,139.334,138.227,138.355,140.706,138.331,5.8,5.3,6.5,5.7,6.9,6.2,40.34,38.53,33.34,38.95,39.02,37.91,150790123,175431010,219725912,159364373,245902532,229710896,9.53,10.23,9.52,10.45,8.8,10.04,48.68,41.94,39.47,41.93,38.75,48.53,19816125,12818304,19588774,19511840,14438788,19907561,241.61,223.46,185.16,238.69,307.02,298.14,199371373,214970558,282598837,230757873,175660650,172357228,4.765,5.155,4.825,5.875,5.49,6.19,1516463,1796332,780839,355298,1233755,1920944,63,66,65,64,67,71,100,92,86,89,83,99,87,83,90,69,59,69,78,77,78,72,75,84
44,350,60.11,65.53,65.6,64.15,65.28,75.74,2.285,2.233,2.308,2.454,2.812,2.916,54,223,92,156,95,16,99.01,98.95,98.9,98.56,98.08,98,247.36495043,246.08286846,245.26929133,244.46520439,242.73697032,242.91474712,239.82382862,238.43786465,237.47307056,236.43797048,233.66556609,230.80507609,3.06,3.18,3.16,3.46,3.77,3.97,3.58,3.75,3.73,3.99,4.35,4.52,3.31,3.47,3.39,3.6,3.84,3.85,3.7,3.7,3.6,3.6,3.8,3.8,388.735,386.74,384.479,383.266,383.255,377.446,224546,225239,219553,217479,223455,244108,1.59,1.75,1.7,1.83,1.88,2.1,0.111,0.111,0.112,0.112,0.11,0.111,89.8,98.4,98.2,100,93.8,96.2,3764.8317896328,4596.21709629813,3608.27404862726,4363.23392458566,2646.3195664242003,3808.47747934522,17.11,17.032,17.282,17.276,16.674,16.89,17.645,17.597,17.832,17.84,17.185,17.393,12.501,12.34,12.38,12.474,11.86,11.794,293308,291520,281359,289711,231791,284989,0.06,0.22,0.26,0.19,0.18,0.25,141.969,140.365,139.334,138.227,139.499,139.086,5.6,5.8,5.3,6.5,6.4,6.5,37.09,40.34,38.53,33.34,39.48,36.05,150639210,150790123,175431010,219725912,180097972,226195368,9.17,9.53,10.23,9.52,8.77,9.48,47.46,48.68,41.94,39.47,35.26,45.35,13953344,19816125,12818304,19588774,17615476,15498920,225.61,241.61,223.46,185.16,319.88,301.66,134088212,199371373,214970558,282598837,128550254,277360157,4.13,4.765,5.155,4.825,5.835,5.735,3087514,1516463,1796332,780839,547951,1729857,60,63,66,65,71,69,90,100,92,86,85,91,89,87,83,90,80,72,80,78,77,78,71,82
45,304,61.09,60.11,65.53,65.6,67.23,81.48,2.33,2.285,2.233,2.308,2.662,3.008,102,54,223,92,76,59,99.06,99.01,98.95,98.9,98.36,98.07,248.57596026,247.36495043,246.08286846,245.26929133,242.75885276,242.990361,241.08658246,239.82382862,238.43786465,237.47307056,234.10761735,231.39233258,3.16,3.06,3.18,3.16,3.57,4.16,3.64,3.58,3.75,3.73,4.06,4.72,3.38,3.31,3.47,3.39,3.75,3.97,3.5,3.7,3.7,3.6,3.8,3.7,390.531,388.735,386.74,384.479,384.579,379.697,221949,224546,225239,219553,233044,244834,1.59,1.59,1.75,1.7,1.91,2.12,0.111,0.111,0.111,0.112,0.11,0.111,93.2,89.8,98.4,98.2,98.4,100.1,4051.77110753728,3764.8317896328,4596.21709629813,3608.27404862726,3934.4209306106095,3345.93182090676,17.161,17.11,17.032,17.282,17.132,17.3,17.714,17.645,17.597,17.832,17.656,17.811,12.565,12.501,12.34,12.38,12.209,12.067,273319,293308,291520,281359,272379,267434,0.05,0.06,0.22,0.26,0.16,0.23,141.12,141.969,140.365,139.334,138.051,137.544,5.4,5.6,5.8,5.3,5.8,6.6,37.48,37.09,40.34,38.53,37.1,33.67,173228888,150639210,150790123,175431010,179460401,241373894,9.16,9.17,9.53,10.23,8.78,9.25,50.7,47.46,48.68,41.94,35.72,41.55,12110446,13953344,19816125,12818304,21250415,12171373,240.87,225.61,241.61,223.46,279.86,264.77,136563111,134088212,199371373,214970558,213793753,196075479,4.425,4.13,4.765,5.155,5.56,5.96,2036899,3087514,1516463,1796332,691901,1449159,93,60,63,66,64,68,92,90,100,92,90,83,78,89,87,83,83,64,77,80,78,77,70,80
46,297,60.52,61.09,60.11,65.53,71.91,75.24,2.633,2.33,2.285,2.233,2.575,3.261,230,102,54,223,59,49,98.99,99.06,99.01,98.95,98.51,98.07,249.98392935,248.57596026,247.36495043,246.08286846,243.55122258,243.02723697,242.52142087,241.08658246,239.82382862,238.43786465,235.24772851,231.96066324,3.19,3.16,3.06,3.18,3.64,4.29,3.78,3.64,3.58,3.75,4.2,4.86,3.43,3.38,3.31,3.47,3.77,4.14,3.6,3.5,3.7,3.7,3.6,3.8,391.308,390.531,388.735,386.74,387.464,380.244,222975,221949,224546,225239,223929,239723,1.56,1.59,1.59,1.75,1.94,2.11,0.109,0.111,0.111,0.111,0.112,0.108,95.5,93.2,89.8,98.4,97.2,98.6,3775.89362992137,4051.77110753728,3764.8317896328,4596.21709629813,4929.47376408573,3594.0624617719604,16.725,17.161,17.11,17.032,16.427,17.605,17.23,17.714,17.645,17.597,16.997,18.112,12.33,12.565,12.501,12.34,11.668,12.07,283961,273319,293308,291520,273413,281382,0.16,0.05,0.06,0.22,0.19,0.29,140.779,141.12,141.969,140.365,138.355,138.797,5.4,5.4,5.6,5.8,5.7,7,37.16,37.48,37.09,40.34,38.95,36.59,215817107,173228888,150639210,150790123,159364373,389485252,8.59,9.16,9.17,9.53,10.45,9.55,50.85,50.7,47.46,48.68,41.93,40.48,14146550,12110446,13953344,19816125,19511840,26780133,314.92,240.87,225.61,241.61,238.69,337.32,234866048,136563111,134088212,199371373,230757873,286360727,4.56,4.425,4.13,4.765,5.875,5.21,1940038,2036899,3087514,1516463,355298,2052722,100,93,60,63,64,69,81,92,90,100,89,79,71,78,89,87,69,58,64,77,80,78,72,76
47,323,63.83,60.52,61.09,60.11,64.15,58.33,2.281,2.633,2.33,2.285,2.454,4.612,330,230,102,54,156,154,99.05,98.99,99.06,99.01,98.56,98.04,251.57785315,249.98392935,248.57596026,247.36495043,244.46520439,242.76062212,244.15709126,242.52142087,241.08658246,239.82382862,236.43797048,232.25815604,3.15,3.19,3.16,3.06,3.46,4.25,3.68,3.78,3.64,3.58,3.99,4.81,3.43,3.43,3.38,3.31,3.6,4.12,3.6,3.6,3.5,3.7,3.6,3.8,393.437,391.308,390.531,388.735,383.266,382.12,212779,222975,221949,224546,217479,231653,1.64,1.56,1.59,1.59,1.83,2.01,0.109,0.109,0.111,0.111,0.112,0.108,96.8,95.5,93.2,89.8,100,97.5,4823.4933905277,3775.89362992137,4051.77110753728,3764.8317896328,4363.23392458566,3701.79320513618,17.101,16.725,17.161,17.11,17.276,17.441,17.557,17.23,17.714,17.645,17.84,17.939,12.7,12.33,12.565,12.501,12.474,12.22,260326,283961,273319,293308,289711,260473,0.2,0.16,0.05,0.06,0.19,0.26,139.674,140.779,141.12,141.969,138.227,140.295,5.6,5.4,5.4,5.6,6.5,6.7,36,37.16,37.48,37.09,33.34,37.95,191370123,215817107,173228888,150639210,219725912,266803639,9.06,8.59,9.16,9.17,9.52,9.41,51.09,50.85,50.7,47.46,39.47,37.13,7662255,14146550,12110446,13953344,19588774,14756425,329.94,314.92,240.87,225.61,185.16,350.48,157892383,234866048,136563111,134088212,282598837,133019067,4.3995,4.56,4.425,4.13,4.825,5.27,426213,1940038,2036899,3087514,780839,2236444,61,100,93,60,65,82,80,81,92,90,86,78,72,71,78,89,90,62,66,64,77,80,78,71
48,332,67.96,63.83,60.52,61.09,65.6,51.55,2.189,2.281,2.633,2.33,2.308,2.94,158,330,230,102,92,188,99.11,99.05,98.99,99.06,98.9,98.06,253.2143674,251.57785315,249.98392935,248.57596026,245.26929133,242.65791456,245.84134235,244.15709126,242.52142087,241.08658246,237.47307056,232.66405424,3.19,3.15,3.19,3.16,3.16,4.01,3.74,3.68,3.78,3.64,3.73,4.55,3.45,3.43,3.43,3.38,3.39,4,3.6,3.6,3.6,3.5,3.6,3.9,394.65,393.437,391.308,390.531,384.479,383.156,215324,212779,222975,221949,219553,238448,1.72,1.64,1.56,1.59,1.7,1.81,0.109,0.109,0.109,0.111,0.112,0.108,99.3,96.8,95.5,93.2,98.2,98.3,4343.7848089340505,4823.4933905277,3775.89362992137,4051.77110753728,3608.27404862726,3603.2672862118898,16.869,17.101,16.725,17.161,17.282,17.501,17.339,17.557,17.23,17.714,17.832,18.006,12.367,12.7,12.33,12.565,12.38,12.319,261757,260326,283961,273319,281359,270370,0.25,0.2,0.16,0.05,0.26,0.15,139.097,139.674,140.779,141.12,139.334,140.068,5.6,5.6,5.4,5.4,5.3,7.5,36.6,36,37.16,37.48,38.53,33.45,170930979,191370123,215817107,173228888,175431010,227530304,9.3,9.06,8.59,9.16,10.23,7.65,48.63,51.09,50.85,50.7,41.94,35.7,9721479,7662255,14146550,12110446,12818304,13136273,418.33,329.94,314.92,240.87,223.46,332.8,207390450,157892383,234866048,136563111,214970558,146451183,4.22,4.3995,4.56,4.425,5.155,5.09,1035868,426213,1940038,2036899,1796332,2879939,55,61,100,93,66,68,82,80,81,92,92,79,70,72,71,78,83,58,67,66,64,77,77,73
49,299,58.94,67.96,63.83,60.52,65.53,61.19,1.841,2.189,2.281,2.633,2.233,2.814,177,158,330,230,223,59,99.15,99.11,99.05,98.99,98.95,98.01,255.24490821,253.2143674,251.57785315,249.98392935,246.08286846,242.8809972,247.96877617,245.84134235,244.15709126,242.52142087,238.43786465,233.45004022,3,3.19,3.15,3.19,3.18,3.89,3.51,3.74,3.68,3.78,3.75,4.46,3.24,3.45,3.43,3.43,3.47,3.96,3.5,3.6,3.6,3.6,3.7,4,395.887,394.65,393.437,391.308,386.74,382.939,225551,215324,212779,222975,225239,229028,1.72,1.72,1.64,1.56,1.75,1.79,0.111,0.109,0.109,0.109,0.111,0.11,99.8,99.3,96.8,95.5,98.4,91.2,4201.449853382561,4343.7848089340505,4823.4933905277,3775.89362992137,4596.21709629813,3456.26143308222,16.874,16.869,17.101,16.725,17.032,16.744,17.306,17.339,17.557,17.23,17.597,17.265,12.533,12.367,12.7,12.33,12.34,11.503,260847,261757,260326,283961,291520,248927,0.24,0.25,0.2,0.16,0.22,0.17,137.922,139.097,139.674,140.779,140.365,140.706,5.5,5.6,5.6,5.4,5.8,6.9,33.39,36.6,36,37.16,40.34,39.02,206944754,170930979,191370123,215817107,150790123,245902532,8.82,9.3,9.06,8.59,9.53,8.8,42.44,48.63,51.09,50.85,48.68,38.75,13501639,9721479,7662255,14146550,19816125,14438788,650.57,418.33,329.94,314.92,241.61,307.02,407621638,207390450,157892383,234866048,199371373,175660650,4.17,4.22,4.3995,4.56,4.765,5.49,1108805,1035868,426213,1940038,1516463,1233755,63,55,61,100,63,67,83,82,80,81,100,83,86,70,72,71,87,59,75,67,66,64,78,75
50,309,50.19,58.94,67.96,63.83,60.11,65.28,1.684,1.841,2.189,2.281,2.285,2.812,194,177,158,330,54,95,99.21,99.15,99.11,99.05,99.01,98.08,257.87335154,255.24490821,253.2143674,251.57785315,247.36495043,242.73697032,250.47808799,247.96877617,245.84134235,244.15709126,239.82382862,233.66556609,2.95,3,3.19,3.15,3.06,3.77,3.45,3.51,3.74,3.68,3.58,4.35,3.2,3.24,3.45,3.43,3.31,3.84,3.5,3.5,3.6,3.6,3.7,3.8,398.41,395.887,394.65,393.437,388.735,383.255,231488,225551,215324,212779,224546,223455,1.62,1.72,1.72,1.64,1.59,1.88,0.111,0.111,0.109,0.109,0.111,0.11,101,99.8,99.3,96.8,89.8,93.8,3671.3721078961,4201.449853382561,4343.7848089340505,4823.4933905277,3764.8317896328,2646.3195664242003,16.881,16.874,16.869,17.101,17.11,16.674,17.337,17.306,17.339,17.557,17.645,17.185,12.609,12.533,12.367,12.7,12.501,11.86,242695,260847,261757,260326,293308,231791,0.17,0.24,0.25,0.2,0.06,0.18,137.758,137.922,139.097,139.674,141.969,139.499,5.7,5.5,5.6,5.6,5.6,6.4,30.5,33.39,36.6,36,37.09,39.48,246552900,206944754,170930979,191370123,150639210,180097972,6.96,8.82,9.3,9.06,9.17,8.77,42.73,42.44,48.63,51.09,47.46,35.26,17475243,13501639,9721479,7662255,13953344,17615476,667.99,650.57,418.33,329.94,225.61,319.88,473506012,407621638,207390450,157892383,134088212,128550254,3.36,4.17,4.22,4.3995,4.13,5.835,2484677,1108805,1035868,426213,3087514,547951,63,63,55,61,60,71,87,83,82,80,90,85,100,86,70,72,89,80,71,75,67,66,80,71
