03f4a6c516948d9bf36f67aa8bc7ea92,Speedway2
04405d03a113653e78460aafed92282a,Speedway2
061423f486a3be18b686ee3120d3afb8,Speedway2
1649a0d142258a61d1b0e0c0fb15f4ee,Speedway2
1b13286f7970206a178d0e544d45b646,Speedway2
480f26a084f292a4e3982c20c1130246,Speedway2
4a6ca4751e6520b65f515f753e0d4b5e,Speedway2
88a29711124ce3a79ec0438894cee745,Speedway2
93a67917931c191431e42aeab3335880,Speedway2
a40f55443e9a24b4f3aa73e5ae642e1f,Speedway2
ae74047c8ddbbae69b5069543d61d0fc,Speedway2
b161bf4746490b86dfcfbb0237cb6734,Speedway2
b85e728c4857c400ded6b584e0bab637,Speedway2
db10fb7b9890baf519f569dcc9af39cd,Speedway2
11d116ee3b3273ccf8b17c624709dcf1,Speedway2
1ec2c7b85d85b55c607874f358d4bb23,Speedway2
4a3b3179bda145dfb40221d5041066b6,Speedway2
63f9cf58868ca0725881993806aae09a,Speedway2
77a799d248b3c06f08254ec71621bb9d,Speedway2
7b05cd11156e4a31dc796f17e1d0b71a,Speedway2
9c882ca181c50971f4329ed93847d3d0,Speedway2
a5aeb71d2c0198b59a4cb20aa1377ccf,Speedway2
a7443723367921b0045d0113f8b6a41c,Speedway2
a7736a1b94cacd9c2af9860f56583664,Speedway2
d1b3aae49de0503fcb00944e472abe06,Speedway2
d45c415b47a915a4224b3a5fbf575957,Speedway2
fd29bcc10f72f82148ac314ff94a4751,Speedway2
20fdc5b0cb729106e1d0164163a10582,Speedway2
2a7816685c454301a62ba2770fa19432,Speedway2
4911d0a937b4a9f782f5eff5dd4390e4,Speedway2
4a5c299e303018ac7dbd9d927e2a0ddf,Speedway2
671f7a07f049a64361a4ba8087bd882d,Speedway2
b4190e84d2e932814e38b70335ad26ef,Speedway2
bb4991a893e4ef4f5532ab4362ee35b3,Speedway2
d39a03ceb56769abeec93f7776d118dd,Speedway2
f3a84275ec4d00e850205a707f4331c1,Speedway2
fe042dacbd1e81064bc458240f25720c,Speedway2
1f2527947112c9bc0f47bcaca819a99b,Speedway2
58d56bc7b59f7676c9899401475792ca,Speedway2
72f55a22010f00d02b80de944834ed7e,Speedway2
992e78b7293d5070b453790a0d4c9c6b,Speedway2
9c98b57c7444c0590a3bf73238bb324c,Speedway2
c599f5dba9340a6c98ada87f9c5163a8,Speedway2
d131353e52b8a4560258391f02c047aa,Speedway2
eed2c4e64498430a89bbe7be0f24feef,Speedway2
19c8ff2bc654c77cc548207d46ce303d,Speedway2
1ce743291d16e2a8655826ac44ccd7ae,Speedway2
2c6c9912216faf52c522960420114fb7,Speedway2
365442031e9f706d0db41cbc179e7872,Speedway2
4f1b5fd51746de7389ca1433c28da5a6,Speedway2
5cc232d8444c6163541bcbe1e3309a85,Speedway2
8910a1ce23bb2cd7b7ff96a6b357a08f,Speedway2
9a1ef2caef620ea17e92f503d06866e5,Speedway2
9f1a9777a8cff8557187ee70f675d7d4,Speedway2
ab09d02691112696f9ab11137e0621a7,Speedway2
aea8af522e6e798c7784a35dd76af7a7,Speedway2
aeb8617b3d336483b2501390af5f3051,Speedway2
71bfc1922ed9e8a01f96466a13e19f86,Speedway2
8b3cd73f2431a44d2030278033ac1661,Speedway2
9941384bfc625fbc37b0173da69441fa,Speedway2
bbcd3e2db7f702a3bbe176aa4e0db06e,Speedway2
c7806b77d7db01ebfd4af43c3bb50298,Speedway2
ceb2be2de144e7ef5e3817ca1d841c62,Speedway2
e789588629bc4be509e894bca52bc70e,Speedway2
fc0374e6537c707e0bde0a844fdfef0c,Speedway2
24deeae1e3ff754d94d9b94fa5a44468,Speedway2
6c074ff6978c014051b0d4f6218c52b6,Speedway2
9b6a977e949c9937b169efea3aa00f7b,Speedway2
be337860241fd01ae0970631e0674d66,Speedway2
d3944faa0523e8b62ed5919e21b45270,Speedway2
fb05c6aec4e96702887719fa3f898676,Speedway2
fda987a638354c85bdf37fc283191860,Speedway2
18b3a51b80a85a30acedeb6c1cedd808,Speedway2
1dfc55017ad1d2cafadeb80ad09dd4ea,Speedway2
1ef9433d74b1e5581b6f967335f65ca7,Speedway2
4970e2e4a229a85ed8153a9f6302d6d3,Speedway2
69b875d7edb35c83af8318f6508358a3,Speedway2
6f65df265029d3a8fbb506c22816b5e1,Speedway2
762dd68ca76ca35bcbf37a9d08e57949,Speedway2
8355be1f497d5b83cca709f6896b04a6,Speedway2
9e6d5c5e40a150115f33af1319842083,Speedway2
b0096c5b6b31ba2ec9e7b3048e3ab5b3,Speedway2
d544714ae3c86dc68bf351140a7cd90e,Speedway2
de0dc3231fb1c74c3ceabdbbd121d7fe,Speedway2
e0e08f1d3090a236ece4d118debfe67a,Speedway2
4441c1f0f96e9f95917e57a0acf971a8,Speedway2
4e0591e06904599c9d87c3a14f21abd1,Speedway2
8ff81a69f48235940d3c1b6043b1f6c5,Speedway2
a140f39cdca5e5e0706ca82a1d9d8b34,Speedway2
b6416cee8e1a95de5aaa7e20d3cd2e10,Speedway2
c958dcd7afc7c5236d11cfaa16e30db8,Speedway2
eae05d67b5d2f88a73242b18844aae1b,Speedway2
078573a4b9a5aff000f87737a6c1af0c,Speedway2
343c081e4b4cde7052fe82db3f1ce026,Speedway2
5147fe6b7b80df7edf85042d66e56bdf,Speedway2
8ed56de8eca9813dc3c4b670605534d9,Speedway2
93f28cc1ceb9d2be075b1617a41bf116,Speedway2
a654dcbfdf0701c6a43cbfad9bb08126,Speedway2
b0be4a19297f6aef487114956162501d,Speedway2
c1b85ffdf94f1185ec3cbee59feeaf95,Speedway2
c542d05067b3081de90a6d0a376c47d1,Speedway2
f0bf32e80eb8c1c013ff41dd6b8e9a50,Speedway2
2c183443bcc7495ca77198c9b97db982,Speedway2
356a4df5beb73ea6504daaf2fee1c680,Speedway2
446662d868eff3eae334d1ca6d2ac629,Speedway2
8cc99158a8351aef806ffb85596cd73f,Speedway2
b46ace4ad20c3605f3ea38e366ec0ac9,Speedway2
c51ce6997ce4583829176220b4676d32,Speedway2
f5062b5f9e66f7b69f961a3bf0db7243,Speedway2
f73db832e024caf2b576accccc408931,Speedway2
11728da20817db57aed5c8846d9e1edc,Speedway2
4a7d638029382b8b419c8262d6ff141b,Speedway2
541b8243feded7debb6783bf811a8c38,Speedway2
5552a4acbe282db0e5cdf379ab90b40f,Speedway2
6818d9461f181be58d6cb8ae1fb41192,Speedway2
7eb9a42c62cf3a8ea458f681fd2ee95b,Speedway2
832af688c235de84307605eb592a2aa0,Speedway2
8f9ef57b728b1c17b867d2613f87d0f6,Speedway2
ea0c5b9bb4a45393cc08ff5685d305a3,Speedway2
f53c2c36b87cf848a2cffd4f15658946,Speedway2
12136fb0effe759c0466fdb846404686,Speedway2
384140294388eee2f2d98f479d587f05,Speedway2
48326ff5ba5f17d4c3dbccea9e27cb9a,Speedway2
503cac00ed6d4d32489afbc3b5042faf,Speedway2
5a3f953df3e228314cad6b0daa2ca260,Speedway2
5c1421e1835088dabda324b019fba8ff,Speedway2
9b2fd50a0bd6ac612b163ea4c8ae5765,Speedway2
bb3621e04a6ece47efde63947773f63d,Speedway2
be906227c7f165dc98bf49e0ef47f9e4,Speedway2
ee3deed99ecc531a11b982ec1082ca97,Speedway2
1878cf8524e604203c9a5fef07c6ba5b,Speedway2
2734069ad517387d799185761183598e,Speedway2
3ba4c6895501b9b34280bae8e9f8beb3,Speedway2
4cb65ee15376333fc3184531960c1b3b,Speedway2
755e4b2bd10550c380c98f817f1d2b77,Speedway2
9cbc0b8e527c38fef064b758a11c20d1,Speedway2
47b4a4576fed0328ef056352b73afcd6,Speedway2
490be9786cc55dc2298a19e5b86d7293,Speedway2
7d7a4136f8be4690b12443e0948f5c28,Speedway2
a1afcaab107a809318701fb02413d899,Speedway2
a83e9111ec2c1217ae52c0915a9943d6,Speedway2
e2c625dd883be1f511af8c79131ed43e,Speedway2
fd8f63ca0d1e4114c8f4383f238bd327,Speedway2
16fb2baf095a63cce19363891a7eab39,Speedway2
364ad669ff45f381e937c20fec093bc4,Speedway2
7b8859ee542a9cd8ce41a7d064fc0874,Speedway2
8e9680f4fbf5f48be64a8b1437bdad21,Speedway2
9db257aa45f535d95040a1e34efe6cf9,Speedway2
9e4eae27fb37b89724bbe61f71592e2e,Speedway2
be08068c6c2815493b72001d37c6c671,Speedway2
caa4615b3d7d2c55e8621a37e86f3155,Speedway2
2154287f6c52c88022830596f766c3f9,Speedway2
2b041f665195f36c4f6068f44771de07,Speedway2
5ef020f8f81627de3ae9b86be4f8502f,Speedway2
75d99216c735f706eaf628d677b0a02a,Speedway2
86598d594f109d8e48d691794e8b95d2,Speedway2
b3d72d850cf4886edb97669e4068fdd8,Speedway2
d5f86f0274568e46a49b56efe3f918cd,Speedway2
34aed47186f715eecfb8d717d768352d,Speedway2
5960b7768975f4052d6b8934b563ca9f,Speedway2
6ee815e79734cb5a491adc692a9a1460,Speedway2
8612863fbeed3a5b7ace5acf5d27cb3b,Speedway2
9dd621c4d52d7378e50793f85d2d5762,Speedway2
a8431f7424107ac0ba0944826ea1efc0,Speedway2
b670fd13bb3cbd6700191bd09b3ddf10,Speedway2
c935f8b70871d6bc8e2209f6961eda15,Speedway2
fd22b4a7f5a02eda0de886195ff16cee,Speedway2
ce3ede04d4d6a96b2f8564fbcdabb2c5,Speedway2
d463ed1ab1160dba5a27083a51fc885b,Speedway2
fc6e396253b3a31646685355235d31c4,Speedway2
13ea5ad51736bb39bc495ee3f71c991f,Speedway2
332641aa8846880f2fe17a9396d4a91f,Speedway2
617a712503fc27118b98754b2b89eb34,Speedway2
63afc05bd365c2829b6bd8c0e1cda38c,Speedway2
78c90fd9acf174f900e94dccdb82e618,Speedway2
7b5c032ace46c425f80753e195585c46,Speedway2
7ef4f37ee3563becbeded275c6514729,Speedway2
82bce4b2748dbe22c93c348b6aa5d77e,Speedway2
a69f128cddf8029553dd983ea1de2699,Speedway2
dcdb55c1c52c9ed2dc497fead61474a6,Speedway2
df7c37a8a557452bd7ed59787004bbe4,Speedway2
09fe611d0d378a3a7be641c5ed73a97f,Speedway2
6492c9a95998f189d2aa8b1b4b67315e,Speedway2
ab02a2a600e17553a1111f71c0ec2c71,Speedway2
bb1a99cf8f775f3f0c72ef571be0a884,Speedway2
cad1b155070aaccdbb71b13393a6d843,Speedway2
e6021255e4bec1fd409fde43ee746c87,Speedway2
ee28fc530a96fea61e5684aad7554b6c,Speedway2
f6663cf3789fce7c14d7efcef5318894,Speedway2
1eb4befa16011485f3b13b3c4029fffd,Speedway2
21ebaa1d9adef6a2fea00122e12b3343,Speedway2
53083f9253daae11f4322e8786950cba,Speedway2
6cf94bfcfddc44535a2e536766d023f2,Speedway2
a7f4b3604900674392a50b92066b89f2,Speedway2
b6e2a1f15b5f27a9c35331b1fdb8c175,Speedway2
c9cfc6f8f6f4b6f8c3f7a73659a1c944,Speedway2
2bf5ef95bc739935b743ac7adaf10f41,Speedway2
64cfe269bae793a56ecb16c2a7576387,Speedway2
765268c5d52e40e41c4e7b9559b6cf73,Speedway2
7e51c87bfc08c09cdde667745f4c2563,Speedway2
c73dab63a0a3b00583f27207063426fd,Speedway2
c8eb5a80b93cfbb904bc1cfc0984537a,Speedway2
e80f33d8fddfd2f3029d62aefa88ea3e,Speedway2
f7b3694ed894c35cad09501c552c86cf,Speedway2
144a79b91f6b83b170fb79e0b0515521,Speedway2
4c8a3abc37c0ced2fd1dac2a8fc67a2d,Speedway2
73be2bef0aa2f212b2732c332a49059b,Speedway2
82ef80ba2b1ae1aa1f93e2ee0597e295,Speedway2
8b4c55e8ea871f683662ca43ed3b40f9,Speedway2
9521a5ded9f23dcf0536bccf1e1fae9f,Speedway2
a7281fe2d01d19c82f70266e7441f751,Speedway2
dfa12adb6fa9002898db22e6baf025a5,Speedway2
eeb6ae8a43201cb80894f5b394578e86,Speedway2
f39850fd3986aea834bef1ec4e5eb14e,Speedway2
0b8f338ddf881a1d8d7b51395b7dbf96,Speedway2
119748ced2d20244a8ea6bf90173f4fb,Speedway2
1a61ab6151c1966252fa45469e5ade0a,Speedway2
41087d2505a3264b268eded77f581e2e,Speedway2
570b82dc9ca68dd27af8b6e5384ea013,Speedway2
6777725b56bd1c0b201deab7b1d957f7,Speedway2
76db652fdd7057d07a90432cbf360d16,Speedway2
94f380a6b0f4cf253a7e6781237e8e01,Speedway2
b89fd4d0603e728ddedef6eda4b0e1bb,Speedway2
f29291796058b84f2578703e4130bfba,Speedway2
074d9cf25b89ed58b1a1b7f79b5f3876,Speedway2
21031ea26a88347b157e2268c23a6b22,Speedway2
4b48230402bfd995ebad45b057d06701,Speedway2
588cf411ada1e4dfe764eecb5d501f86,Speedway2
85987488c09175afb3fdf5545ad4e8a7,Speedway2
a5d32b8fb5a16df8b9cccf00ce621712,Speedway2
4b463e69dc8b6ecb310954bca07af706,Speedway2
63e7c0243cc3a6bf6e93181b508f6357,Speedway2
6789d34e6d71fa59f28fa5579407b5b7,Speedway2
6799d3ae870805e6adc9ae43db403831,Speedway2
864f2dfd3217bb14ef3f5680fbd63a52,Speedway2
88ccefc2f7a6ca9d3891ff33459ec5af,Speedway2
97e058d2c5ff26677882faa77c4e2490,Speedway2
d63733dd875297c6270ac9b2299d78af,Speedway2
1ada2edcc5aaccec241133286156410c,Speedway2
8df02e965dfc96c87c44b5b6c8b96852,Speedway2
a71e61ef9dca790eea28e1808b7ef8a5,Speedway2
cd9137bda1e8d08f9e1271395cfc6973,Speedway2
dd45cdc876426ecb4e703a48e9744061,Speedway2
e4bc3d6748751c1b806a52cc3a25262e,Speedway2
e7e6ae44dcb2e03435add56b9df79669,Speedway2
fed592ea63b3bd22f3546db8007d0c7f,Speedway2
0a53f41528c2cfc1680c79191123dd40,Speedway2
0c6d64f4b19794e43f9d2273f6049e2e,Speedway2
3d513a3ba6ca766b879254e2519424cf,Speedway2
438ead1680bc526a263aa501186bd552,Speedway2
93773b7a5b247b51e4ee1d43127ce31a,Speedway2
ae5548a6d1d39fee45a3b0e336458405,Speedway2
c1cfee33674419df9e0b366e99044d33,Speedway2
c29af6f2116efb9e6401ee684d354f6e,Speedway2
f45fe80babc442f231570c14e9af7b54,Speedway2
fdd07b1b473a19d7d3d9e2ae67268859,Speedway2
1712e01a387e55953fe0ef1ccf579e63,Speedway2
17bfd68a41b0a9130b20304f031499da,Speedway2
2369477e2effe446d07af2635432238c,Speedway2
28a8e72375f21b369868c3728fc821da,Speedway2
3dbad654e27708e36cedbf98dd580309,Speedway2
44429ef3909d6fdcd3e2f2ad3bb79a61,Speedway2
83c09a7d74c44d392a58bf5518261aff,Speedway2
8ce05d3752f0c48ecb75635a4672751b,Speedway2
c5334e1d0635b75ee99a7b9669284b7b,Speedway2
eb78be5c5e64c7044ec3cd25b7474934,Speedway2
f884a27cccfcb25cd3a3bba92879b143,Speedway2
257185739f392d3ce665ff95cbd66595,Speedway2
39a1f8912efc51c8688aea981803810c,Speedway2
4c607ba46dec3df68090d6fe764cb818,Speedway2
946a3901765b4cb035f5f0688c01288f,Speedway2
9a74ccb59bc70cfde39c67c17e20a48c,Speedway2
a7ecb281f0725eacdf218f67d2ab99cb,Speedway2
c4086d4d7d540919385a127153098651,Speedway2
d5d6ca72f1a2b05046f20a0d21e680b9,Speedway2
d893959f1a1b92715ca9542dac2b2c3f,Speedway2
d91b3f3c3e3ed1a0e59b4b0280f9a1dc,Speedway2
eac2912ec295a20f8d2cc480e9dc7ec6,Speedway2
f52a02dbce945d53ae8c4e71d84c2628,Speedway2
0a193834262959f74ccf48aaa1e4502f,Speedway2
7ef3e253a35e747993b7840a9da49e0f,Speedway2
916f91978ba0f33e6ef1c31c88cc94e7,Speedway2
a3449a53c16f9753b2d831df93ddb700,Speedway2
d2100cbdda55ddc64ff9ab0a1b067e2b,Speedway2
d5940bb60052f43515050c5bd61f2d69,Speedway2
db8c5d4dfddfe83774e4ba8512a44639,Speedway2
fd5f2d8479f6a63cf227321c120a15af,Speedway2
1e23f5597cb90e715979bfdc4ea827e1,Speedway2
213c05a79cfa2505f192a3c27009ce28,Speedway2
251d4a3f9b8e41f021defd82e54818fe,Speedway2
3f727f69534789f035bd2eb20e334d39,Speedway2
41ee0e9ea6e5ed65a410e8d2e28425a7,Speedway2
655ad6bb50e4c9e1a4bca2b0577b0916,Speedway2
6896735045fd5c8b0719e958284ea0c5,Speedway2
a16cd37cefdb481ee63ce1cc93a1f742,Speedway2
a5fb306da168306986ce2b5cf48e5539,Speedway2
abae5894d589249b1cc3e2052e6e38f1,Speedway2
c367ac2aecccd6ebdbcd37334a0ac4e4,Speedway2
cc16c3ccffd3d96cab0a117a2e44a418,Speedway2
d011256afffeb457116c7eb0508ed665,Speedway2
d01d94e6fbc76fb48a85b75bda875658,Speedway2
284d70218ceac662dd2c9d891e3ef0ed,Speedway2
2a8fa8df3fba03f358238a87c0fe299d,Speedway2
3f28aab5508586defa5cfa296dce9771,Speedway2
62a707e1ed547182acf60c232a61f2a4,Speedway2
7659d7c59aeb69aa208607a6b4efd784,Speedway2
8925664e54fed537899178cc1a9f60fe,Speedway2
999df2979494b24d6ec81323d4b110a0,Speedway2
a7075525e1553b6f57e229fb6c72d536,Speedway2
bc45d74cfa99dd116a00def4b2558b46,Speedway2
c02e7e35e621d589d3886db7f66f568a,Speedway2
c9da820cf42c3a9557d65c5ea0d8b90b,Speedway2
e20f0741448596b82e25e130e3f8d6a3,Speedway2
03367803675d8b2069afb8a414f63de9,Speedway2
0715ccd7b46c3d6efb2a87ccc83f5135,Speedway2
08f224cc5dabdad3a1851b0d5f4ea6a4,Speedway2
183b849f8b58ab321296cc41d76689fb,Speedway2
2f74503c20c722a07e9289c83a21196e,Speedway2
874d56cd6c75dc792d62aa5b68970ac7,Speedway2
920d2da91e254531abf62f8c21b65f46,Speedway2
987e607f96dcb7d5c09ebf54ab0373b1,Speedway2
9bc27bdf7875ca278551495e0deff51c,Speedway2
a254be3235b0938434e3410cb3850966,Speedway2
bd3e56513c11668abb74ab84909e0051,Speedway2
436efb8938b36e05598c14496c5ab5cf,Speedway2
6595d788a153e62e03e5db6354ac9ce4,Speedway2
891173c3f2fbc448152378dcc92c8733,Speedway2
cf021b2e22378cdbf0bfd53836ab0b69,Speedway2
d5d0d5cf3509b928db32f1dda68be310,Speedway2
ee05ef81ed39c96395f879518d81ed07,Speedway2
1bb7faa7d73fbfc76ad07860bd7ac7c6,Speedway2
2e4879279f1d8885a69f6519490c534a,Speedway2
699885fc5281e8673cb44ef7c457f91e,Speedway2
75c79715d51c558f131ef2fb157ce3f3,Speedway2
7786a70cb138add733e25d5c0ed88f23,Speedway2
7978f56c51b0d6eb6405a8934f0de930,Speedway2
838436335ceaea3a1d69bfbfd12c84b2,Speedway2
8c2b57c099c95b280656823a4909c190,Speedway2
a41fbf424a1850e3f7fba6224e0bc970,Speedway2
aadd18c952b5cd6a87fb00ea4152b2a0,Speedway2
abb8006be04a22736d1bb7766f2aee28,Speedway2
ae7329fa35929d9a8c312927af61db4d,Speedway2
ba7e7d2ca74985a648da2ab83294851a,Speedway2
d5998705e0c7d2cb01d7d11dda44d20b,Speedway2
0e221f19bd358e6827ce8ece1a2f8fd2,Speedway2
1be16d6dc92bcdcf112ca8fb93b3e5db,Speedway2
40e44bc9355ebbbd0ec891a65173793d,Speedway2
53c073a98918dcaa0ee0d64acc97f598,Speedway2
ab004658a2dbc014b5f20b8d838b3337,Speedway2
cbb7afbe09712cf69dfad973b2aa892a,Speedway2
d5fa5b1bc1b229b24093233523c7c033,Speedway2
0e84f88690cd2f88e564baefe5fa71a0,Speedway2
1bcac97fdeece07b4586e92c664cba70,Speedway2
4bceee1dfd6a35ab5cdf80e1cc0bf482,Speedway2
636604dd475382e02765a900217713de,Speedway2
66913858ea82bfa8cf0faaba67110fb5,Speedway2
6d2a641d225513e75f67b0d9fdd6da8d,Speedway2
7192a1c2be8762f5611fedec1dbd304f,Speedway2
9e676fa4a1f09e88fab76758563a17b5,Speedway2
a844a3ca6dde5e3f05847a1138259e1c,Speedway2
cbcd8ce13a18afca35b3c9149e245b34,Speedway2
ee82e34f226cedf2acb224e610f443f0,Speedway2
fb0f963d1a7eaa85c35ee11b307fadc1,Speedway2
0d43922da7e9a4db8105de10572bef12,Speedway2
8519b68e0ff4e98a7bc7a5975c1e5f15,Speedway2
932ef42e9ff2917fb02c5c44260a7c8a,Speedway2
9efb1c86879381b33c0bfae199a6ef54,Speedway2
aac23866939cf703c8dc14b7dd1f920d,Speedway2
ddec178ccaafb95399c8e10e30479f8e,Speedway2
e1fe6a9925e1aed8186c14922edd2c15,Speedway2
e857694da11260026b0b810441eb1358,Speedway2
fac4650075e1b9e53a6617cfa2891899,Speedway2
24d4cb24d6eb484297f4363cac62900f,Speedway2
3a4c4190493414acb9761cde916df075,Speedway2
5877d90b6de5178d7c4c1cb1b24e1de7,Speedway2
6e00de8ec235e26f6d1477b3907a43f5,Speedway2
a515b888ea1016f6b19357846566496b,Speedway2
ee8e975dcfa3c84efa094520d036b1cc,Speedway2
f5c03bc54de4bff5654a9589b3a212e8,Speedway2
0362de302001a216d8fea9c561bb1ec6,Speedway2
0e7dced672f75d7517509cae5edb7601,Speedway2
121a985647e1b2cd7d028c1f86de1234,Speedway2
347fb4fdd052680c2dd7034a7b1dfb68,Speedway2
349fc6ce4730ca7aebcf65d81fcb12c2,Speedway2
3529b6e287c099bb71c3fe3e4198f4d9,Speedway2
37f69b341b773a94c53203a6eb0f62fc,Speedway2
54aabb77c3152a5465921de24179cd7e,Speedway2
a7e543e19e65a0f9bf38025b01dd9e1f,Speedway2
ae4d040aceeaec8e5843df45af5759b9,Speedway2
b0cca75e79916df562806d45c15556e7,Speedway2
b584a6cda8967085a663d2ed0df78700,Speedway2
e9a46ed1113ea369aeb8efc8aaef7454,Speedway2
0bb02de91a51b5b331d433729af3acc1,Speedway2
bb9d3408de1500e3d25c3111d483c96e,Speedway2
070512aac3b54191b0efd86124ce013b,Speedway2
3e9d1142f7dab08100528f95512d351e,Speedway2
4624bf31b43192f5d5d6ea9b3a889f62,Speedway2
8925c00134c364cf422ef984d9f9a838,Speedway2
8e8fa0dbc3e28b2b5f3b6050b42052d5,Speedway2
c60b68a00426ca6a78c806b7f69837bf,Speedway2
26340b5981fc6200cccaa621235a4f61,Speedway2
3057421c11f9741a8139640250af0044,Speedway2
37468f6ae2aa827c86fe84abc5dda140,Speedway2
7547c7c12128bbd0b5254c3656a58593,Speedway2
a57ceb42f47fa1dd8bc35ef9d14842a8,Speedway2
dcc1e13f917ac814fb36bd3a0ed27ab4,Speedway2
15e2172e975018cd68d48a7d04a43c8f,Speedway2
402691cb9289f1e3c50775942568a521,Speedway2
58df6efe3def7762e80f5cce2bd95eca,Speedway2
5be0b4ed3309cba47dc26f389023b5d8,Speedway2
878e386a2a6ddb8b85707017f2bd6f3d,Speedway2
c3a0d73b035098ecb0e5e43246da6c93,Speedway2
da8df57433a35040ecfaf31653e13f30,Speedway2
deaef27b721252adf326db12ad621636,Speedway2
e5bae1ae22dcf89054470a281693d94d,Speedway2
ebef9fa66a921e0af1bbdb598ee9cf4c,Speedway2
2c1144501bdcc20da6248745352a2985,Speedway2
5478e61a254f8a6d3e876a38d400d7a5,Speedway2
6520c6280532ce47d3bcec50b771fe0f,Speedway2
719677bc319bed90f480c7c54d2b5f98,Speedway2
9074c89ea0abff7d6cc731976fa4cd58,Speedway2
a4655c46974ab5862fe4abebb2f41877,Speedway2
b28245c09a1c9e2ec245edf844460e6c,Speedway2
b4cf86094662245bfdd9c6943b35cb7e,Speedway2
bebb74d1c577c37217f3580f7f5c3b7f,Speedway2
cd7e9044dd929ba72fdd6b3b2acea4c7,Speedway2
e3cad33257e65a21368e52eb1e0b56fb,Speedway2
f8bce28147e88330eff3d9e9db1a5c7d,Speedway2
3c7ff40a1cdbe14287f2c536a19a8474,Speedway2
3e5a26a54a0ec9f8c4b2959a47a09a98,Speedway2
4a96ccbf03c8c2d68c6a9b9611958597,Speedway2
5cbe3b7e450682b7c5c987e3b15732fd,Speedway2
7a4be9d80518abe1ea4c947fcbf8c8cc,Speedway2
939ae61db2878e8a5f4df29aa2510711,Speedway2
ec566e7732b801e528b706c09ace8058,Speedway2
005c84d840ba5f6ce1772d2da3f9bab4,Speedway2
0d752cceeb53c68b72b01e9d0ad44f50,Speedway2
1dc0ccaa990fe67c90a1f35511f23a58,Speedway2
7cb5e9bfff84c7565abc1a927687879b,Speedway2
81e2d6386ebbd99974b628a10f307069,Speedway2
b2bc0580b4f564e7f232e98f60f87497,Speedway2
caee064692aea1fb8581db9f368625c5,Speedway2
f4a149e53e6de486a95e96d5d588b9bf,Speedway2
11520f6bf5b7ab5ae153c34c1a4399cb,Speedway2
2b0815088a386f6c9c80905f51ba4a26,Speedway2
35e48063954f8a6bd9022738aa9cbb20,Speedway2
5e19077d2800c9c0bb18ec9a86c23d62,Speedway2
65c12aa549c164e67fc9ccf3805d5c61,Speedway2
740ca41b1df2ac442d8a158e6a05a710,Speedway2
746f8c602b76f12549520c4694307642,Speedway2
7b45f6f411542eda033dcf79b7fd38da,Speedway2
86e9ff004081436f9ffc713c1d07ab84,Speedway2
a8e38cc9cddc3a2d227f0ca87e547fff,Speedway2
2da68ba921980239d7421dae8d00a0b0,Speedway2
364768ee04159e7eb9666c44f5383339,Speedway2
51bc6fa1b197a370ca9d8ff0993d1133,Speedway2
58d6188680a4c32bf18a2a3922b26669,Speedway2
7100833951c79dde2fc06c0dd96560b4,Speedway2
9feba7771cc34871b5724a5498ea5d84,Speedway2
a8715946dc3cb222a7b70c73e2df6937,Speedway2
a8f691a6348c7c8070369261093b2ffe,Speedway2
add657f4c65ac1540c1c67251100ae0c,Speedway2
b1fde1c83e820dc09b0e1749933f1685,Speedway2
c011cba27aa7a5368f1317b4ee31ac49,Speedway2
c578ecc4ef9273e62ffbdfaef0981a23,Speedway2
e44bb85f2749e1eb973405cdf994e41a,Speedway2
05700e906f7c65d4f763117dfc9cbcd7,Speedway2
09337298d7870b9c4d88e653e7c883db,Speedway2
3b07eeae8ef3bba1e730ba1685dfe34d,Speedway2
4703e5039e834db45d2df0929a161c97,Speedway2
65373ccb0e0d2e674c385bd90d49ae4a,Speedway2
7d1691202b71e294f493061a47f77be3,Speedway2
81e46f4b9ce240463cbd3d4356bd70db,Speedway2
e464e945e6130658bbaedef0bf7f7a0b,Speedway2
e7121a140f66699b446d3637cfcc698f,Speedway2
f8f6fd506d1e7724ee4d37aac93f181a,Speedway2
f96fde67c1c26f14afc2b5ee1db26c40,Speedway2
fdcb3b4b604a92e9fff4deb9322d66da,Speedway2
16c429fa0692ee14eb1ea29b4131c64d,Speedway2
47090fbb94e66eccf34be6c357499b13,Speedway2
56bbd46d0f43ea7ec05e6909a83d8f3e,Speedway2
7740e7430ef3e4ebd4e5e294b1270c73,Speedway2
9184d8ba4a602ca2bee3ec75043acae5,Speedway2
986ebad834801685d2ace2b5f06916ae,Speedway2
de6bd315af1ee5008af54879f4b0a457,Speedway2
ebaa028c00344cbe51b0f052aa0e18ba,Speedway2
03ec37320638ebd1f1b6425397169b9f,Speedway2
0c1d9325b1b57d559168402b65cd29d8,Speedway2
3a95a270d528040c2e45acc5b810e8f3,Speedway2
969cf9cdb802d0cd04ddef0507d8ae97,Speedway2
cf4dc8fad43e8c404d1b764679e1faec,Speedway2
e1240a3c45e9b8af121afcbde3d77f1f,Speedway2
fc089500f578aac85c6098fab6ff2145,Speedway2
ff6007b57b77e490ad86c89b57f74164,Speedway2
32a37c6012fbbd41562a8af2b915e87d,Speedway2
5426bbc042e5d3d3da61f85c8dcfd4ff,Speedway2
7d2445e3b1adf4911665cdc99759433d,Speedway2
8624eca0d0225218a844953fa53438fb,Speedway2
a82447c8dc38f6c65cd3dc30c658af32,Speedway2
c0b0694b110ad434328a3d33b5f98e9c,Speedway2
d8e3e97f1b456e449acf1f1f2e11ec25,Speedway2
da834f7c1145537e12eccdd52278ba7c,Speedway2
fa0af6c44120d5f65f9452d0c9141dd9,Speedway2
0c5539c773e84f4e6b90250f6e6225ba,Speedway2
14475596195a667713a71d2cfc8bfae5,Speedway2
14cc9a51b952ac539510278ae69acac9,Speedway2
21ac396a0807b9d5fe46ccc02aa3471c,Speedway2
3bef39dcc5fb53d3db4a5198a072efd9,Speedway2
521710c662ee819fdcc00f56d1fd7318,Speedway2
6f92f4bc93d3c5757efd0eaf444c0812,Speedway2
804769cd63be5cdc342d1f38c3e0c8d0,Speedway2
92074ce18f2cd38ac3c340fd057ee763,Speedway2
bdf2870ed1c64e75474ada6f759c47d6,Speedway2
0721fddcbc7807545ca52129f67ea424,Speedway2
1e66fbee40a8bcec3a7c1b179f309356,Speedway2
27fa3c66baaf39b4df098d309f127678,Speedway2
45d8088d9a6df6d050e0eb814c82fb7e,Speedway2
7ee0b31dc0eca48e0842e6f501351775,Speedway2
bd09610882eff098aaeacad4b8245b96,Speedway2
bf44bcabb5ccb352d4e0ede5831b4c6c,Speedway2
079378c4da1c63d37ca839a441060431,Speedway2
39d49ae46bc44b1b00f32915abe392b4,Speedway2
510424d83976d038c76b16b8f46439e2,Speedway2
68468407e52b2601b09f7cbd5c43980d,Speedway2
6cf6bb9d743469524f7b13f2e3510483,Speedway2
761e0a3b30960287865d4271363a4dec,Speedway2
931846c8a23c6c0f8cb029a48367860c,Speedway2
d3061bbf37051f66dd1e59ef0d9e4a57,Speedway2
e539e7ded2d25d03df19672ed548e398,Speedway2
00af4d489fe98d53501e77aafc01f308,Speedway2
06fb4c3764d09a914c6a6d0e86609ede,Speedway2
08f6bca5f082ffc576f8afff1617f46b,Speedway2
098a67c44f19d2dc01784ccbf58e7b04,Speedway2
41b1a05cab9ca16e84e03dfeec286bb1,Speedway2
4a64f13ed06024242781df20183e7450,Speedway2
7ab4849b70594ba444ee8c0d5d0360b8,Speedway2
850531003a221dad6876b2d6cbbcfc9c,Speedway2
8c59e1b279b973f2a5e8a90cc43d5941,Speedway2
a150f77e8c96f7b9e76eb6f19b80df90,Speedway2
d329a5fdbde3477c6a0373f621136096,Speedway2
f462971d3df5fc8e128b2cd9e08d0136,Speedway2
fb9a56e9f3c9dab49af1f13fd9f0afd4,Speedway2
3378a88f19d642e1078a37f1192f2e88,Speedway2
3d07d097e70ba6ea1b1dc03300c0bd28,Speedway2
582d399271de3a08075492bf2f1084a5,Speedway2
5a241bacda50c51a401062cdac79f955,Speedway2
9e2142be3e70d238c3f195e68a0021b4,Speedway2
9eadfc2617826f95b6d525fa8f44192c,Speedway2
a40436a2f11844e859714bf20bf4584d,Speedway2
e61f97c36fcc2e361cea714f54448c4d,Speedway2
08dd1603ba1cd02b9789c521abd23d1b,Speedway2
1972b0d173e91e52f94b3e9aa6175d91,Speedway2
21e28da89b11ce134d9b59ec2a08bf37,Speedway2
5bb45108abf87270e5cefd4ef41f4039,Speedway2
5d8a2ee12169008ac3e574dbcceb8631,Speedway2
63d1112bc994408c48ba7fb7d35bc5de,Speedway2
9091e3363caec3766593b2cf43f44efc,Speedway2
9a3fd150fa709b976fd7cdf2df3eb811,Speedway2
ea67e1e744e7b1d4be6099f7993b28c0,Speedway2
0536e8469eaa9d2e52f78fc2da27b651,Speedway2
184867d5c3394c91a7a8cebc3825f30c,Speedway2
1f647fb1097fc5cea45bb6cd8c6816a2,Speedway2
44a9c8bd6292cd3c7f26b7b2eb59fec5,Speedway2
70c4eb1f67ae5a1b943ec9f3b03fc7bd,Speedway2
8c1f4b1c2192ea564a394c990c0d2f54,Speedway2
b22c4b67e0b0d539d521643ebbfa7eb8,Speedway2
00a3bd49bf61b6fca7da5ca33135fcba,Speedway2
47e75cd348cb91f59fb21ab22d734f26,Speedway2
71fd15ab839ae4e0e8925dd916a3a414,Speedway2
8883a114d93947d7a366d6af46195d01,Speedway2
9105af793db9d25254023a8a5953e5d5,Speedway2
b7dabbc813484ec72594b4d1b5b28349,Speedway2
ff5d12b5d09086e0b88850967837890c,Speedway2
3680f94fe3616bf5f425ab318e324119,Speedway2
411a39402ca7d41ec0866b94a5327c55,Speedway2
62f40836b3751853e92d2e764d07ec18,Speedway2
8da8fea985934cc86e8292e4dc406c12,Speedway2
9a541783a1ed8e93bf596491cd5ae7ba,Speedway2
c6d46a233a43ac9ff0e5737f6bdcd0aa,Speedway2
cdf138ebb17b8f6bf48850e35b696959,Speedway2
d48a87d0379fdf01a93e3367621fa22a,Speedway2
fdcc5436d46f24522d9c95fe856a128d,Speedway2
005e4da60c0d4bdcc987d03c1ee56d10,Speedway2
22a6993b9a022333bd9dd043cf95a925,Speedway2
562f8271d7288c0363b42c115d84e734,Speedway2
9e098417074d6158151e0f5e585c7e00,Speedway2
9f4e0f158d9130fda72a1469cc109970,Speedway2
ba86ce263dccee47b56a76e97e1e11a5,Speedway2
c0b784cbeb2b72650c0eebfc4f60d330,Speedway2
fd0dfdad9e5925859b04568e8fb521d3,Speedway2
57b17989a2513f64c4d1f4770fbca1af,Speedway2
7d278c7da2e76cbf7e430060c217994d,Speedway2
7d5fea75603baaa0ecc9ca52f7ce284e,Speedway2
7f000cf548b427e7122c75fc763c7b5b,Speedway2
88259f0798743920be035b25f4171d80,Speedway2
a7113ad41f68b3c44c725b2c6d3aca18,Speedway2
aa681e268bc42c45452742e856b254ed,Speedway2
aaace7e6498a9543e422b2d96f4e82d5,Speedway2
f0d338c8f6464f88210fe6d40580bc71,Speedway2
07d9130c259d110755ea7a9e801757f0,Speedway2
1df1e35859cd43ee9a5d3fea6f813e5d,Speedway2
251f0ada331e2650cdf8a3f1f6a6f1bb,Speedway2
4d0bff97bdeb238806aadbbf01754d27,Speedway2
6092d71fef956d23ee859b0edc206d19,Speedway2
7aaeb40ddd9ca685ed8296ad58e9d609,Speedway2
7bcd2b8a1424e0913b5aac87b4aad083,Speedway2
cc7f1ebe8e4b26b952fbcd3be1f246db,Speedway2
f7fec120047431ef49088492f14f5fa7,Speedway2
fa4c87c35c2b22105ba74a7a113d2d28,Speedway2
08a4305318370d9b3fb3d614be3e1358,Speedway2
19667ada3dcaffd51c1cd42254a8a1ea,Speedway2
3278f79bdd168bececb19568cbc1ed90,Speedway2
3dca2fdbadb07ef03c5deff912429e91,Speedway2
43e1feb387f59b894c60380ea8adfe4b,Speedway2
579afbd2d9dc85e2db1542dfb4d1a920,Speedway2
a3d7c56a9e45404cedb8a167588e172f,Speedway2
b8b70e5841db08a09c9e963d65941bc4,Speedway2
cb46ec7270359636771d8edf77db21b0,Speedway2
f0b4a2fff47d1e1f1babfe7da1e96727,Speedway2
24c3adc330d93a55f157317689da1de2,Speedway2
2f224f3c79a03ff94a5d17e29ae27bf3,Speedway2
3b7fa440717810a901e9a459619f835a,Speedway2
404dcd2ae5722bcb3cd2260e90e7af2f,Speedway2
5224a0aff0ba94742819d4621f461235,Speedway2
5235736941227ccdd3e59ab0eb5f5335,Speedway2
7692f9449ea54fc1a58b17f7f18df320,Speedway2
a8b51691fcd6ed58dd4accac4096bf79,Speedway2
c1be68a46228c99c6f2eb7f8e0c7f90f,Speedway2
c9521cc669ef662e53a06a24b2ab7e3e,Speedway2
d47db7679a575d3e802376dd5a43b567,Speedway2
0b036ee49e6ed7b98cb16845be1b2485,Speedway2
4d182b2172941828f851cfaedf452c67,Speedway2
5647e2a2a154261d9f0a4f3936225b0f,Speedway2
5d4383131c41217dc40e1443d4185f85,Speedway2
7533c4b4cbab8f52b5f767591cf282bd,Speedway2
810371366084204d16d4842c0d9688a4,Speedway2
885fec0295490af7812fa9d5417bd587,Speedway2
a4c2ceafe222881c67e9498061a8c61b,Speedway2
d6b6bf2541aebebe8175db347b30f9c6,Speedway2
e1b043c001d978247621c5d1a6df0452,Speedway2
236c3f90df2469dfac182613c3f6b622,Speedway2
3baf1956e3b2135191ae45f28a1a446c,Speedway2
44c06f3f77fa52a715fb71d34fbf45a3,Speedway2
a9141b0f898d2044647505a306d72b35,Speedway2
bd0b0adf14a048672324c4fc98c3b4d6,Speedway2
d0497239b29377b85c883f83f26a1b93,Speedway2
d313bb2673c4fcabaaebab0591091b14,Speedway2
d8da2e92e2aaa5d9ffea53b97c7c2f18,Speedway2
007d37400482dc75e2688b88673600b2,Speedway2
46be476f5c53bad4dd27cc7c7e2c721c,Speedway2
8a13bc26446857417de418ae45c04d8a,Speedway2
8a94cad151d7da930b21be31c9a04ff5,Speedway2
b3b04f0020a285fc090bbee8d7f015ac,Speedway2
bdc35d042d03ae7a8f019a52a1996128,Speedway2
f333a497e65f476b7c02733533489fb0,Speedway2
f87838a00261531b90955484f16aeeb3,Speedway2
0f34a64d0c48914cbab1d4672de5375d,Speedway2
330a66ff2cebafc88208bbc7012adbec,Speedway2
4aae184a0a1d60dd9c81b9cb28eb3950,Speedway2
67c000e35731590e59a0c1410ac1029f,Speedway2
6f3bdd45a5c312e7df9512d402564420,Speedway2
7eb028f265aa30772f552d1e68c97bf8,Speedway2
9da6e92943717b2ac48ebea9ba3a24ce,Speedway2
9f91308aad84890234d8f9f2b57989cb,Speedway2
a9b92b6eb6ce26622a95e6a588204d24,Speedway2
ab8c81e318b8d04ade5f4c9cbc12e958,Speedway2
bfe7288bedac794aeb4866093d929eb9,Speedway2
c2487a5c00087318e018d98ffda69176,Speedway2
c97cd26ce67bb002fbf65caea1c8fe05,Speedway2
f904e4388163d28d57082720a97dc5dd,Speedway2
0b9143df9e7ce4e907c558e78daffc6a,Speedway2
24b22624a94b8bf5bd2e5129688402c6,Speedway2
4d12e0efbd088080261c0d7f67a283f2,Speedway2
4d9e3d6d1bf18bb4e48f5852cb9e5f30,Speedway2
75cbf7ed903e6f8efe1c45486cfa8f4b,Speedway2
3e4b559e3e3a58a9fa0dcfbcf3243d81,Speedway2
7322e4f31e127578f23c4ca561966933,Speedway2
af4cdeb6c12618b4f8335c29fca9b31e,Speedway2
cf5f06d657ba132722c20b46f2de19e1,Speedway2
dd15cc9f2c863e8a7e56eb424ec905a2,Speedway2
fcc8f41a065acd0c8911dd746f048286,Speedway2
0346c21dd2e0b4ade9d40824ebc4bb5c,Speedway2
196295ff9029ef0d14a538a20714c08b,Speedway2
1cd8f664fe9a27421e629fce4fd64749,Speedway2
21ab84d37f4a7e959a08c71112cdf220,Speedway2
260f30a559fa6cdc6c53d2b57b7b464a,Speedway2
2dcb6b38577fd0b7290060e7acc86ea5,Speedway2
41f691dd5dd44697529eb945591d9dcf,Speedway2
5661cc024c89a6ba901ffb783cc41c27,Speedway2
803dc3b525caa2a848ec2a35e7a92a07,Speedway2
95d3915ce30f78723207841d14712826,Speedway2
a3fc3a15909df053448a617c8148337b,Speedway2
a6ea63301a0089ee5abf0a62fc503826,Speedway2
a79b1a3866082ca22acaf624cacf26ab,Speedway2
bb65ca63aa37d6a1ea495712587e3a19,Speedway2
c354178cd305a080eb42858b6dffe8a7,Speedway2
e8ed012f60565690feb546efc05c7d41,Speedway2
22c115c93d43594b998b08f671a3d8cf,Speedway2
253d32eda953ffc7c2ffda3845be80f4,Speedway2
45f3d28dd540e661459b74e318c0903c,Speedway2
4c0ef84719e13820a18e7f9f32ca86fa,Speedway2
4e255364a8dba23071af2096bca51bda,Speedway2
5ff30a9c7cd2951fa1952bc6f6d204dd,Speedway2
981dbc3b23441913b07777e69fb88dd5,Speedway2
9bdd9c34efe41809649d15512d28edfb,Speedway2
b1bbf3cd65098e27cf475834be38baf2,Speedway2
ca12fee3858ed4921a4da1120c31294e,Speedway2
e9f14018684a573e497514f88f282566,Speedway2
f69139d36fc4c9b999a943d78993059b,Speedway2
1574ba987fa063a986ee67fe9e5338f0,Speedway2
26133bf2fcad2d98ff14e08a0619d427,Speedway2
29b49a1a2e2de8e34a33859b80031ff8,Speedway2
387a6acaf3fedc69f39aa791e82a04c3,Speedway2
4fb315efb21613c98dc266bdc2860cd3,Speedway2
500a227f74fb76d93a52832c261993e3,Speedway2
5768d91a1f43cc8852eb51be04ad843a,Speedway2
70247f26f58365ce39ade7045d3de027,Speedway2
8ce8311ee42d3a70a2e087f8af2f5201,Speedway2
9b970d08ba02703a8512413e6c624567,Speedway2
ad57e7f6e6d616cc84f147b0037eee3c,Speedway2
c273b47f5d4c5857b1b55f83272d8326,Speedway2
4849df13c67719de06cc449363c15a25,Speedway2
6894a8a967c0e31286a6973b69aee277,Speedway2
69035e3ec529c628810142faddc2715b,Speedway2
b9c02b61f16dbdbff783b1605895b0eb,Speedway2
ce298bf9c38aef90245e77ccd7b9fc5b,Speedway2
1c429895ce6f02868167c8f5fa6f4e50,Speedway2
2f49d44f7926ab10a2c50ebfed1c565e,Speedway2
3e30c043efd5c04875cecc4aa6bc66ba,Speedway2
4b900e3a52044f11ecdc4de803524380,Speedway2
923e6987f729c3b0685916a3349dffce,Speedway2
9e32ee65c3b996ec8f15ec44a0b7f2dc,Speedway2
ac91230430ab3b2c5f4d5cca1f6458af,Speedway2
097ae4480a218a7b058d40b0ab477c61,Speedway2
71082c977d39734cd19bc517f0b54edd,Speedway2
7dc4020092af7bb52b9fb9b47ed76978,Speedway2
fafa40be841dbb60b97aade0b311e6d2,Speedway2
4ff218f53cf761903b8309769827decf,Speedway2
50622e6317035597c539e7d533f710e3,Speedway2
5dbe23cca2709fbf042f633dec04cb59,Speedway2
75ad3110428979b436b68a733093b466,Speedway2
a16752f13a7dce3c4a1e308d0a6983e9,Speedway2
bb7aa6ce982ea280a4a3665a8263cba1,Speedway2
c59f895af5fba08e7eb57572828a2cfe,Speedway2
c7862106a7753e05bf62281fd66de014,Speedway2
075db4503de4c6dba4412c48e5367021,Speedway2
187438e6b069056a883dad970ee67d75,Speedway2
3a560831ba1897b70ecdf775fc78a85c,Speedway2
46086b7d562b5aac205e13ba25a30a3c,Speedway2
4da20f99aee04e230db0763a734c643c,Speedway2
646679645d6f615637ea9a0c6b304509,Speedway2
6dce9bbfb1cdd8a4f7e9f7f456b642c6,Speedway2
96a3d0aca63a4450c1ac9f893e7e07a9,Speedway2
a752ba4db3a38d3f29fd4fcbbc3b5b8a,Speedway2
c1e427c8ea84635969f2bf73a2e4bbda,Speedway2
df2e6d7e5df10af0a629019d53dee71a,Speedway2
e8563d5ab8f05c7aa8be0eda8ceb1054,Speedway2
e8af6c90cdd90f98ad8a94c31760388b,Speedway2
f42f54013eda74cbe891be3452f77e4d,Speedway2
2e6bf2dea367384cf724865ab0f682d9,Speedway2
369f248c523feb1c7e9cf55a38861e6e,Speedway2
4d8f66d979285222074c5ad67044327c,Speedway2
51b89b242d16add3e3c9b27e90cb90c8,Speedway2
59de2319c3934689c4841e5947cb3937,Speedway2
99c9bae116de3ccf9e11ef49717f8ccd,Speedway2
9c21a5610615ef5a25ebf69a50cee4a4,Speedway2
d4a4a913cbef31942863f36c21f1a9e8,Speedway2
e3dfc052d62378e8a9a48e9a71161a11,Speedway2
10dde08928e988b95689131392d25ca9,Speedway2
489b0df2479296581225ac6468593919,Speedway2
4beb99e07ae0c8ed932e9fb249aa411a,Speedway2
4ddd3c3fc743030af2bf88523f7bd15e,Speedway2
7e8128d82ac4e0a9b449c015fe94f958,Speedway2
8800838225162efc28319107ed2d5eb5,Speedway2
8e3f4bdae0736db2267b049413457052,Speedway2
e65a9874834c12204a6745bbf2c1a0a6,Speedway2
1f62c96dcc67dce362bfae0e85a06f56,Speedway2
3ad39f08fb4356c1acb21c0bf82c7f05,Speedway2
53e84466dfb766803f6f4577715f0873,Speedway2
637da956819056d8e669ae7bef0acebb,Speedway2
68d0f2a59beec05ca71eb5a124a498da,Speedway2
8a1bcd171c91bb7520bfde4e8584c3fa,Speedway2
92f0c6cbc40ed71143ec04966d9c5945,Speedway2
aafc111fd213cdc10b453c70c37f772d,Speedway2
af72b6be422d0eaefad29d3fe6d2a98f,Speedway2
bfb68d1da0c4a2df16b792428726598f,Speedway2
c63538538ece0f085f220d738a49f234,Speedway2
d826dcb76519b21dc29996d8ffec6b35,Speedway2
e6e1813a17233b851205ded07b4199b0,Speedway2
091911aa13bf402e5e972482cf13b45e,Speedway2
15b41fc2a3f574481335d05a8b5d79ba,Speedway2
54626e1a71b8cd66442ea69dfcd0f804,Speedway2
c34b9a467e3862ff1542f407e899e203,Speedway2
ce7b548cadbce288f07cf4da3fa200e7,Speedway2
e056e0e7506c0ac950091f1aa1227a29,Speedway2
e0d47514661376e3e279ad414eb319b8,Speedway2
f0124189054c21899a094b1f9b137d39,Speedway2
f2fe6f818ad5cda0838282d44ae70880,Speedway2
0074a08d4685f5ca07678ede75a2b07b,Speedway2
077e4bf05358c9708df6cb4c2d814067,Speedway2
4f83a0c4789ab78a02daefb43434c6cf,Speedway2
54b2af2f49666da24c7525cc20f98528,Speedway2
9466d64220b32746af00185bf1b25622,Speedway2
95446e2ad67c0ea2a276753dfb871f11,Speedway2
b8e022abc6644abb0c9791ac2997ac7a,Speedway2
ec4065e4fe9092acf71521906c2bbedd,Speedway2
092437c18c9dc2b6078c8ee95279d58c,Speedway2
16cd8911efed8e029c650f9a9f953612,Speedway2
31832114ab6806a46dc7e92c4b92ee15,Speedway2
5402e4c5691ff25a52f205228636ebd5,Speedway2
5f36c649b181c7930ea6d47fd5638d7b,Speedway2
6c26d798fe4339ea0aa50edec3f9bb28,Speedway2
91e59ac51cdf52cf20bdfda26b7e51c3,Speedway2
9776215b3e1e5d05633dc8ddd043a2fc,Speedway2
a004e790b4aca18ce9ae3b46146ea2f1,Speedway2
b427d2c695f8b310dca9526266a63e1f,Speedway2
c36d19cbb3e1eb60b40cd646f4b43529,Speedway2
fe706b42690848295ab3b30a6273ca64,Speedway2
ffe5c18e4157dbc3a1db736a411d850f,Speedway2
06b9448bf596a4737c36c8409d0b180f,Speedway2
0d6bb08783611650e5a51713a5e900c6,Speedway2
73f1ab60752ce226fb7a9977f450fdd8,Speedway2
8ce7b010025189549afdfecfd37ee098,Speedway2
919ef61deb8793e51508371c07791784,Speedway2
92faffe764e89d8109e425a6914e6ac2,Speedway2
b75430a44f8f11e364fc6c2172ca4977,Speedway2
cff536c440fa9dbf072a5d664f36fe5a,Speedway2
ffc33b69ad1eaea78395287c5d0d2a25,Speedway2
3513bb8a157aaf0d11db72f520bdede9,Speedway2
58a22aefbf76d5745afdc4a3c2f96ad0,Speedway2
6d1ab22769cfa02c093d20b41ad88d49,Speedway2
75793e6ccdce9b6b3c984435e08d8e90,Speedway2
75cd008a411a8360b9f5f3fee58cbdd3,Speedway2
a6e211419345db3857f65deee8b34834,Speedway2
08634042384fc2e43ebe0f48f86c1b96,Speedway2
3b6fb919789ca7d075576cc72a5da285,Speedway2
8cb32006bef83443f3e440cf3eaf9ff0,Speedway2
9f41b0117042a7bc8bf1efee36eb5dfa,Speedway2
ad2c9ebddf901141adb83a00b5697e16,Speedway2
b88828b5b71c0348ec4dc7f6a196d023,Speedway2
d04d73cd3fa8815c70714309d38998ce,Speedway2
d64bb805b7fcca2bed657f85f2e74937,Speedway2
e2ddc3baa91a7efb29fe6a2f9bfa036e,Speedway2
e44162b9628c9fa0b92783a8e690b3c1,Speedway2
ebbfcbf1ca68e2594125ce7d645ab5aa,Speedway2
f94188ee8be0ad597271b5ec725c7ac3,Speedway2
0df15248d40e66589d532897cbb810b3,Speedway2
2a302d7800b1ff6eb4a71538bffde609,Speedway2
2b403214d79289d0275f20562f9e0c81,Speedway2
2be18699235104cbe976ea1122a0412e,Speedway2
7e3a5fbb77390a5b01f213871aa22f5f,Speedway2
893c29b26383eb9ce58987e207b07dfb,Speedway2
910446ca239e3ae5061eb218847fb8b3,Speedway2
a904b34911c2a6a5c5cfd03b57cb4733,Speedway2
a989d8b4fbd94c81a41ae9fde66e5e8e,Speedway2
bc78e3cda25c3ceb1ef4132949d7d05f,Speedway2
cd95a2f699c003d810be04891c6bf06a,Speedway2
d1b95e97d77ad33a4c663c1dec73e016,Speedway2
e28c2aca311192237a86e26cd2d0b33b,Speedway2
01e8ac0e302ae95e42d4cdaa44a4bfa4,Speedway2
0d8df47e7eb3b2c935aca52629298751,Speedway2
269e822793b17140a102e98e50adedc0,Speedway2
35790c69aa4c9addd95943d351745b98,Speedway2
5346fc3bf4f3f092058efe8ac42fa0a0,Speedway2
606063f4248309a37ab6e69d4ec5622e,Speedway2
96eca33dca4048d47a5069e66355a9e4,Speedway2
a97a1a85d6bbded1f402cd3e545e17ab,Speedway2
d7560638dc55333aa1e6d9bee14a268e,Speedway2
eec0aaad944e316fdc154e47df91b9d6,Speedway2
f1fad79777dd1c94305d45d08bc21530,Speedway2
3eda5e1593d5eeddbaaa7bd7f861d7b6,Speedway2
59ab3d74ff46087337a1d9ade8edbd80,Speedway2
693a76a7b30e14a845c9ef1305ac1164,Speedway2
84e238a0cc43b5cd55527679e62fedbe,Speedway2
a2b2ec59ca1de1b6b20c1dd1a3b8900b,Speedway2
c17667aa16c967af8e1195f44d637feb,Speedway2
e62946752cc307dd5d6fa50f6751a46c,Speedway2
ff14fb1968cc0cb8bf0bb1e3358fc9d4,Speedway2
637c3413ad5bd9ad8a52819082cdbd29,Speedway2
933b41115c6f313386431adb09f7e2b5,Speedway2
a76193f99351963569f54160f9b5c25a,Speedway2
abaae52e4389017987713cff9e3e7d62,Speedway2
b842a1cec78ed32ea32ac3434fe6456a,Speedway2
ba3034a8c1f284a920606d8653acd87e,Speedway2
c44995d9e26d1a97f6fdd93347471ad6,Speedway2
151ffb1849d4cd85c7c7fb26c2b473ab,Speedway2
308103790185780024cdbc732dfe1646,Speedway2
3088882f6efced2dfddb01f69d2b68e5,Speedway2
32f5e5a71372e6be3a70498140759cbd,Speedway2
3d3353692bc22ce470d207531cdc2795,Speedway2
4f1059be03cf6aa96bb9fae48180c000,Speedway2
5cfef0b0d3b3737b6c288d0aa4e4ff67,Speedway2
a4c167d6ee6a1c219bfea18d768b6e8b,Speedway2
b98f976853a421a4097c16b6051b8541,Speedway2
bb6a0c829713a2e28f27414f1ad90298,Speedway2
dce3505e85d97fec2922c5c1a0b505eb,Speedway2
f3d2c918cefcb2fa47b4bde37b665411,Speedway2
0c9bfc77e1063cdc103944082b52d16e,Speedway2
43b77a9218a9e534fcda05141c788116,Speedway2
5b9a39560fd842400ab603b3dabcea83,Speedway2
91d9f7111733bc2b2d2ae31001cc5769,Speedway2
98c3c992c3babe081486865d3bfc8ce0,Speedway2
9e095ac3cd1e110df048a9f9e57776b1,Speedway2
a0f916db7e49de65517442847e5d99aa,Speedway2
d9dd9efc48a7940ce2af5c2b5e5f2b42,Speedway2
1d6e421acb9a5315819426548ad74b34,Speedway2
1f26b5fe2a27efa872a0dd300c6fb0e0,Speedway2
3f80b0d81cc48423c0f0676cb907a833,Speedway2
43bc0915ddf04ec11b65e54fce598f97,Speedway2
6edc9962d9b069d6ebc1bf23d68e9631,Speedway2
7100076faf54c0cd9f3c8decfddf1226,Speedway2
925265f907bb45be69abc47ca4f14c31,Speedway2
aa23f93604f5e1feb4223603ad8d515a,Speedway2
c400b2fe90240b5dafcf66ccc9555b78,Speedway2
fc0cda324cf4b9a6ec2f7fc2f955726a,Speedway2
2ae148d9fbacddf536e131c00346b77c,Speedway2
66380d9524d805cbf5276639b62f14d0,Speedway2
700b22944b8ee798ca91842fe55e0e3d,Speedway2
76208f94d041a81e711eca3aeadb200a,Speedway2
8051cc264e8919101ec232e2c1b01be2,Speedway2
e35b78ab2318f27d10ffc4ba872b9e49,Speedway2
ea76e50ac4793845e0944529937796ef,Speedway2
07b4e81f56e6fa5286fa94a14d536ab7,Speedway2
25e7133cbd2e98eeec418aad283bee8d,Speedway2
2ae43559b04d2505031d28c23a25821d,Speedway2
42eeb156b5d2550e47f90a6f7a4e25c1,Speedway2
9988f01c273d73593243b433ccf04bd6,Speedway2
e8f542516662ff4000a4be86c44fb66a,Speedway2
36cfed32c11a5f80aa5ccc0bca5be549,Speedway2
4830d66390da47007a9c687dad54eaad,Speedway2
692d3f2d09b9dc0eb4669699a4d13b9a,Speedway2
96a62875fba6b71427e4b275040c3a84,Speedway2
a30d582bcf886af0ca9f5026d9689d0a,Speedway2
b00d0b149b1696b8474f8e95ad17642d,Speedway2
ee191a03b662337cf4cdbdbdbf105615,Speedway2
f4cb60e21119d5fd283c57517fad7427,Speedway2
071edacaa27bee43079feaaa43fd224e,Speedway2
0950233b219f1cd20c6f7b633cac40b4,Speedway2
0a3871dd3915f6b459e86da1210bb115,Speedway2
50f4c96628d39a514b5cdfbb8056076b,Speedway2
59391865b8f067edfa0248463b6396cc,Speedway2
595c6de0953574f1da38a903535595e6,Speedway2
59d5e378f645a116d0e6f7e12d7d0ac4,Speedway2
64ea2b19635d7b3b08cbefaee843248c,Speedway2
996cedd27b1b7da0dc751fa59319ca54,Speedway2
9c988e31e527b7560fc8baf9a977181f,Speedway2
b026b3d0ac76331171bb3e1fc1b66a89,Speedway2
b0ef38dc7c6ba7508cd129613ef0e49c,Speedway2
b71267e2999289f84ea3443f37630cfd,Speedway2
e91467f60b3a326e099a0c16a4323af7,Speedway2
fb052f4ef1eeff11d2bd0e58e70cece9,Speedway2
487807a842faed5d97caee971258ec56,Speedway2
507c74aa219f7d962262f1076003961b,Speedway2
55ad4eb68f536f332295909a2579f686,Speedway2
5b42bd6c22c573a9274eaa6a28e52c3c,Speedway2
6275404cd61fedf9d763153438e29378,Speedway2
7791507a7d5c41251d29df1d57cb13e4,Speedway2
ad4d6695eedb18686ef3054f228cafb6,Speedway2
ce71c5a713dd56031b453cc8a375ea22,Speedway2
eaa9214cb0b2aae9011c5024bf0625ba,Speedway2
f6e09d07685f6f7b57f5d87d79e0d11d,Speedway2
2c108d8f17ca4311ba0ebae8f5a95b48,Speedway2
5a1ec873dd2584c4436ac377386796d4,Speedway2
6183c31659b24d151a02988e75e2856b,Speedway2
ba3058aa8b298d4a7ec8448fea4eb03a,Speedway2
c009a88b72e1c677cd8f93ea7056cc0d,Speedway2
09cf59cf94eb645791ac63182ff7064b,Speedway2
1af838c8d4ffc36ad0eef0be85371f7e,Speedway2
25b282f807ba72936dab9a588a103be7,Speedway2
4bfb8e0fd8c03ee77508ca64a8e9cc1d,Speedway2
4d0a77255859453bdaaa5e7d7608a357,Speedway2
842d8430aa1f890f28f57c252a29a3a2,Speedway2
860d0155a4b3df8857435453a77c4734,Speedway2
981724d922abb4c2576384e978d977a5,Speedway2
bf109beef8477fc5ad869051d91ac8c4,Speedway2
dd1b2b3a8d35faa8169a27907b74bd2a,Speedway2
ee3cba172ef1122753f06759ce38ab30,Speedway2
07527276ea7f09839ad90820961c2f3e,Speedway2
078d456fde175903f8459db1da8bf99f,Speedway2
13b9a6669f02376ff782bd006caade32,Speedway2
1f2c5a633aa5b526af018b3dcb37013c,Speedway2
228486b6c8da8872ed2d6804fad4caaa,Speedway2
258ebd60b6518d16864079969d7c85c4,Speedway2
4b5755662475045586327f3a3e3f60e8,Speedway2
528a5e86975311286549191c55f21ac9,Speedway2
6c76f3cb362029a32e73a12738800b8b,Speedway2
a42aace99cd2987f2cbdccc65a8071d4,Speedway2
c65c0a3a23128d6dfe427c3c022bb5a9,Speedway2
d6765724e2cb0ac5e6099a98693ae577,Speedway2
fefdc732294fe2bddbc08f90b458d39e,Speedway2
0171d1547a71b5f47f4a95f22d5a5b90,Speedway2
3609b511b4ba14a7375bfb130e28d59f,Speedway2
4da8c64e73ce1605c3781eb8473562fc,Speedway2
8929b7b95d89ab9a63c54fe1a7e2aa9b,Speedway2
f339911070cedf8229c49134f77a8492,Speedway2
01ceb89841885eddcb4728f9ca38531e,Speedway2
23549e2df57b52a2c0303602c6dfd7cb,Speedway2
6e41675570d3ab8f69e0c0ba04251d18,Speedway2
7394af19a92dcdcc8f9de379edfd0e98,Speedway2
880f88e3a65f97e0265bc17a2a9bf8bd,Speedway2
9ac571fc0881b0eab2396466af62c7e7,Speedway2
bd0dc5f6810caa898654c38e762a2b85,Speedway2
c10b44975db006798b3768122e1a055b,Speedway2
dca7321e2da17ffd54e2eb6fbf860e9f,Speedway2
ee09b329082a6c00d0ad5d223a5f0b8f,Speedway2
f7432c53bbf95b91653941852e3f4bba,Speedway2
24c6bea5bde9966d443972840bcc12b0,Speedway2
3c1a05e57eb48a3f4ac0ca5004402504,Speedway2
5b6ee277416d228d3cadddbdab4b9dfc,Speedway2
61a0adeee0a9ad91992058f9c93b686b,Speedway2
63d8b5c7324dfeb337f9d1749c157d04,Speedway2
69032cf20590232be037782d3864773a,Speedway2
7fdca3f0a355fb681c9a90334c48e7a3,Speedway2
8ef0b6b70676337ed448847b7dbf8899,Speedway2
9a1f1cd61bed44a5f5c4fe3bb6627c42,Speedway2
b3a8b3ff528539d8f6481ee4fcfe5d6c,Speedway2
cf6b83dbb6efeb313b62a58a24d45c52,Speedway2
001c80851177f21fca170b00256620bc,Speedway2
33f1dcafec3c65746b5a003e361e7b1c,Speedway2
3729c7c4625d7370bfb95dd7c7c7b73d,Speedway2
3909b57e5cc86bfcb9f541b1b2856a1c,Speedway2
4e4b15f47ca8c8371de6a23fdf17e365,Speedway2
509c06bee7f79f5c74b35211af14418f,Speedway2
922eaf554b035583f033ee774e05b834,Speedway2
a4d5374139974a200c67e16e778b562c,Speedway2
b0a75df2bf605dbaac14d6625ca55821,Speedway2
b402fc5272515c1520ef2d0cec377133,Speedway2
c05f0d20e65ff5596c374a9958a0bc2f,Speedway2
1877f4c0881faa7aa3c681aa328e973c,Speedway2
262a2950ded8877c000f255b6f85d2f8,Speedway2
2c97ebe9ff34ec2cb7f4cd32cc6e031e,Speedway2
36a926c853c3b96bfd70186e37f7574d,Speedway2
4808a75cd1ece33d6784923607a4c4b6,Speedway2
70bae886c2b1b057e47176505214f574,Speedway2
77270a12c607fea317614566e85e3b4a,Speedway2
b08821903caa5b2734a543cfd8740933,Speedway2
b4dffcf85ea1bce1742f34a1779adfba,Speedway2
06abf13dcdd7d9e436c1bf997e0469ec,Speedway2
1e0ad28339c3836b209032be39158780,Speedway2
2a1fbcb183746e940793f51b3034b451,Speedway2
3289938984fc47ff2ae1770f0835c82c,Speedway2
44c9146f355c1162c0c30e0bad0ad0b7,Speedway2
9cdb88a96b5d14dc766706803cea465d,Speedway2
d29cdd89cc8f1b2b27a77eee0d073eaa,Speedway2
fbaae86f774def126c35a6b8eb0efd01,Speedway2
063afd16c4a43d91b0d8d25a997f0301,Speedway2
096ac8481982131cb9f343f289854481,Speedway2
152c0d0f1e02cb7485609c045ea01f2f,Speedway2
2a4462b361588606ff503f99100478bb,Speedway2
505bb64e6cacf8fb3bf6b80ba38fe76e,Speedway2
5bdd660b7610d278ff51bd0b156660da,Speedway2
d71cf992a92631bf363dc0eef189acd7,Speedway2
e6a12315456a86ca4d63ab509e294d81,Speedway2
136dcbc843be603987f4d860593b3daa,Speedway2
3c75fdfa83b13f81cd4d7ca22436ab47,Speedway2
45d63719bdd81aa7b4279d7e323df63a,Speedway2
5c819acd2e48a788d6cb60a0191a84e9,Speedway2
639f07c54a3ed35150660478229adc68,Speedway2
919f7de939b1f81d84e18fb73fbd291c,Speedway2
992a40987e9d9fd72b48809a78b39fd3,Speedway2
9b882e8259c08eff6f78cba0cd94dd38,Speedway2
c9872227766a59cb1cb157799a171b64,Speedway2
dd8ab6660885838520603d541dd8bcd8,Speedway2
ecca3e1507ccaea94dd6f95743aa6277,Speedway2
ef949f0ddd61c06d6ccb18f662a06dad,Speedway2
fd0650648d9cc18609c64674bdd82d42,Speedway2
fd8a4103ebb3da97004f12d05c62e430,Speedway2
27bcfddbb3caa693b50c1590d6d45df2,Speedway2
3d2452937a145f3a4260060ab83eadf8,Speedway2
7404ff5f1acdbdbd75aa2ba69b60aedc,Speedway2
7bb83d0033bcbb925075d3f4cd402b80,Speedway2
8667333cef3776c8af9b1fbc6738e234,Speedway2
8906555fe041a8c7e20253a7e7f1a644,Speedway2
b566c538cdfece2c2fcb19a0f4a1226f,Speedway2
b863dd47cfd264639ad8f0759a6ca150,Speedway2
bc842b10e1906e4dcb22fb26d0889493,Speedway2
c1839fed58438eb57669b961a31375a1,Speedway2
d3732041f6b75bc92ab29d5516c6b76a,Speedway2
d44de228aacf23f8278cad8cc014aa82,Speedway2
db190e573338f865dbd22384c4c7a662,Speedway2
16ec56ff5bc6a8fbe6f5ce4919812b77,Speedway2
3fd73509635952fa2c9e308778a15ec6,Speedway2
6fbfce4a3810f48ad563fb3db5e0e17d,Speedway2
c7018b48ca36dead758a7968f54610ae,Speedway2
ce27dc32c0934d182d37e7cc202cf4cf,Speedway2
e2926dcfb9a496fd1fe55d374a19054f,Speedway2
eb185fa95a622d8eaa5c691d3317ac3a,Speedway2
fb3861cfbde0ed19881f20352c7147d0,Speedway2
0c348f84e4b86322480be230c8051922,Speedway2
10adaa07123c6caf53ab6332d6ad90eb,Speedway2
5a30e71fb8dbe9498190115846b47fce,Speedway2
5b4709bea8ddd7ce8e42cb41dee9692d,Speedway2
68e87c168d6789178eb72b2b8766a91a,Speedway2
7d6a2a892762ba09053ac5f4d52cd2ce,Speedway2
89e875adad4a1ff0689d1cf5515b167d,Speedway2
9cedd299516236b8cd2e827902029e1a,Speedway2
a335a89d67cc6b9adca5f62de65c6593,Speedway2
ae8abb6c32c5bf5c256937769fb30c3d,Speedway2
ae9583449f1b1207394e00d3807df3ab,Speedway2
afc5c25e1a764979ea8504a56b542ebf,Speedway2
d647ea3db7d6957c2c56ae77326d6098,Speedway2
f15b67bf698a1ef7af14c87c0a26ac58,Speedway2
fc529ab2be564db0a3e7c795f8ae1c01,Speedway2
255ada5178befb800541ce07257181b7,Speedway2
449ed4a108d0f66f68ee1d4e01866b18,Speedway2
8ab62af07f58298614a016f66f4e7e5a,Speedway2
8d5d51e269129c86d52378188a80fc60,Speedway2
959a5920e73ecb8b1c20b718ffe2f855,Speedway2
9e9f1578c49b2d7bbbc4363f2eb4e8fd,Speedway2
e826d696f955852c5e36ec3d29b8b734,Speedway2
e8f97b5f05de8dbbfda78aba7bf703bc,Speedway2
ea89e8fe089a38fc6ec09d32ad98429e,Speedway2
16220402380cfeab27c3288526153ae3,Speedway2
1e3d1eb7ca589b575e66e50a5d0b1023,Speedway2
751df607dd24f1a9813abb156236fe16,Speedway2
75710e99b7a74cde7b8c7a162e1d1963,Speedway2
c17ad0fac2d7a54782e79149f1c460ce,Speedway2
cd90533fbac689456338288294c73d7f,Speedway2
e06c0bbbbaf899f3bba6bfab2a60a12f,Speedway2
e394e870a5a26e672068a034c28ce7ec,Speedway2
f0a51ae1770753adc7478b6a887b4cee,Speedway2
f212cd2810084e27075758200894799f,Speedway2
0634d0e79f2bd712447db033620f5746,Speedway2
1e76d16819a89891a6b7197aacf070be,Speedway2
259025b701471f28837e86ded67d2871,Speedway2
ae9a9c7c1b2eb03748e3586ff1aa8898,Speedway2
b96aac2867fd90ab9ca259faff907e94,Speedway2
bc2a2575f329da97278a8651c5a42a12,Speedway2
bddcebed02e8b889cd21c2a04c88aa42,Speedway2
cf11fca72839f5da963a551588db6137,Speedway2
d06dfdf082add0af2f6abac64257f046,Speedway2
f18ff27ed40ee2321108f82975bf749d,Speedway2
2ccc43dd812bfbbf35f5a75ead944238,Speedway2
43980d2258eb853b1ce7b42d6dadba74,Speedway2
4569e1c358b0184c51367dfeacc9a882,Speedway2
680e939dff6db0a2a48e5d2625761588,Speedway2
885a340aff7cc3ab0571b6a025fe56ff,Speedway2
8a85c7acb4355a63fdadb6ee6bd9348b,Speedway2
9215f645c36d8edc4f6aebcfefa68532,Speedway2
9acb0326121a75ac1946d234902e03b8,Speedway2
b14ebb4fc70017578b25023639153dac,Speedway2
b3bda18db3ffeb268f3a865ca0b3f6c8,Speedway2
dee99239c8230576c497190a37f62fed,Speedway2
00817a50d8e99688c8a0a35a198cea58,Speedway2
2fbc8e1bc7411cf9e889f277e2337b25,Speedway2
3a1757fb1974ba9c3218607b8f8d64ef,Speedway2
5fa7133509f1afc77b52aa5d33782213,Speedway2
8aa49df7968a4d3a367fb4fee4248a1a,Speedway2
98392fe721d2394c57a6192ed6ae7e8e,Speedway2
a1c4d014a109ddcc917d19d95f0e1275,Speedway2
a6e573e1c3eb671d76493a01534a6a8f,Speedway2
e91312c96cc19d2d9f0a20d0703eacd7,Speedway2
f6037a04cd9bb1d7a32ace8f2b781ca6,Speedway2
fcdb16e2f8aa79af985b1adfa3ef11b4,Speedway2
1e84cc82c9a9137c9f8ef4fecb74b517,Speedway2
2e1d7ddb6813ec4f14bfd44589d13c09,Speedway2
39db1c2f5c53ac3c7852050d56cd4898,Speedway2
3bb68842edd9b375dac099ef923be73b,Speedway2
4bfd475db366b07d0c0e865c09305fd6,Speedway2
4f6cd9ca6850afdd1822f79acdf8c62e,Speedway2
683375af64265e40e58535982cf58085,Speedway2
68b0f9c343909d614bd3fb50c13fba36,Speedway2
6ee597e70348239f57b8ee68566abda4,Speedway2
8e5dac01dbbee61385a9a02bf0847725,Speedway2
a7ffcd77f7075292ade25e04e65cbdb8,Speedway2
1b3dd35f956b65ef6f7d2315b0541179,Speedway2
8807558b3e0d4e6d9e6a6f6407afc247,Speedway2
8eda9bab8d8fa1c42dc28740cf344029,Speedway2
b724baf09ebfc01aeb963b7148151f43,Speedway2
e9f8d81b4763b78b7fc1e73261d888ff,Speedway2
eb2286db2ca55ecf5cd897b774ef2ea8,Speedway2
ee38fd4ddc5629f31ce6072cfb8fdc09,Speedway2
3676fac2c5f57638af9f5907d3b8c111,Speedway2
4ad1c5cb5bedcfcfcb89951d1791b845,Speedway2
654d5cc9f957a7791960d906c242f418,Speedway2
6d5389efc28f3c452d879a173432616b,Speedway2
7a4c3c5a732279f1a9da7a3f07bd348c,Speedway2
81c655f6d7868e767d05617f838eab81,Speedway2
aa88918a23016f7346f3336db4bb32aa,Speedway2
d46f4ac0ec8dd37447bec9dc51d56a08,Speedway2
d7630913b7bc2b22b8f335932222fe12,Speedway2
189e2315f367b58210452944e88054df,Speedway2
2c6ed2f9ee04ab69fa262c5476a4eb19,Speedway2
417203ccb479c9564e66c3f70a3d8d03,Speedway2
4f4fe0467f716e94f75913a503b15129,Speedway2
871634dc82efdac28169fa1d5112207d,Speedway2
c5599e5959bb7e70ba78956e5402cede,Speedway2
da061e51fb7e541d56240db44019c2e0,Speedway2
e612ce05141508da9df36c1935ec57e7,Speedway2
1331a5720d76ce4c5dda4ec9134d6fc8,Speedway2
4d6fafae3cd899979f90c6f693cc56a4,Speedway2
768841da831ef9ff90619e296f1bf31f,Speedway2
78cbdbfabaf714fab18157138735c068,Speedway2
8096ae5e3aa6ef533a4372172fd31915,Speedway2
a2c9f0f13deade12e92d49202f4d73ac,Speedway2
aa76e7b5bb0503edaadc8efc140c5800,Speedway2
b3034b99f3c11d6f070318614a5525ad,Speedway2
c79ac1334494a1e6a58a8e442d03aec1,Speedway2
c9d16938c796fc2334bbe2e5d4dc1d7a,Speedway2
cd10693ebf1f2ccd029465000d994d8f,Speedway2
e371729ac41510cfb92160c8e428745a,Speedway2
0a8e0441fdf3946f489440ae8e514837,Speedway2
0bc21c72c18aadb6a49cf0fca12d177f,Speedway2
45951872a3f8b051a4085a4f002164e4,Speedway2
746cf7e49df40e4e20bbc3352ea17192,Speedway2
8e36b16be673a50b96c6a62990198e24,Speedway2
9b2d81f8fee16509a883e8b8d4345928,Speedway2
b9c54c16c3b976ca998c154261915dcf,Speedway2
bc11bffd3d4d6e8a68bed0d4c17a8225,Speedway2
beb3ca753d909578c1a3d6c63cc7236c,Speedway2
08bebde3dd6c4a8f6408d82cf0216c41,Speedway2
12269d49717f3937eb6245a25c2ce98b,Speedway2
144f7a121486d50337efc53a40792a61,Speedway2
1d0fcab5f78f8bd298a80a028ed286c5,Speedway2
1f0fa41b3b6a4f9f0c65ad59dbb69899,Speedway2
35130170387e9f8be403805b1b1c9974,Speedway2
365e0d7d33c794f4f3b1a3461f41d49d,Speedway2
49482593c1f237934d856f2aee7fbd7a,Speedway2
5ecce644e2893ab89a351fe1ef4b0b8c,Speedway2
612f7d5ea1a855d2fbd2fd35a6412453,Speedway2
8db8bf6a159612ae399cb63f9963dd20,Speedway2
a00f816b526d62cbe94fd5c154cc3775,Speedway2
a7d01a118cec511eeff408e8dde8d26c,Speedway2
b1321af2da7c82ab00ca1d6d26a06e55,Speedway2
cb356a16f9028f1ac6bda5d63e3bcdc0,Speedway2
eb6770d86351c9785b9e30ed0bbb3e59,Speedway2
f14c14d68c97190bf7cc97a9a1b979dc,Speedway2
04cbca1b39ab4c38c2996dd33b7e780b,Speedway2
09e7c558b02f2390e3e75f235e5be13c,Speedway2
27fbfb02eb363e56e306aa00f8231f21,Speedway2
2e12c73063c5c75ff0deaded563abdba,Speedway2
5326b1e85dd1ec1672088be0f49dcaf5,Speedway2
c312b233e456882a19d8cf07f61759fb,Speedway2
d2c96d2deb040b3ff960b5c6ac83500a,Speedway2
d84e5d73352bc57e206d702e998b6918,Speedway2
ea49d893393c91e11ce2fea6ab4aa632,Speedway2
01ee7c3dc717c336f316ac2628784a84,Speedway2
3f0dcb975f4b7c5c76628509f8f93649,Speedway2
43107626d74980191ff6bbd81af1ff35,Speedway2
5551290ea65df711f2cae2f415ce4314,Speedway2
5804fe5610e5fb6eddb056a94f821c30,Speedway2
6006cf3088993eb2b1c6f6703303cb08,Speedway2
6cf934feaed6238ebb4cac16fc998594,Speedway2
a7e7c25cca8a08e2239c1de5b47671b0,Speedway2
b651b2992a8d557f2a858e4ed3241e89,Speedway2
d8b152c98889419a40d75b8f76937b5c,Speedway2
1587fe15c5de0db12be9542930d9c7ed,Speedway2
2e8aa917d36253a738dfd48214ddf1c4,Speedway2
4ab7ca88e7c0580743ce315d7e36055c,Speedway2
7675aa8d8a0b4449f0518afcfa4d4f45,Speedway2
834f2730faad3bf17389b216d3769979,Speedway2
c30512e5efee3308f4704059ded3004f,Speedway2
ece85b888c346cadecb16beccfe5788c,Speedway2
17609b421c315e46e049e6e6b09afa82,Speedway2
266c6ac66c88ff60d31019281b17e964,Speedway2
7a108bf1f311dbc77586d8a9527864c7,Speedway2
7cb9d166ae317fc4a6de35fcdd7ba421,Speedway2
cd921975dd885517349c69d3456a5585,Speedway2
e448a86872c9bb3e25357d8be8048d0f,Speedway2
e75442cc126ca37fa53da651743b776d,Speedway2
f627f0f46b91b12b13c0a4521b937897,Speedway2
134e7f4d15cdc5dc7d8910c900be72f4,Speedway2
349d6292865d20c234b59d604fe7f89e,Speedway2
59c868f07b690039324d7c3c33316b72,Speedway2
821378b6e04dde823daece37447821ee,Speedway2
8caa51c3f5662c09be15c342ea95b109,Speedway2
d47cc598316df82ebe026bf9bf87e1f7,Speedway2
ec16926328f7b39a1cb7ecde5301bb34,Speedway2
06f1adee831bc973eaab6790a78efb63,Speedway2
33443ab664dd6f56ec25f03a964f41da,Speedway2
357c8c212dfa30cb4b39c9ed73923705,Speedway2
5c81438c3f93c5a1bd5fc547e2681d7b,Speedway2
69229ce23f9ee14c845051f127183f9c,Speedway2
94f7a35354c17cb0df813b983918410d,Speedway2
982722729aac02226356aee4066dced7,Speedway2
c83d8d89570e9908f563098c7485d0f3,Speedway2
e01cdd786b0939e6c8eb0350ef6e9105,Speedway2
ee8316df184acddbce41750c9e7f099f,Speedway2
159bb648d426f64d370b9cda57e824da,Speedway2
2a560924585aefe7448c27664484c148,Speedway2
3b1c4b3e82025c4d548b69b52e686445,Speedway2
3be818396be921846888c95d95b0a684,Speedway2
7633375dac1588d97d39dab385d5a8c6,Speedway2
8b130b12f7dc3410f3322ed4c9d05b3f,Speedway2
964724570820617f6af7a3ff624c5b36,Speedway2
bebba49553c1f03241b0f541325f77e8,Speedway2
d0cc656ad37e2c9b107fc88cb1bab7b2,Speedway2
e72d17e70868c0e25cc446419d636fdf,Speedway2
08af0637a8f6ae1e794a8f2a061ba5d9,Speedway2
0f96936aed61349cff9e5d1c2aa35b6d,Speedway2
44026cf0d02ff778a5ff3f807704346f,Speedway2
555a5e5e87ffd6ccb59f8271b2618f66,Speedway2
653cac510d00b30642ee628e1847fbb9,Speedway2
8fb9f3e7081baf7839aeaac76d9371c9,Speedway2
910f5ce86e8c75a67c6e8690150ecd7b,Speedway2
932e4674fe26ff5bfd3f678ab94446dc,Speedway2
9981d47f26a0c04e0564b95a43465708,Speedway2
9b0be513a75596ec0e32b49de10c1ed4,Speedway2
f32ae13280662c3ed6256dc3a2304bf7,Speedway2
3c867a8f7011f761ae4bf02b89738bbc,Speedway2
43d0fe8dad4d234b203e3a92ca3820b8,Speedway2
47ac21df4b794ae6bd8f6768c215390b,Speedway2
48703f58eaed87658d615ab6ab6a50f9,Speedway2
8735ee32492474d26a650c1420f0b975,Speedway2
99d28354ca1d31756b3816f322960e8a,Speedway2
b06a678c9319d912faf8cf2c40e89d72,Speedway2
b99149e3e322c67d42059290e73773ca,Speedway2
ca46ddac65fd1854e660f7370397b593,Speedway2
031a934feb8f7d1ade3c746bb039dcbc,Speedway2
1cca74f1f6200d13712eca8bcad09546,Speedway2
34bf9c5ba2a75c7fe87c870485dc9657,Speedway2
6f9dd0f4cb5b8d0bfc012f17ddfd633a,Speedway2
7f3368e82589cc4026a64391fd10c539,Speedway2
8e40afe2bc1b0726a4c76f326b93dc20,Speedway2
9c2ac8f9e81518bfccd1c9a445475b5d,Speedway2
a5a645cb093a7120c467713dbae7093f,Speedway2
dc8bbc9f3c7e8300ed49148e4ba9c234,Speedway2
fa808f36e60a3eb7e0dcf20219c7879d,Speedway2
39c7d2babfba3a2fc12a04ffaaee6a39,Speedway2
6081aaed5096d4c554f0611954d0af48,Speedway2
666e7d4b7bc1a8088bee35e972e5ddf8,Speedway2
683852e05960d7c7980ab5e7702f435d,Speedway2
6c1eb70428549f1284867e7ace73d4b9,Speedway2
7dde2bdaa0e0f57e02894270147b183b,Speedway2
83251d3d5b30fe7e435e635871847e64,Speedway2
b41ffc1b8143857597912408d14bdf46,Speedway2
2a22845fc7e0594646d917e33e91f829,Speedway2
552624657d6c370d8f7246fae800e180,Speedway2
8c08fa432b293e00b7ba9db5ef82070b,Speedway2
ca98056b7daa1d3c02f2b6c481dd5a08,Speedway2
de192b25f7f24e77581e14ec3e7f68f7,Speedway2
ebedac614c44577ea0d87772950b6818,Speedway2
f0fa680a9ece65ba8a7b8a7bebfe1353,Speedway2
138d88d1e9661a0d1cbcae3d26b9007e,Speedway2
2350977143f5b8abf65fa21a39857947,Speedway2
58db47e2bfb8a6e32577f2ae690a6a51,Speedway2
956a5c414c9312674005eb3e366cfd32,Speedway2
983273b22c83e9357ff32d411dbc8893,Speedway2
a1b760f3488cc6181705e57972ef78ca,Speedway2
a701b3510823862178d3f506904c4b63,Speedway2
af4256f465f5c79d2a009867f6351923,Speedway2
c2564f7dfd862ebb81ec7cf7e83fc532,Speedway2
fc2cc498773362e8897a3e95dc9e0e68,Speedway2
251ff4e22cf203e48fe8568b8d37cccf,Speedway2
2b9b4668c008917fecfbf03627c4a5e8,Speedway2
3aea86fc5cb7fc7b53cdacf15e55bb46,Speedway2
654bd4e78c435cfa084ec02290f47b2c,Speedway2
7ac0b7e7992604d6116efd7a7d79a7c9,Speedway2
8206cb16489be644cf2df39aa0d8aa60,Speedway2
a2569d5de948e915d116e85dec21a5ba,Speedway2
d9d0fc749c950aa52ba44f50ff3d0120,Speedway2
1b7c37741c41f0183cc6401f0534c97d,Speedway2
265513dfea9f649805852bb2142371ca,Speedway2
4d5a45c29b65a7e10f1787fed8539334,Speedway2
4d5c90b6dc01fb26f1e654a96f137049,Speedway2
63056295627d81fd9caa86d79ea4fedf,Speedway2
71b9407ea3d406b696c172e29fbec13f,Speedway2
76f7331dc484541b68f23619451a5f26,Speedway2
8bd9aab0146a5824260a5a5067dd0441,Speedway2
a046672f9526ee7220b5fab7e2f8611d,Speedway2
a6acefcd1f712e2e49b474088a18e272,Speedway2
c52976ee1afca91fad88d12650b9b9e4,Speedway2
14864654c138f26e76861dcb95b108d7,Speedway2
2b444deb22ea33f94821a295e40b0d90,Speedway2
365dfa7a51fe93f9444c7d24613ed13a,Speedway2
41106b52505e9bd598a87b88ea702d4d,Speedway2
7d09d5317a5f2735f554ae0d2e9bcbfa,Speedway2
b4f93a6cdfbc81d30df1de89d548daa0,Speedway2
c5738becd1a9830175d824e557cfa0fd,Speedway2
cd2950968f291d7e15de3fcef1891342,Speedway2
edeef8319fb2c56d609128fb8ef911ce,Speedway2
7cb4da9c7c5784853b2e384eea4186ac,Speedway2
9eda16a97baf33b1e5630b9a18780c90,Speedway2
a19f7272c14260a01dd0567fc69d128e,Speedway2
f236f2397e4e885903818252d58d140c,Speedway2
fbfa9136af57058e6e477783bb2463e5,Speedway2
03d344726ad69e1e229b97d40d647a1a,Speedway2
04d518edef06dc76e1c2df907e33bd60,Speedway2
0cbb71597c8fc6318c7f39a7f5d1b618,Speedway2
2f76f8394310365a93b432d12c7bd2a0,Speedway2
3afa998c96bd3f3058a6658044892be3,Speedway2
3dec04a43e3853f1bb44750ed0c98474,Speedway2
70fdffddf420feb4ec8e0fa4d92cc53c,Speedway2
799cbbc9c93971d3e1f96755c0907878,Speedway2
7ee5065603b0d830dd21d9fcd7679bae,Speedway2
9972cdfbdd98d57c1f6a4df711218554,Speedway2
a8e9714b7d0220d97445db8693d19717,Speedway2
ad43e55609e895d25429e5449ee3ed78,Speedway2
adc63778f334d681f56b987532846c45,Speedway2
21cb7db8d3ba2f38b5246348aef448e5,Speedway2
50a1b9e4fbf71b3a52a65086428b1104,Speedway2
8bc731063d709aba7cd2157397332247,Speedway2
afc88ed9bea217295f22100454be003a,Speedway2
effc832171c5103c4845ec2e45e723f7,Speedway2
17ad2b1e47ec16d1532262fd393a6504,Speedway2
3428336a78e5f7e111476cf52b7c8a9f,Speedway2
34dfa333530ddbf8de61a4d1b226cd14,Speedway2
413ed13e46524b8e0e3ca2f081a2e8fc,Speedway2
526990273004d65e9ffc31c58eb78f69,Speedway2
82bd0af0b5c07334fa672570778c09b9,Speedway2
873b02fa05d6976d9e4500f99eabd5d1,Speedway2
95b460748bfd8f9f3f8c3ccc3c127d26,Speedway2
a404f179964ed92eb1ae4f73155508cc,Speedway2
a68fd4f4ef6e93ec97a7c1ea481389e3,Speedway2
aa3f3a5ce4da99babcb787388cfbb9ab,Speedway2
423fbdbfaa9df9be5645ea466dee21f6,Speedway2
44582a4cc9dfbbfa75d5da59d8b678b7,Speedway2
4a74eef9f85ff0c8016d88b4e7323128,Speedway2
54b9fc48916db94f545cd1aa26383d5e,Speedway2
5a39157282f5f2f9905976f71ddfbb97,Speedway2
b0b4c2db6653a5e3dd2522e4db4d434e,Speedway2
cbfca0954f769148d8ae797c9191bdeb,Speedway2
e17ebec44a54cc3f03732564f0498c7a,Speedway2
f13da289b02a369d2c6849112de30840,Speedway2
fe26071d84d77f7789e466c631d131a3,Speedway2
fff2af6dfedb8d8a8a8d3cd0f1ca387f,Speedway2
07f34b5f170ec259476b0857e6a3db06,Speedway2
1553c73b8ee0dd02eb4417b754ea74f8,Speedway2
1d6cc24025d807bfdf814a62e93bb88a,Speedway2
267877a83f22d3d83984acfd3133aca9,Speedway2
55db2a23e0e5397d7e99e34af93a2962,Speedway2
8799215b43b13271cdd9f8513a122ab2,Speedway2
adbc2b781ea237e360218484a2cbd736,Speedway2
de981766732b08913dfa6e94c849e622,Speedway2
ff49a8b7052c2a4f10dbed1133e1069c,Speedway2
35b33121a3e233907b0865292d190e99,Speedway2
496820da2f4709d8d1df48caee709570,Speedway2
6037784ab7235e0ce5d69ada09457dd8,Speedway2
6d7cdf69bddcfb91266b6e964b555688,Speedway2
78d711f2fb852d4d09a750184cce6d74,Speedway2
8d7aa416fa135c8feebc847348bc75ff,Speedway2
c4e99899a9e991e8bf7480aa12eb63a3,Speedway2
e612c6a7de7e4a1621bb4679175a2780,Speedway2
1f5470ed4434170c45afd035ccf06008,Speedway2
222d0c2dd76855d1e43499d539ecfbdd,Speedway2
2e5853d115067459622c17686994ea04,Speedway2
4a93b63a759893be2da43165e1deada7,Speedway2
52688acb9b98a340df795c64fff0cafc,Speedway2
70c8e4a0d6029c18cf71c332337117cb,Speedway2
93270f10504325201288a94044ebbf40,Speedway2
a3aa40ae303f032315a92963b4a45446,Speedway2
ad6b6c2ab5ff9e14ec24d2a96b44b953,Speedway2
bd1e17660712edf66b910a24ee63f435,Speedway2
ce2d20c113390d2839e7ef60160cc109,Speedway2
fa87c3baeef867e7bcf9d78c372ac3a3,Speedway2
075070e43c134f69d5cd03ccf4b8e758,Speedway2
11a4d22663dd479b4ed9cdeae2afd3e9,Speedway2
153e8d5068904150b4daa3add284bb53,Speedway2
1cc6af789e770d6b88f46cf7ad09109a,Speedway2
306c063262e760eb379e8381e847742f,Speedway2
4275beb268049c50a899770dcb17523f,Speedway2
90b1b8523702b1ace37d4603879a66f6,Speedway2
f3b71ef24c1b7f9c06ab74bdf2fba7ed,Speedway2
f99fdf290dea61b0f567bf20de5ecaa8,Speedway2
fa9574d6791eba6a314f7aebed3fe307,Speedway2
0893ef1537bb4d8d5ddbf8294cee6dc8,Speedway2
0fd52d4b00bcd2464b32dcc2c65204f9,Speedway2
41892c7d2db9e600a714d281668c03d4,Speedway2
4d0733a086335b35474ad37db5baefad,Speedway2
64bddcf42a5e5445628a8038ccf1e984,Speedway2
85152d04013a63b437b3d81cad7e5049,Speedway2
8b267ec49f7b88fe0f8acd0e707c4098,Speedway2
9d2188bf4a8db25b0a14e2b934a8b1d6,Speedway2
b4d494d4c9a6a11412c58ae9a692932c,Speedway2
cab4c4ecc0f22c68a124b56d077be193,Speedway2
2066c53438562f94446d4264a69ae460,Speedway2
2ce1aa90fcd9ffff9d0ce79b195e3300,Speedway2
3eab8d8b63c4d0517b18d7b3b2864319,Speedway2
467e323324df04ab3363c4586191fa4f,Speedway2
4a41b0d0089985ed850e8adbbcd2e6fa,Speedway2
55ae89ac40664e6862738a831e396cd6,Speedway2
7cea3ca8def118de2bdf978dec216f8f,Speedway2
b97e4a1a15b05f809a5fdae5cea2fd23,Speedway2
cb66fafbe67d82e216624c28caea85ac,Speedway2
55e263f93d9614fdaf45e956939a8cb4,Speedway2
7a115457cb5b2a5497867d1a1c44f9dc,Speedway2
8d7f19a533dfc471c169276d4c2c3bf6,Speedway2
a3ef8558d4a0a82d740c3b7a8004ba87,Speedway2
b88a53e882fd559f703d70d7fb7fe54d,Speedway2
c8ac04aaf7205cf1e3a090f7208cfcbb,Speedway2
dfedd30c4b537e23781c7058f2320712,Speedway2
e0b8968b7978cf62f55f160bfc81fdb2,Speedway2
00a44b106a7c99400279f66ef9631801,Speedway2
1e76a7930d2377cdcc597494fb99025e,Speedway2
20132c5132080fe712623c13e3765188,Speedway2
259dc917b8d89cca806d44ceaeb53269,Speedway2
28ef14142558e1ecc97b86ee07d8d960,Speedway2
2cd85408d4c615dcce3e2a09f7eb93d8,Speedway2
45e3a5e9527bc3a5ba2f2bda1126dd22,Speedway2
643ac5a3a05a03f90f2c359b2d6e79a0,Speedway2
7ab767f71c72756ab8e021ee4956289f,Speedway2
ab3cf7a7fccf361f4c05d458e7cf3913,Speedway2
b8d4c923092a6627dba36b52a3077425,Speedway2
b9d208b1d1ecff244da8ea8808a00972,Speedway2
bc0ed598d13173e0a5d03067b6023540,Speedway2
caeeec12db2a9f2e223ca1eba07d5a5b,Speedway2
cd5e638236a8f95ccf5921347cd31020,Speedway2
5cd3a96b1d15188e4a4f38a8d5856833,Speedway2
64c70bc48b0e91de579673ac14472634,Speedway2
95ef620ba8a30157b0c4c0d3b81813aa,Speedway2
0158573e0c31deaf46d7180c6681c716,Speedway2
54f91c652b1d333fd9c1bc514610eef3,Speedway2
7c54b211e3ab007a3225966b9b7b81f7,Speedway2
9abb07ac7c449a703823a97103c3d49f,Speedway2
a44d9df7a5d4ef6caeb09fd465352b38,Speedway2
b0a1786a893e81026d656d0d4042e184,Speedway2
c3f5014a825735dda70367891b51c144,Speedway2
e53915cd7a16b95ac64b73e55e94ecdf,Speedway2
e7d0fea58944720b9bf3f34fff0cce63,Speedway2
627ee06500737e4e73c1aa5bcc9c0da4,Speedway2
8ccb92d029b3c686702a67807ee17738,Speedway2
971988e5c60c467ae7774b96398e7702,Speedway2
9b1a370779619f387275fd85e1f2819c,Speedway2
a0eb01bc15caf5a393bd2ba1a938fb27,Speedway2
a76215ac38174919ba77fc056e777f7f,Speedway2
b0490f8f4fec152f89e45e4efd9e497b,Speedway2
cb9625c62e39731dd89fe1816a86a6a6,Speedway2
04bbb664d149ad52643497b1f4c51f63,Speedway2
1d57dd4bfb675a3fd125261c1888bc60,Speedway2
1dad6b50695e9b2ac516f080b3011f36,Speedway2
310c38a5e57b39ff402036cc1a2e1e61,Speedway2
98af8166e4b2a29d2d485f16bae64e8f,Speedway2
cff5b16c54061468220a1bcac6ff031a,Speedway2
d5d6f10f9fd1616088d6e400d304523d,Speedway2
e94fc532d461ca77b5f19b2d077e1a30,Speedway2
177681a469e313182fccdc293cf74e18,Speedway2
2a785d9913f822fba09841764f64f147,Speedway2
2d04c0c5b0b7842729132da85d5133fa,Speedway2
3b143c1d47d9bc5a822715699fddf179,Speedway2
464044b8371b08279618f8801effa446,Speedway2
479ac5a91e1ff9ea42f45b6d5cb987fc,Speedway2
5abcf9db2b056e46fd34509216f951b3,Speedway2
62e127310e857aecfc3c37d6c7d5f4c3,Speedway2
63bba5b337c3c6fa3413fc7a47df83b3,Speedway2
6bd34d6449733df656390337fd754fd2,Speedway2
7a8e75d5ed8245aaf0fd843a4009a090,Speedway2
fb19af6ea89821195354a3cafb86c1de,Speedway2
19ce6a893d2b45c5a3a3fb5f2b7cc602,Speedway2
2ed9f431e8363dafc7444f0285020552,Speedway2
384a1879d712e5d960cbd2f3a2e4a3f8,Speedway2
5add7aa189874fbbcab8852a2ed047ca,Speedway2
60f4627b4d5f6c17457a713d94c47c0b,Speedway2
9ab435ad03cf458c7428775872ac7244,Speedway2
d3077728f64850fe701e9924a71d3ae9,Speedway2
dac93d4470fd8ad5fd113b3a06f0d8de,Speedway2
ebfbde126bad4ca6d342164ce47dabaf,Speedway2
2afd93a9073856a281e3d66d75831bca,Speedway2
399232a18b53416f18fecdc89e399f6c,Speedway2
43cb0db1bb03d72d78e169b5c102cf5e,Speedway2
6509aa0d05978cf28827bbb1b922676a,Speedway2
6d8ed69fec5a8c90682f7ce022633dec,Speedway2
7698c7dd1b72e4c7338deead7264b1fb,Speedway2
7cacfe2ab4ebcb40d9dae71654a03ad0,Speedway2
8ce383b715787c30af9fac9e26e9184a,Speedway2
d8b3dc315e28465a1b9b882e7e07e779,Speedway2
28c1bcfb56b1159d192d50b5a50e904c,Speedway2
377fc2982cbf8a5b29ac1ee56e08b114,Speedway2
381ef6c208b81db38e9612aba127f285,Speedway2
397531306375fd862b1961b33a28ee7b,Speedway2
7244c8570c9c54953fff068ff50bceac,Speedway2
898e2bd4c335c0947d4ced36e574f4d2,Speedway2
b36bd6d04973a3639b2dba0f882fd2de,Speedway2
30402bab923eed3b9cc2c915586f79d4,Speedway2
33c54c80856c275dd248347848271e07,Speedway2
51b3b2538a4496c71ff829c4c1adab3e,Speedway2
57d2300c0cbc21041e03824c324e2a83,Speedway2
6559caa32802c436768b7f3af9a0d54c,Speedway2
7b25f2c7f222bccfd3af9bb57fc5eaa2,Speedway2
7e019e57c8f365e83612eb5e06da6b6e,Speedway2
ae4df096230bde0c53e0f889508f81e1,Speedway2
b8a926728a29ba013e18d9c8081a378f,Speedway2
dad3545dbeddb86d55e434f12d077f3c,Speedway2
e2acf74905007563797587ed0b4c3d51,Speedway2
1fe1a664f17aabd5be5c31fa3093e899,Speedway2
2b86ec79e0e0114cbeaea88f0586ef03,Speedway2
585aa4cd92d9c703ed9c7fe4cfbc7acd,Speedway2
6025d7b9ebb79450801df1c10b4f8f1f,Speedway2
71147de5d3779853f9f68dfd809609f3,Speedway2
8f26881d313ee010c880c14385ab2c0e,Speedway2
aa2d64319b4a7442085016bbb6c0ac4c,Speedway2
2476cb0bfc0b756b336979e260ef21f7,Speedway2
441aa864eb0e06a07ab21f6aea23635f,Speedway2
4d5ad61475a4d9e2e36c20fbf61dfe5a,Speedway2
6c1ffaaef508563e6b291608a2d635b0,Speedway2
745800aa77c1281092cbe841650678e1,Speedway2
749621f44b00d5af12e8f1cb3ca7833f,Speedway2
79481efb48f07d7b7d63f30e69b934eb,Speedway2
94153030812fa9a99a54116e58602e0a,Speedway2
b8c458057af78b3f001e1a5ec82c5ef6,Speedway2
bb85d2c68df3521513809f5d2e896a1a,Speedway2
de70edc65e78659cb7a33a9afe126ae5,Speedway2
df22bac810b1deef5879b892c42a7e82,Speedway2
f04815801cd603999d7d9f5ddcbe00b5,Speedway2
55a6a938c9c644f52e6fc629b99308e2,Speedway2
fb6c82d7cd04f09209dcb3dece62c0fc,Speedway2
0ce0e4d6ace916f5b020fae26ff56d0d,Speedway2
211162da9b47505f1877741992c7a0c1,Speedway2
377528b144dfe0a7ad220ee4ca6a9b91,Speedway2
44f765892ed6bd56eaa2b08cdf1e93be,Speedway2
62d836fe4024b9dcdedfb3b5fbc3c63f,Speedway2
8f85a288440dbdad52890c56dfcf6179,Speedway2
93fae5188ec1b924bd85fec7a3118a57,Speedway2
aa068ae9d442a07b5d46fcb3b5f822d1,Speedway2
c61810fe889780fda7a19a7cf9327fce,Speedway2
df93bab7230680a029e167b6e473d2a1,Speedway2
ef6202ca2f0855c955a28b4e925330f9,Speedway2
fa41f7f5da57253fff2dd4ab6f0a52f5,Speedway2
09bb38b38cecc0a9c6f228b3bc0ad010,Speedway2
25aeab63fc1b2f7e8edec7e9ff96af8e,Speedway2
3a7db686bb6a28a6aff5e589e217515d,Speedway2
3be0eb8c9b2a8ee3340ba3318aaf823c,Speedway2
54aeb471195ca197f5d415d65bc290ca,Speedway2
5cae92f66622c5aa33c6beb483b59c95,Speedway2
b7322a80a3509ee636cf774c307d8715,Speedway2
b8b2da11d766ed6e4dace1bc00607e1a,Speedway2
175ddc39d1ef5a84a2bd3d6b9a1cd64a,Speedway2
27fdb60215c8f353cc4545e7bbd1472d,Speedway2
65aa64875bfc16734729016adde438c8,Speedway2
a1ae75ee643d8e5d91191ab868561777,Speedway2
a3c8dc3ec42551ca720d48552424aee7,Speedway2
b5891d9532f89da924dfa5062851b921,Speedway2
bb9773b32cb2e3978ff14a8c0f984e9b,Speedway2
cb41e9c1898a782053256180b7d932b9,Speedway2
00c5e228d26dd78c6f31d1ce3115880a,Speedway2
15e6cccc36aab2bded6ef6e05c619315,Speedway2
6e2f4f1056b84f6b927953ae0f3c62ff,Speedway2
89320b14f661a23413579c1feda83ca1,Speedway2
a032f188c1f5094a1141d135b4401b35,Speedway2
eb204823843acf9a9b88a1c8ed761336,Speedway2
ed0378eeb5240ace09c7d8ad09058af0,Speedway2
f8112a786c23f65701eb8e06cf22ac5d,Speedway2
0a28f2e7d57a43db99487d1820333d97,Speedway2
2bf172adefb26f3a72eec22d8c19919a,Speedway2
58f38eeedc1f25c5acb4dae531031210,Speedway2
5e95c00cf1f1474039b60fc038299b1c,Speedway2
63b61cb6c69f9c587cceea95df972776,Speedway2
64c690f8a076b3dae0c4e49059dcb015,Speedway2
65cee3b2cdf5ea12bac21c108b282255,Speedway2
874ed9116bfad211db95706d6ee25ebf,Speedway2
8d29dfbd4b3f9cd8f102a9b9ab57c44a,Speedway2
943af8decdfad4e49848ded41f8617a8,Speedway2
be82273152c9853dbc875d7bee123b4f,Speedway2
c78cf6fd1fea405b128d6a27930c1366,Speedway2
ea56a334e9362353e55a16b221d20263,Speedway2
ed11e773c337f8518d18ee7b3307d060,Speedway2
0664ac8e9643bdbdf08fca63e7a33702,Speedway2
2a5f4e219e399991f32fb543f5ba1ad8,Speedway2
32aa1d5e140379e9ed10fb16a19f889a,Speedway2
4985481bc4929a5087ce1b7fb2b1b816,Speedway2
6dd7abfbde9dfa18ffec7efff2cb8cf6,Speedway2
6f930620ad6844155b44f80617caa55b,Speedway2
7709cd92e1604371318660453854ced3,Speedway2
b132df0734ad2ac76c3815ef44640e24,Speedway2
bcb449439bbdd73dfe694608582f42f0,Speedway2
d67297a231eb7322012536250f9393ac,Speedway2
e7d48dee970da9a3956e7a2f5617e4da,Speedway2
e8ed3c8174c508642518859035715f81,Speedway2
fe9251df063e98542d7e9aec01bd345f,Speedway2
1908aad6fd4e005b279e5ae428c19c2d,Speedway2
772add819190fa3204b7d2b8de524b26,Speedway2
81d5dc5ea13d383dbadc304a7fe8f1e7,Speedway2
a6b1e458a0d8e297b6c06716003d29d9,Speedway2
c274167b5d660763c06522fb60c943ef,Speedway2
daf08f3cbbadfd43834e25dca7493a03,Speedway2
e757582b99dd939d559466d13cef07af,Speedway2
060fade3e07242f3492537acfa6c865f,Speedway2
2c07d86b8d581d77626707c1e149355a,Speedway2
457cfd64e5cc62d6a885cc5ee3a39387,Speedway2
7e54004dea0f974fe7ea727bb14f4dbe,Speedway2
b99eddcc916970ecedd15e5b48a77530,Speedway2
d48e91e127b4b9113348d1d2304ae254,Speedway2
d6b096eb62aea8f3546480a51db61258,Speedway2
ebad0ff022a3ce7c73682875ff4bf0a7,Speedway2
1e1d2146497ef1c5ab7976ec43380296,Speedway2
32136fd4e65020eea23c98e7644da07f,Speedway2
4e01189b3417e02a3a7a74c33f1b632f,Speedway2
58104b29b32bdf1d52eb426c010599b5,Speedway2
5bef35b256ba6ab7d938c74f897df76a,Speedway2
5c010269204f7d474327e921a640ea6f,Speedway2
6c1f060d79353dc17eb60164c2e81e5e,Speedway2
95d2dbe1b03265f241f2af03a9d3de54,Speedway2
a057d72ed3bad1d960d6c48c09dc0784,Speedway2
cc1b70579363df0fb646aa4170aabf42,Speedway2
ce567b2c621c4eb2f21d8bd8d5a89029,Speedway2
d475580cdc5c41820de1fd6882c4b75a,Speedway2
ea991f58ee3d0a75079d418bd668ab5a,Speedway2
f81fcf994e36643d138d691450844037,Speedway2
047576c558923a526043ee43c787c079,Speedway2
1e7b116aa40603b2915070842cb851fc,Speedway2
27605652f9f945a8f7116ce791ebcd3a,Speedway2
4202e042288733fb58e3472522976303,Speedway2
5b842c49f3aaa228c447c59872ffbc2f,Speedway2
5c57f6ac7e8de5de4eecd636964280fe,Speedway2
717d7ca4f8fd88a4cb3d1c09cfb9048c,Speedway2
71fb98eeafd1aa3f6eef73ed0d87467e,Speedway2
8e2a688bfd82539c4f0a199e34672ff6,Speedway2
95397ed3dd8d808c9a60daf6fd263f5a,Speedway2
9a488a4c13ad7c060e3dd946d4688fe9,Speedway2
a2f92df6c618c44f33b9c04badb53380,Speedway2
a8e3d0dffae6b4292019a346dfb02a3d,Speedway2
abb8d0c94fc595ee8b9062f91df003db,Speedway2
b47712883cdff135267e61b6c64e6687,Speedway2
c8e77fcbc254f23c8b7b7806e3e59e84,Speedway2
dc10b18ac7d1596538805b20c52de066,Speedway2
e5dbf033853d2cfd5b2efce6e8dc1c25,Speedway2
0962a9b4197d17e886876933c91ca468,Speedway2
66a30d6405e918730ceb3d9f95641682,Speedway2
75cb2241751a1d37a2677c0010340359,Speedway2
8fb09d4f85df838f3058f8f0fce7b162,Speedway2
a0a6afdab95f12d82d281e8c93723db0,Speedway2
c6b6a1ed0a1ed39ae5c95c1640399036,Speedway2
d2d53e4f22e55e65a341a9a9c349b7dc,Speedway2
dc2fdcc0defb93bfc3727ebc4faba0d6,Speedway2
e0431fa406bff9318ca664a056a9d0fe,Speedway2
f4974ab40bdeccb1796768b542b61a95,Speedway2
113fc86aee040cf8e06ecad7d4e6f098,Speedway2
19ade87014fe36de9a5b954bc2bb4a79,Speedway2
35be44b787298e7955448fb8aa57e494,Speedway2
371ef4e91d6b3d5380a2c390b5884d0b,Speedway2
49278a77a3f5d6c0042195650efe4e09,Speedway2
57c6baaf43fba1bef568b53f3e7769c9,Speedway2
99444dce5cab81f48b5616329ca57086,Speedway2
ac6b3a5e17ba03c57df7634b6c7f79f4,Speedway2
b5aed2f0760622490148f1874ccd7de6,Speedway2
cfeb9da0c91f15b3fd6aa6c6fc154973,Speedway2
d552a0646d4a3ca72675a4d701a14b95,Speedway2
d66d6122b063d4349af0d613ef9c0b89,Speedway2
e08d2d535368e8c161dde102606c56a2,Speedway2
e6ba1037a2d280bfe2ec8041918ac0dc,Speedway2
fb7ccbdd74de5f7f2abd187583bb9ed7,Speedway2
07d569eb7644fdf058c71e5a741f1394,Speedway2
1fcee093b57bcea6a1e87a6e51300909,Speedway2
3240348be64017330f18e46e8f5c4490,Speedway2
3df3a5c073215a78fb7a85771163a146,Speedway2
59cd9a6581f4de080e3eb3a0e05e5c21,Speedway2
5a3780969e9a7698178d5d5e53e85801,Speedway2
6565a7d3dafc007e0a893184a0ef6833,Speedway2
7d33dd0e3eee4a627262c96d5058d61b,Speedway2
98c2f083aee67ef808809f1a39c2cbfe,Speedway2
b0a7a18e3d88631723f0fec1cc518c7f,Speedway2
be171f096891fa86eb90fa7b5aa0baed,Speedway2
c85944d6a55d4b08487c4ac3db637ed4,Speedway2
d49df1738660f943673f64faa0523e33,Speedway2
1101e6cad71c2abf6f964f11f496f2a0,Speedway2
33eb0c7d392e3e7cc3455ee31f606937,Speedway2
3cccd3415818d353388636abf8a67186,Speedway2
44cb36a4515a84d98ad9531a9cd36459,Speedway2
509eaf07aeefec036368a85904b0a400,Speedway2
96ce8c7d671af8e8e8e79c570c4573db,Speedway2
c0b34dfc704ee834481ff61ead7525d3,Speedway2
1c96f46da950db0e80d166888bbdb88a,Speedway2
219463548bcaa84fb53dca63806157ea,Speedway2
6be4aa483a09f77cdb1e764135e22054,Speedway2
740ce2d15025e8b4d057ca10f0567a9b,Speedway2
8ddddae13d5ba3fbaa7d86253873a8db,Speedway2
90a0ad355302a2131ba5332a952039c4,Speedway2
a5ce34250bfa9460fce34a580316e42b,Speedway2
998b1eb80819e6f10785aa2945b214aa,Speedway2
a7f20c9fcf432621e0110dbd62064571,Speedway2
b9d41912678eb993e3a19cd0e30fb9bc,Speedway2
e7407c99079f63412c09489a23ddced3,Speedway2
f38fab5a18ef6a4ae095d7b776586a81,Speedway2
13d1f691c08fd059d9ae8cd96626ee3e,Speedway2
1cca21c95aa3cda3daadee512f6b05ab,Speedway2
3100c70100ae959b40863b6d15cafe77,Speedway2
3201301040810926c87ddf44aed413be,Speedway2
54d51687597882958ef203432949c203,Speedway2
6e89d9d0c56bdcb01a795da71da81e98,Speedway2
89f6fc7ed71401a3c9070fc28ecd93ab,Speedway2
9d0e6c509216c227ed0afbc5aaa2a803,Speedway2
aaaab423d5c77bc83d46a228937ce0fa,Speedway2
d78bbd7935247f60647cc2d28b9cc470,Speedway2
e00241b5b1fdc1d3fda6d9a8e1e6af17,Speedway2
f705a752d47caa700a670897c1d5404c,Speedway2
f9dbe6b5cb71314c94deabc6fefcb1b9,Speedway2
7aa153766a226fabcfcd545076ad4a35,Speedway2
82703095ae0025d885f263d55ce7bba7,Speedway2
94e1897d267fbbf214056eda2f992ea1,Speedway2
b9da7000164f587facd924bcc82385ff,Speedway2
be4a9abf94cc99fac39f6962976c2bbe,Speedway2
fc40c449dddb804b469d3028998a4779,Speedway2
282452261867e788fd0d9ef5d11a0a60,Speedway2
2abfc7c9a76d476ee9084b318117aa25,Speedway2
3a5c1f4c6cdfd1e5a0c65d47ef37f820,Speedway2
41321ac6888e2956bfaf23a688a19546,Speedway2
7d6439bb4ea16d09c91bf48e56a3294f,Speedway2
915ac0e53ff5c8df5573e17082c4fd94,Speedway2
cd6423f56372c2b4733e071c397a9146,Speedway2
f2d47d21d0825a3388deaa9fc78fba54,Speedway2
181cfe99e51ae7432d0bbfb9d1d9ef04,Speedway2
834d040b37edb65f23c19109acdc2dd5,Speedway2
9ee65f50c62da51d0d602189593f64e3,Speedway2
a2a49143f044aa70ff813961ca3dcaec,Speedway2
e9ae33a77677f7b8cd6130cf1ae0395c,Speedway2
34cae2b4b048e405aaba671282b85512,Speedway2
3ec787d33c13e148f461ad77d9691eb2,Speedway2
67f1ed189cc6b0c9690fe7fef9c16ef4,Speedway2
6d60613d99ac27d23b7185f129ae58d2,Speedway2
8036a3cc5fb65532cf98ca8d6710961e,Speedway2
9babf6c20f05c7266fa33887e340d0f7,Speedway2
ad86d3f316e9f2c9b43f2b96cfed9e71,Speedway2
bbd98f011f2644b2b454ea2b59c039f6,Speedway2
cb75b716180cd515be805ec8e4f7eeb0,Speedway2
fbf8d8ff7d50fe3a4c2130ea0b004f03,Speedway2
2ee4f8faa2902f6188713d2d1eda138e,Speedway2
356f710419c6027fab74b3c8097b4e6d,Speedway2
8ab16919db61ccf06099ffcf9dcdb1ae,Speedway2
99deb70a6689a8a5082e89fee8d62293,Speedway2
b2f98b525a6eebc180d8dd8872d76155,Speedway2
b9f94e0bc8382a7995a4f0d896048201,Speedway2
c4f32a5e3b753bca94407c36352cb798,Speedway2
ca3dcc2a2b9f087c919996b42dd95fd8,Speedway2
ca7486e572ff0fbe24e54105d1a521ef,Speedway2
e944ba02088c98a96f781f555fe056b8,Speedway2
039cd7b6604468acba51c710c193f7eb,Speedway2
07a8b6d82fa211bd85ba0934db947e0f,Speedway2
2f9abda68f9562b49318f1389bc938c9,Speedway2
3aa0f0b16c9c965837ee577b332402cc,Speedway2
65e430844e24ebf1456d8c40d0e28771,Speedway2
6e7aa1fed74cc5415051be89b07f79f0,Speedway2
8bcbe9eba3c619027bfcc811531c8ac1,Speedway2
9c3bf1153f074dcdec9ead8d3a9ddd1b,Speedway2
b1156a9000b473b80e903c5988236da1,Speedway2
bfc59f23711b154e2a4667b03b43d4e6,Speedway2
156712043b3aa196a8f72fa9e4e572b6,Speedway2
2a59e0e48a165eb3d5be3b6bd27eaa21,Speedway2
7ec722af3cca219a636b9d5dc0582dff,Speedway2
8f0273ce7832ffb721f4d82294171967,Speedway2
b5ab0623b56125734611daa70f83b998,Speedway2
d35502e3597076a5efed2773eaf234be,Speedway2
055e859971cf7dd10b27ce32d44e6e35,Speedway2
0f67c42c4e6aa261f642fbdad258f6de,Speedway2
2b8787c467d951035a7193155babe7f0,Speedway2
6157a16a2cb85c72f2a104d8064e3a36,Speedway2
667227ac861af4cc99a84a2c175eff6c,Speedway2
770fa9207c6d5308d008443f580fda3b,Speedway2
7ed74345c1721002480b867dec190739,Speedway2
8bcd5ad3194342064d6cbf59f9d694e4,Speedway2
9cf166c415a60e6cf010cfbbab0a5ee5,Speedway2
b1220dd59a7851fc00eeb973bf955ffd,Speedway2
b3c62ef8503425f5706d975b89b41ec5,Speedway2
c1a020664ff487c476296a0116d9e8b6,Speedway2
d9ec7a02f2e62bd1326fcb6ae4f6f52c,Speedway2
0e3bf73ad5eaef995f4a8a784b9ea569,Speedway2
23fc1d64aa2d6145583d81c40a8c696f,Speedway2
2cd008b836f5581434428747950591dc,Speedway2
431ca8581a44af67a82145fbe62c6a2a,Speedway2
88f0c1d402264c864d55744dbcebc68d,Speedway2
926a96769c704dd33949033dd1cfeb03,Speedway2
964c2d72f93193fab73239225813d471,Speedway2
b3029bb046534eeb7d243f1661933cc1,Speedway2
b6c647c8204eb323eb398d2d154810c6,Speedway2
c45cf1dc6d3a44bbabad56f13d505c85,Speedway2
1d2581f401618026f7038aaa15c403af,Speedway2
23cbff84ada707b7d45a85a23872427e,Speedway2
66a652c1860373ec6be8438733dccfc3,Speedway2
8b6a653b118580422a554efcd4392c20,Speedway2
987888311ac4143bc2f04eaa929db3a0,Speedway2
d6482798261f28270afc473b6ab7e819,Speedway2
491e493b4267b7b8c5b044909deb5e41,Speedway2
5ae2e0e1742b39671c9eb87c0353e5a7,Speedway2
64ba1140b3a94ca547adccab3e6cdf4e,Speedway2
8390b714d31bc51107cbac47fd738875,Speedway2
8d3d4f9ae02b07979109d21889d3f60d,Speedway2
97230fcc7b7f4cd553fa0b5173cb489b,Speedway2
a449db0345524a4decc171c8ba6a14ab,Speedway2
a98263245ff555df97c145b8d013df9f,Speedway2
b1bc6648be58672f9b94d85ee1ac52c0,Speedway2
be872d092b68a131d1ed300a6d2960eb,Speedway2
bf5b0f0437ee7f66b0ccba0c5465add3,Speedway2
c179584f480e0af1f40ea2b28325746a,Speedway2
e499ac55007303e93f29d5050fb8f07d,Speedway2
12e6eb4f215359d9a54b9e8a787936c6,Speedway2
379a55d9d62e2e6f8f1c9da55681ecc1,Speedway2
7cbf4785fbcf0936aa73131038325603,Speedway2
858afe0623689d56d3aba129a4d9d444,Speedway2
906741b2fa9597520ad7fb62164d3ff3,Speedway2
a8b24c0194640e57ae6b124cd55e17a2,Speedway2
cb0e5d0887afd946dfa4e6380ac14254,Speedway2
da0df67c2a6571c74421bffd8948f2cd,Speedway2
e4144ba5c42116f20147357c262b47c6,Speedway2
